tree
version=v4
num_class=1
num_tree_per_iteration=1
label_index=0
max_feature_idx=23
objective=regression
feature_names=ret_1 ret_3 ret_6 ret_12 rv_12 rv_36 rvol vwap_dist session_pos tod dow gap prior_ret prior_range_atr dist_ma5 xs_rank_ret12 xs_rank_vwap spy_from_open spy_vwap_dist spy_prior_ret qqq_from_open qqq_vwap_dist qqq_prior_ret resid_12
feature_infos=[-0.031516868992455871:0.072603641149374898] [-0.066707566462167689:0.070828505214368453] [-0.066748362884387125:0.13163010274923637] [-0.076397952012850046:0.1352394740016889] [0.00013561278045815875:0.030396354370130656] [0.00022188141331431447:0.030396354370130656] [0.033580010017566012:23.043985951575827] [-1.6255799960182848:2.8436321049799318] [0:1] [0.076923076923076927:0.82051282051282048] [0:4] [-6.463315457599152:11.39539170506913] [-0.26363045295519982:0.24361493123772093] [0.24135297326786445:3.6175905281771343] [-0.2460895975702353:0.31439283279774077] [0.125:1] [0.125:1] [-0.038975223714718288:0.090608787289234716] [-1.5461791173098252:1.5488443953974635] [-0.059779778290305785:0.094202460782536912] [-0.043461945212021957:0.10599533081421919] [-1.5045934428370884:1.489242662945965] [-0.060974527380846744:0.11743225062463969] [-0.073884558754429897:0.081355003515127811]
tree_sizes=1601 1596 1609 1605 1583 1594 1598 1611 1590 1605 1611 1611 1592 1606 1605 1621 1624 1594 1605 1598 1596 1590 1601 1585 1601 1620 1582 1595 1606 1585 1598 1601 1593 1600 1595 1612 1585 1597 1619 1588 1600 1599 1565 1597 1585 1584 1589 1618 1605 1611 1608 1575 1589 1589 1589 1575 1581 1581 1569 1574 1566 1593 1594 1589 1579 1576 1586 1571 1585 1573 1579 1594 1579 1577 1597 1574 1558 1584 1596 1579

Tree=0
num_leaves=15
num_cat=0
split_feature=19 19 13 19 10 13 4 19 11 21 9 21 19 18
split_gain=9.05344 11.9113 17.2435 7.6536 8.31032 6.78269 9.7295 8.58015 13.2987 6.78215 6.67307 6.50164 8.70674 6.05662
threshold=-0.0031689393508829151 -0.0017476816039254104 1.6815951236703517 -0.001678312209055066 1.5000000000000002 1.3260006947528837 0.0024786444403614811 -0.0040816337114733528 -0.60076128894494452 -0.12930118844372221 0.37820512820512825 -0.3048329213122668 -0.019340890612886571 -0.31633882926644019
decision_type=2 2 2 2 2 2 2 2 2 2 2 2 2 2
left_child=5 2 -2 10 -5 7 -7 11 -9 -6 -3 12 -1 -8
right_child=1 3 -4 4 9 6 13 8 -10 -11 -12 -13 -14 -15
leaf_value=0.0077253172547792539 -0.00076027797883079242 -0.00041936873792531269 -0.0076355072558693306 0.00039223732875189228 -0.00077097197807472382 0.00052968111989303609 0.0077709436309676069 0.0074501703904529745 0.0011112761881264094 1.3599489678987263e-05 0.006286662035589129 2.5439287889331499e-05 0.0010502442697514652 0.0023706092573072325
leaf_weight=517 28654 620 941 107396 37141 14015 563 897 10534 106605 922 86217 8595 6573
leaf_count=517 28654 620 941 107396 37141 14015 563 897 10534 106605 922 86217 8595 6573
internal_value=0.000128021 -3.01034e-05 -0.000979137 8.10538e-05 5.94848e-05 0.000476975 0.00129496 0.000314909 0.00160929 -0.000189122 0.00359172 0.000159684 0.00142977 0.00279768
internal_weight=410190 282279 29595 252684 251142 127911 21151 106760 11431 143746 1542 95329 9112 7136
internal_count=410190 282279 29595 252684 251142 127911 21151 106760 11431 143746 1542 95329 9112 7136
is_linear=0
shrinkage=1


Tree=1
num_leaves=15
num_cat=0
split_feature=20 22 21 10 10 18 18 22 21 20 13 21 11 22
split_gain=8.5152 15.5045 18.4775 11.0616 6.14402 5.18271 5.02586 4.66256 9.64648 8.94533 7.13939 5.91584 4.61114 6.72072
threshold=-0.0024356030110788125 -0.026534696288983469 -0.20215013170804366 2.5000000000000004 2.5000000000000004 0.12689097583713721 -0.51865779980633353 -0.026534696288983469 0.39434596451107834 0.027853144365438291 1.0335918714290739 0.059280445981880633 0.38521310393701347 -0.023377291976868494
decision_type=2 2 2 2 2 2 2 2 2 2 2 2 2 2
left_child=1 2 4 5 -1 -3 -5 8 11 12 -11 -2 -9 -14
right_child=7 3 -4 6 -6 -7 -8 9 -10 10 -12 -13 13 -15
leaf_value=0.009034679785623256 0.0012880616604441307 4.4280278041615938e-05 -9.9322502974416953e-05 -0.002494663750920962 0.0036863702255906512 -0.0020520627286578271 -0.00080851453780179526 0.00026157002419630867 -0.0064215649999882652 0.0013981232808445885 0.0088508636610374319 -0.0014579714029705512 -0.0053394376983021026 -0.00025178996713188335
leaf_weight=864 3063 74968 3407 4814 1423 3068 53829 220298 739 845 518 5449 660 36114
leaf_count=864 3063 74968 3407 4814 1423 3068 53829 220298 739 845 518 5449 660 36114
internal_value=-9.17036e-06 -0.000321592 0.00223457 -0.000428097 0.00570996 -3.81631e-05 -0.000946971 0.000156997 -0.00094588 0.000196479 0.00423491 -0.00046979 0.000175051 -0.000343243
internal_weight=410059 142373 5694 136679 2287 78036 58643 267686 9251 258435 1363 8512 257072 36774
internal_count=410059 142373 5694 136679 2287 78036 58643 267686 9251 258435 1363 8512 257072 36774
is_linear=0
shrinkage=0.05


Tree=2
num_leaves=15
num_cat=0
split_feature=17 22 21 22 22 19 21 20 20 22 17 7 22 19
split_gain=7.79465 10.0625 11.933 11.6793 9.1924 9.07477 13.6639 7.25341 6.91202 8.74946 7.71878 6.5146 6.44037 8.87345
threshold=0.0031394545230130082 -0.029506454416010127 0.073339216839550692 0.0092420802283824672 0.0090451555060858686 -0.019340890612886571 -0.20215013170804366 0.027853144365438291 -0.012571112126123938 0.012286657844000961 -0.0087495576860018281 0.36252702715982704 -0.0051170110566151053 0.0017726635021168005
decision_type=2 2 2 2 2 2 2 2 2 2 2 2 2 2
left_child=5 2 -2 4 7 6 -1 -3 -7 10 12 -4 -10 -14
right_child=1 3 11 -5 -6 8 -8 -9 9 -11 -12 -13 13 -15
leaf_value=0.0050940438483629367 0.0027377833633019416 0.00064972895688882883 -0.0027070422191414266 -0.00044262909480408406 0.0062319574691332286 -0.00093043475004096668 0.00043024209719206175 0.0046200610419337828 0.004221564743048101 0.00055577233176743064 -0.00027132920616730166 -0.0090146535781452219 -0.00156350236442523 0.0039007433730120378
leaf_weight=1966 913 76251 2248 27009 760 27743 7792 1167 1699 42562 216761 500 2050 1164
leaf_count=1966 913 76251 2248 27009 760 27743 7792 1167 1699 42562 216761 500 2050 1164
internal_value=1.31267e-06 0.00036403 -0.00221249 0.000453725 0.0007634 -0.000129534 0.00137031 0.000709637 -0.000179664 -0.000100835 -0.000226907 -0.00385758 0.00173266 0.000416057
internal_weight=410585 108848 3661 105187 78178 301737 9758 77418 291979 264236 221674 2748 4913 3214
internal_count=410585 108848 3661 105187 78178 301737 9758 77418 291979 264236 221674 2748 4913 3214
is_linear=0
shrinkage=0.05


Tree=3
num_leaves=15
num_cat=0
split_feature=17 10 22 21 22 22 20 11 22 22 21 13 13 22
split_gain=7.51853 11.4159 7.64371 11.223 9.44396 8.0046 7.96969 6.75356 8.6258 6.42907 17.0336 7.6215 5.64912 5.49977
threshold=0.0031394545230130082 2.5000000000000004 -0.029506454416010127 0.14072066677385101 0.0092420802283824672 0.0090451555060858686 0.027853144365438291 0.33895810764962914 0.021306054382222109 -0.020017855619632815 -0.19781117049292118 0.91395331725450546 1.0150225761482494 0.035940183515538189
decision_type=2 2 2 2 2 2 2 2 2 2 2 2 2 2
left_child=1 7 3 -2 5 6 -4 8 9 10 12 -12 -1 -3
right_child=2 13 4 -5 -6 -7 -8 -9 -10 -11 11 -13 -14 -15
leaf_value=0.0035877661063795398 0.0013464069167222709 -0.00055426971198064016 0.00059402217362397678 -0.0042533048611439915 -0.00037800861638493207 0.0058402781154949911 0.0047627702256596832 -0.00056803536251774981 0.0022531897609745547 9.3487735932902178e-05 -0.0015673764892412401 0.0017379592308476148 0.0093047833052166563 0.0026426376811864273
leaf_weight=1135 1546 116941 76321 2122 27002 751 1163 30374 5182 138324 2969 4224 699 1360
leaf_count=1135 1546 116941 76321 2122 27002 751 1163 30374 5182 138324 2969 4224 699 1360
internal_value=-6.02171e-06 -0.00013475 0.000350013 -0.0018934 0.000428223 0.000706487 0.000656654 0.000112804 0.000248383 0.000177863 0.00147063 0.000373613 0.0057706 -0.000517496
internal_weight=410113 301208 108905 3668 105237 78235 77484 182907 152533 147351 9027 7193 1834 118301
internal_count=410113 301208 108905 3668 105237 78235 77484 182907 152533 147351 9027 7193 1834 118301
is_linear=0
shrinkage=0.05


Tree=4
num_leaves=15
num_cat=0
split_feature=19 22 22 10 9 19 13 22 9 13 20 10 21 22
split_gain=8.1024 18.6336 14.3936 11.5893 21.3699 11.5023 16.7236 8.83906 8.20072 6.97222 10.518 25.4438 8.34525 9.42072
threshold=-0.0031689393508829151 -0.013009787692178419 -0.001994881236451806 2.5000000000000004 0.26282051282051283 -0.0017476816039254104 1.9504839045736471 -0.0072710932400419917 0.49358974358974367 1.3171897438633475 0.014510799866027548 1.5000000000000002 -0.092210221823717312 -0.020409764768525348
decision_type=2 2 2 2 2 2 2 2 2 2 2 2 2 2
left_child=2 -2 9 -4 -5 6 -3 8 -7 -1 12 -12 13 -11
right_child=1 5 3 4 -6 7 -8 -9 -10 10 11 -13 -14 -15
leaf_value=3.5451969591580937e-05 -0.006496460217237595 -0.00088876681703988717 0.0012762268316124379 0.014649161536028691 0.0027296218125340559 0.00058250181095281307 -0.0098355588799020743 -2.4787407823973792e-05 0.0088587247123458768 0.0050897165009389303 -0.0018207801808869815 0.01229220279376377 0.00013036524835123578 0.00077474313287891668
leaf_weight=99045 1147 28739 5204 504 1475 675 531 250285 537 2062 621 656 14484 3271
leaf_count=99045 1147 28739 5204 504 1475 675 531 250285 537 2062 621 656 14484 3271
internal_value=1.01895e-05 -0.000139325 0.00034124 0.00251524 0.00577109 -0.000113331 -0.0010514 -4.15183e-06 0.00425372 0.000211239 0.00103659 0.00543306 0.000753022 0.00244377
internal_weight=409236 281914 127322 7183 1979 280767 29270 251497 1212 120139 21094 1277 19817 5333
internal_count=409236 281914 127322 7183 1979 280767 29270 251497 1212 120139 21094 1277 19817 5333
is_linear=0
shrinkage=0.05


Tree=5
num_leaves=15
num_cat=0
split_feature=17 10 22 22 22 17 10 19 9 7 22 22 19 17
split_gain=6.80636 10.1331 7.51268 8.6426 8.58077 7.59067 12.0922 13.3526 6.3866 5.73728 5.19775 8.81936 5.10106 18.4186
threshold=0.0031394545230130082 2.5000000000000004 -0.026534696288983469 0.0092420802283824672 0.0090451555060858686 0.010479764971520479 1.5000000000000002 -0.015369902406364875 0.26282051282051283 0.29899927874433613 0.035940183515538189 0.029497982187397746 -0.019340890612886571 -0.012181110908816793
decision_type=2 2 2 2 2 2 2 2 2 2 2 2 2 2
left_child=1 12 9 4 5 -4 -7 -8 -9 -2 11 -3 13 -1
right_child=2 10 3 -5 -6 6 7 8 -10 -11 -12 -13 -14 -15
leaf_value=0.010717948857011678 -0.00062399993390579653 -0.00046995328682887484 0.00046100803590115461 -0.00033909235844485907 0.0059948975236122385 -0.00070845278228485326 0.0086395891111893264 0.0075165070376340092 0.0016889665317845793 -0.0046482573576207024 0.002565650486188226 -0.0044609695091808142 6.3434299309807261e-05 0.00070637915037340474
leaf_weight=501 3800 115800 66600 26976 757 2891 954 518 5011 1154 1382 1400 176925 5416
leaf_count=501 3800 115800 66600 26976 757 2891 954 518 5011 1154 1382 1400 176925 5416
internal_value=5.732e-07 -0.00012173 0.000339839 0.000430711 0.000701348 0.000648526 0.0019806 0.00317967 0.0022362 -0.00156217 -0.00048171 -0.000517665 0.000111735 0.00155574
internal_weight=410085 301424 108661 103707 76731 75974 9374 6483 5529 4954 118582 117200 182842 5917
internal_count=410085 301424 108661 103707 76731 75974 9374 6483 5529 4954 118582 117200 182842 5917
is_linear=0
shrinkage=0.05


Tree=6
num_leaves=15
num_cat=0
split_feature=20 22 21 10 19 19 22 11 21 19 22 17 3 14
split_gain=6.73728 14.8114 12.9381 7.55585 5.99848 15.7421 23.5087 6.02688 7.24763 9.60999 6.46081 5.573 4.81985 4.57324
threshold=-0.0026073344536159944 -0.026534696288983469 -0.20215013170804366 2.5000000000000004 -0.015770480814588091 -0.015369902406364875 -0.017615446075233184 -0.48496297113979497 0.097235643167142755 -0.017798949852377007 -0.029506454416010127 0.011481856311468254 -0.0057704139993236528 0.0084848711888005929
decision_type=2 2 2 2 2 2 2 2 2 2 2 2 2 2
left_child=1 2 -1 12 7 6 -6 10 9 -9 -2 -12 -3 -10
right_child=4 3 -4 -5 5 -7 -8 8 13 -11 11 -13 -14 -15
leaf_value=0.005157705571112732 -0.0019096485100418747 0.0005641759550844218 0.00026232379096374959 -0.00081940271456555191 0.013380142243693882 0.00018053920247003755 -0.0010867534146929447 0.0012652324804499106 -0.0028179120114784906 -0.0028041530571669463 0.0069246900267899043 0.00079995551461706791 -0.00031403681069050985 0.00047182974772504502
leaf_weight=2260 852 21988 3349 57537 558 253041 564 4712 6108 2095 671 831 53967 1277
leaf_count=2260 852 21988 3349 57537 558 253041 564 4712 6108 2095 671 831 53967 1277
internal_value=1.37797e-06 -0.000281439 0.00223536 -0.000387204 0.000146701 0.000206754 0.00611352 -0.000775734 -0.00116438 1.2564e-05 0.00156689 0.00353889 -5.98014e-05 -0.00224907
internal_weight=409810 139101 5609 133492 270709 254163 1122 16546 14192 6807 2354 1502 75955 7385
internal_count=409810 139101 5609 133492 270709 254163 1122 16546 14192 6807 2354 1502 75955 7385
is_linear=0
shrinkage=0.05


Tree=7
num_leaves=15
num_cat=0
split_feature=10 20 21 13 22 13 9 5 18 22 20 22 21 22
split_gain=5.91609 11.759 5.00477 4.39709 8.72666 4.15849 5.03325 4.69139 5.65883 10.1414 4.17889 3.83958 8.77088 6.07737
threshold=2.5000000000000004 0.00096783391035726318 -0.066597137853417893 2.2005069624301341 0.001265526471560974 0.79768577048663392 0.19871794871794876 0.0016576499128914436 -0.26920416055418095 -0.021026135124417585 -0.011902157508864307 -0.01474710971533416 -0.34002485475271937 -0.014378143755518711
decision_type=2 2 2 2 2 2 2 2 2 2 2 2 2 2
left_child=3 11 -3 5 -5 6 -1 10 9 -9 -7 12 -2 -13
right_child=1 2 -4 4 -6 7 -8 8 -10 -11 -12 13 -14 -15
leaf_value=-0.00078706981443761581 0.0033428611954735457 -0.0015500143873225297 0.00031358777107439817 0.001290516644846807 -0.0060827425638307229 -0.0023876167620488424 0.00010179594083825261 0.0068833374647709672 0.00046035450476146402 0.0012236529773549862 6.1124249906467488e-05 -0.0049960608941062475 -0.00036362058477339371 -0.00071408778406334156
leaf_weight=19165 1864 3789 72871 790 814 1811 94220 896 75521 6737 45273 837 11069 74474
leaf_count=19165 1864 3789 72871 790 814 1811 94220 896 75521 6737 45273 837 11069 74474
internal_value=3.62807e-08 -0.000231539 0.000221458 0.000155761 -0.00245273 0.000172945 -4.8451e-05 0.000365691 0.0005915 0.00188883 -3.31108e-05 -0.000625069 0.000170802 -0.000761743
internal_weight=410131 164904 76660 245227 1604 243623 113385 130238 83154 7633 47084 88244 12933 75311
internal_count=410131 164904 76660 245227 1604 243623 113385 130238 83154 7633 47084 88244 12933 75311
is_linear=0
shrinkage=0.05


Tree=8
num_leaves=15
num_cat=0
split_feature=19 22 22 19 13 22 13 17 10 10 9 9 3 13
split_gain=6.71985 16.3236 14.0191 9.1428 14.4402 7.13261 6.97901 12.3421 9.03492 6.59391 14.1911 6.46636 6.38876 6.36973
threshold=-0.0031689393508829151 -0.013009787692178419 -0.00062522156579813959 -0.0017476816039254104 1.6815951236703517 -0.0072710932400419917 1.0063066912393439 -0.0032131904716193867 1.5000000000000002 2.5000000000000004 0.31410256410256415 0.5064102564102565 -0.017816818651079699 0.96648759185531674
decision_type=2 2 2 2 2 2 2 2 2 2 2 2 2 2
left_child=2 13 6 4 -3 11 -1 8 -8 -4 -11 -5 -10 -2
right_child=1 3 9 5 -6 -7 7 -9 12 10 -12 -13 -14 -15
leaf_value=-0.00013406740992692265 -0.0022805103109651143 -0.00076331446743332411 0.0016390282519260124 0.00061065196236943428 -0.0070721241076359591 -5.0492497195528445e-05 0.0042374282300396303 0.0001840472842454762 0.0064307176395238799 0.012341517297111535 0.0022530076435496203 0.0079557010245970474 0.00082987377231380152 -0.0095840717452423032
leaf_weight=73246 590 28371 3606 695 936 250286 3338 37046 542 513 1085 526 8179 605
leaf_count=73246 590 28371 3606 695 936 250286 3338 37046 542 513 1085 526 8179 605
internal_value=-1.78954e-05 -0.000154105 0.000283246 -0.000129278 -0.000965038 -3.18874e-05 0.000175129 0.000636326 0.00202562 0.00282465 0.00549738 0.00377878 0.00117866 -0.00598305
internal_weight=409564 282009 127555 280814 29307 251507 122351 49105 12059 5204 1598 1221 8721 1195
internal_count=409564 282009 127555 280814 29307 251507 122351 49105 12059 5204 1598 1221 8721 1195
is_linear=0
shrinkage=0.05


Tree=9
num_leaves=15
num_cat=0
split_feature=10 20 21 12 22 19 22 9 22 20 19 22 10 5
split_gain=5.65326 10.2625 4.69592 4.31671 3.49384 11.927 12.3805 9.60256 5.07829 6.52809 5.07346 10.5267 8.66004 5.41664
threshold=2.5000000000000004 0.00096783391035726318 -0.066597137853417893 0.077087298858586242 -0.010906867470803659 -0.0031689393508829151 -0.00062522156579813959 0.39102564102564108 -0.012725791835596576 0.0046193441835660218 -0.0026802437670980779 -0.0028981552043372823 3.5000000000000004 0.0031372953985930228
decision_type=2 2 2 2 2 2 2 2 2 2 2 2 2 2
left_child=3 -2 -3 -1 8 6 -6 -8 -4 -10 12 -12 -7 -13
right_child=1 2 4 -5 5 10 7 -9 9 -11 11 13 -14 -15
leaf_value=0.0001730706756913618 -0.00059197463898046164 -0.0015206515301148563 -4.0296468720683613e-05 -0.0021177295348331895 0.0013416536010920433 0.00015732897037665848 0.011896820010028692 0.0029159272555749627 0.0010886110520915689 -0.0049907497558226025 0.0028748346975527063 0.00024550546608721117 -0.0069180640384039066 -0.0013107350121602931
leaf_weight=243090 88372 3773 12893 2073 10139 1173 510 715 690 1224 3434 34601 684 6668
leaf_count=243090 88372 3773 12893 2073 10139 1173 510 715 690 1224 3434 34601 684 6668
internal_value=1.44191e-06 -0.000224947 0.00019902 0.000153692 0.00028825 0.000463462 0.00191566 0.00666157 -0.000397152 -0.00279971 0.000108988 0.000215389 -0.00245111 -5.9683e-06
internal_weight=410039 164876 76504 245163 72731 57924 11364 1225 14807 1914 46560 44703 1857 41269
internal_count=410039 164876 76504 245163 72731 57924 11364 1225 14807 1914 46560 44703 1857 41269
is_linear=0
shrinkage=0.05


Tree=10
num_leaves=15
num_cat=0
split_feature=19 22 22 19 13 19 21 22 19 19 14 13 9 22
split_gain=5.51028 15.1292 10.4862 9.74696 12.8759 6.72903 6.09334 16.7659 6.54652 8.76783 6.64549 5.60163 5.50141 5.30712
threshold=-0.0031689393508829151 -0.013009787692178419 -0.00062522156579813959 -0.0017476816039254104 1.6815951236703517 -0.001678312209055066 -0.31143932449797945 -0.023954451333595025 -0.0043087394022177086 -0.0059648459781788668 -0.0041081670466320266 0.96648759185531674 0.36538461538461547 -0.0098268071371325743
decision_type=2 2 2 2 2 2 2 2 2 2 2 2 2 2
left_child=2 11 6 4 13 12 7 -1 9 -9 -10 -2 -5 -3
right_child=1 3 -4 5 -6 -7 -8 8 10 -11 -12 -13 -14 -15
leaf_value=0.0067270482677826843 -0.0020749817853223441 0.0025223687662921882 0.0024648786192146268 -0.00052991152807711241 -0.0066452773825115613 -2.4802901677287493e-05 6.4045778259169323e-05 0.00040219085088914779 0.00099321632938671029 0.0048943800083336578 -0.0064548959811108423 -0.0090085559482709823 0.0055480992679090057 -0.00091714519020886153
leaf_weight=1259 544 1169 5208 599 965 250499 111515 7145 578 1280 620 628 982 27092
leaf_count=1259 544 1169 5208 599 965 250499 111515 7145 578 1280 620 628 982 27092
internal_value=-4.93269e-06 -0.000128119 0.000267762 -0.00010449 -0.000968843 -4.2736e-06 0.000174256 0.00130354 0.000593344 0.00108518 -0.00286357 -0.00579475 0.00324642 -0.000774787
internal_weight=410083 282478 127605 281306 29226 252080 122397 10882 9623 8425 1198 1172 1581 28261
internal_count=410083 282478 127605 281306 29226 252080 122397 10882 9623 8425 1198 1172 1581 28261
is_linear=0
shrinkage=0.05


Tree=11
num_leaves=15
num_cat=0
split_feature=10 17 22 11 13 22 22 13 22 22 21 17 18 22
split_gain=4.92387 7.17545 5.41986 4.73895 8.14319 4.63539 9.50038 4.4249 4.79237 17.5288 16.6767 15.6651 9.14927 6.21296
threshold=2.5000000000000004 0.001941792807640397 -0.025747580640957498 0.53612998392257671 2.2005069624301341 0.035940183515538189 0.029497982187397746 0.80195987125911683 -0.017864485826787898 -0.018212119726385586 -0.19781117049292118 0.0088838421510640826 0.47030147051175047 -0.02177697038588355
decision_type=2 2 2 2 2 2 2 2 2 2 2 2 2 2
left_child=3 5 -3 7 -5 6 -2 -1 9 10 13 -11 -12 -9
right_child=1 2 -4 4 -6 -7 -8 8 -10 11 12 -13 -14 -15
leaf_value=-8.9060818235375466e-06 -0.00042837652925991737 -0.0018169946364135449 0.00035014585990007411 -0.00042586713090891275 -0.0064628035159213825 0.0025268783996885906 -0.0048544283430641379 0.0077624170678616423 0.00032027532553042967 0.0015308223827712288 0.00041831979674338769 0.013727437641149596 -0.0059593596462775246 0.0014656412191293203
leaf_weight=108334 102014 3037 57311 17527 576 1296 1226 1054 105654 537 9957 516 595 624
leaf_count=108334 102014 3037 57311 17527 576 1296 1226 1054 105654 537 9957 516 595 624
internal_value=1.82514e-05 -0.000193058 0.000241057 0.000160245 -0.000618296 -0.000443669 -0.000480983 0.000222261 0.000432819 0.00132791 0.000794639 0.00751486 5.81683e-05 0.00542309
internal_weight=410258 164884 60348 245374 18103 104536 103240 227271 118937 13283 12230 1053 10552 1678
internal_count=410258 164884 60348 245374 18103 104536 103240 227271 118937 13283 12230 1053 10552 1678
is_linear=0
shrinkage=0.05


Tree=12
num_leaves=15
num_cat=0
split_feature=10 20 11 13 12 13 4 20 21 11 10 20 13 20
split_gain=4.5737 8.66365 4.33454 7.8646 4.39256 4.47949 5.08894 7.73777 4.26819 4.14911 3.9458 4.56881 3.91951 11.017
threshold=2.5000000000000004 0.00096783391035726318 0.53612998392257671 2.2005069624301341 0.077087298858586242 0.80195987125911683 0.0024786444403614811 0.020709275532767472 -0.066597137853417893 -0.69315592758838906 3.5000000000000004 0.0073963310842710692 1.408654266554995 0.013706028312439391
decision_type=2 2 2 2 2 2 2 2 2 2 2 2 2 2
left_child=2 -2 4 -4 5 -1 7 -7 -3 10 11 -10 -8 -14
right_child=1 8 3 -5 -6 6 12 -9 9 -11 -12 -13 13 -15
leaf_value=-4.1079565378339688e-06 -0.00053149083436213583 -0.001439486957339721 -0.00041201961960439119 -0.0064420532690238237 -0.0021580339534697937 0.00029795538962795032 0.0007672003451764882 -0.005784168035076788 0.00049885556981341215 0.00020279629422084857 0.00013092122634782597 0.0059294437668065232 0.0014286459352887753 0.0086493778210106429
leaf_weight=108607 88015 3792 17476 557 1946 89722 21950 525 642 69817 1371 976 4123 605
leaf_count=108607 88015 3792 17476 557 1946 89722 21950 525 642 69817 1371 976 4123 605
internal_value=1.0812e-05 -0.000193103 0.000147535 -0.000598621 0.000206688 0.000227102 0.000441861 0.00026251 0.000195725 0.000280911 0.00210483 0.0037763 0.00104854 0.00235425
internal_weight=410124 164613 245511 18033 227478 225532 116925 90247 76598 72806 2989 1618 26678 4728
internal_count=410124 164613 245511 18033 227478 225532 116925 90247 76598 72806 2989 1618 26678 4728
is_linear=0
shrinkage=0.05


Tree=13
num_leaves=15
num_cat=0
split_feature=11 10 20 20 12 20 19 9 21 19 21 19 19 10
split_gain=4.54057 4.85604 10.7848 9.76435 6.14184 5.57727 8.03567 7.73631 6.9989 5.72851 6.12499 5.22185 6.04043 4.90183
threshold=0.41674857223619416 1.5000000000000002 0.022606724889857491 0.027853144365438291 -0.0092147951132569 0.001039453524310008 -0.011059709807911154 0.18589743589743593 -0.3844998014660484 -0.015770480814588091 0.32432235501477152 -0.010304770249569826 -0.010741135363808883 3.5000000000000004
decision_type=2 2 2 2 2 2 2 2 2 2 2 2 2 2
left_child=1 2 -1 5 -5 6 8 -8 -3 10 -7 12 -9 -10
right_child=-2 3 -4 4 -6 9 7 11 13 -11 -12 -13 -14 -15
leaf_value=0.0003286804479522985 -0.00043667868743144529 0.0045855562459821428 -0.0054680714524299708 0.0081932124876910959 0.00097228982285623073 -0.00064456258974144893 -0.0014846736328308777 0.00058765607288333369 0.001303745525684131 0.00026841459167964719 -0.0050665142676995251 -0.00024887576800159739 -0.005461945148420487 -0.00062351931737853871
leaf_weight=140369 51086 1106 806 568 611 5201 16523 689 7433 92927 921 84898 1027 5931
leaf_count=140369 51086 1106 806 568 611 5201 16523 689 7433 92927 921 84898 1027 5931
internal_value=4.36359e-06 6.71236e-05 0.000295547 -8.09143e-05 0.00445507 -0.000105619 -0.000338429 -0.000493237 0.000764946 0.000170812 -0.00131052 -0.000304089 -0.00303401 0.000448435
internal_weight=410096 359010 141175 217835 1179 216656 117607 103137 14470 99049 6122 86614 1716 13364
internal_count=410096 359010 141175 217835 1179 216656 117607 103137 14470 99049 6122 86614 1716 13364
is_linear=0
shrinkage=0.05


Tree=14
num_leaves=15
num_cat=0
split_feature=19 22 22 19 22 22 22 21 22 10 19 19 14 4
split_gain=4.6879 12.5597 10.7044 7.51915 7.21777 7.11353 13.429 6.02142 13.0847 5.66427 5.43249 8.59299 6.43321 5.11576
threshold=-0.0031689393508829151 -0.013009787692178419 -0.00066953429378935325 -0.0027313307792880544 -0.0085634188366539004 -0.001246851676829752 0.00062951866589167082 -0.3048329213122668 -0.023954451333595025 2.5000000000000004 -0.0043087394022177086 -0.0059648459781788668 -0.0041081670466320266 0.0017830608005575343
decision_type=2 2 2 2 2 2 2 2 2 2 2 2 2 2
left_child=2 -2 7 5 -5 -3 -7 8 -1 -4 11 -10 -12 -11
right_child=1 3 9 4 -6 6 -8 -9 10 13 12 -13 -14 -15
leaf_value=0.0059007246048154221 -0.0053344183540885177 -0.0007910269433545824 0.0013697138851696948 0.0038598293426593392 -6.5785067001347797e-05 -0.0093106341083959918 -0.00075892929348690566 3.6263576322237026e-05 0.00040177323105734602 0.0016212428026040782 0.0012903110454978671 0.0047457445959155726 -0.0058718360491716677 0.00729489330733486
leaf_weight=1331 1148 7244 4059 1175 271177 771 1133 110841 7445 696 600 1343 655 927
leaf_count=1331 1148 7244 4059 1175 271177 771 1133 110841 7445 696 600 1343 655 927
internal_value=-3.83767e-06 -0.000117492 0.000247333 -9.61976e-05 -4.88348e-05 -0.00150611 -0.0042249 0.000148694 0.00124424 0.00236859 0.000626587 0.00106609 -0.0024494 0.00486433
internal_weight=410545 282648 127897 281500 272352 9148 1904 122215 11374 5682 10043 8788 1255 1623
internal_count=410545 282648 127897 281500 272352 9148 1904 122215 11374 5682 10043 8788 1255 1623
is_linear=0
shrinkage=0.05


Tree=15
num_leaves=15
num_cat=0
split_feature=10 13 5 19 22 22 19 22 19 9 22 14 18 13
split_gain=4.09081 6.44125 6.11975 5.2572 16.1592 11.5801 7.11052 7.82667 13.1658 5.94274 5.64357 6.79065 5.07792 4.65334
threshold=1.5000000000000002 1.9504839045736471 0.0033453006896466109 -0.0031689393508829151 -0.010435091840623521 0.0022323510072995716 -0.0026413067261332186 -0.0069106714129071869 -0.0016015014542954951 0.18589743589743593 -0.001246851676829752 -0.0052331498438593074 0.60586048462703079 1.1753388276312158
decision_type=2 2 2 2 2 2 2 2 2 2 2 2 2 2
left_child=1 12 -3 5 -5 -2 10 8 -8 -9 -6 -12 13 -1
right_child=3 2 -4 4 6 -7 7 9 -10 -11 11 -13 -14 -15
leaf_value=0.00013088765512337742 0.00011663675850543713 -0.00081921056499790329 -0.006455381481705322 -0.0075206182679246284 -0.00097030461539975498 0.0050883776206203093 0.008027205754007569 -0.00095535944762641209 -0.0012751159011167579 -9.4282276699390617e-05 -0.00048109789454219237 -0.0065331676192164796 -0.003362948078349655 0.00087057978689230708
leaf_weight=132969 82879 1741 665 770 5993 1187 760 23656 760 130965 779 1144 978 25308
leaf_count=132969 82879 1741 665 770 5993 1187 760 23656 760 130965 779 1144 978 25308
internal_value=-7.67181e-06 0.000188164 -0.00237904 -0.000134871 -0.000298981 0.000186897 -0.000265041 -0.000190918 0.00337826 -0.000226027 -0.00172688 -0.00408302 0.000226964 0.000249167
internal_weight=410554 161661 2406 248893 164827 84066 164057 156141 1520 154621 7916 1923 159255 158277
internal_count=410554 161661 2406 248893 164827 84066 164057 156141 1520 154621 7916 1923 159255 158277
is_linear=0
shrinkage=0.05


Tree=16
num_leaves=15
num_cat=0
split_feature=11 22 22 13 22 19 20 20 19 22 19 22 22 22
split_gain=4.19924 4.65945 8.61446 5.66727 7.65103 4.08617 4.587 4.26791 3.58165 11.1013 9.04699 8.00189 11.8696 7.99624
threshold=0.38521310393701347 -0.00030812269033381185 -0.0014157706227118092 1.6815951236703517 0.0062182625879680939 -0.0092689585092878262 -0.016067510752134469 0.0069318434932453829 -0.0031689393508829151 -0.013009787692178419 -0.0027313307792880544 -0.001246851676829752 -1.0000000180025095e-35 -0.00062522156579813959
decision_type=2 2 2 2 2 2 2 2 2 2 2 2 2 2
left_child=8 2 5 -3 -5 6 -2 -8 13 -10 11 -11 -13 -1
right_child=1 3 -4 4 -6 -7 7 -9 9 10 -12 12 -14 -15
leaf_value=0.00021605302082956871 0.0034412007201016035 -0.00065601600926724283 0.0035098775258537913 -0.0070714401662999834 -0.0003932024168042549 0.00032441966427463145 -0.0018034482645877042 0.00072008078876518349 -0.0052007017201338487 -0.00097156511911811291 3.3518683707869874e-05 -0.010777163654881537 -0.0012083816299607957 0.0024391923774995704
leaf_weight=102467 559 28867 1707 827 890 16723 7210 2182 1038 6328 235941 559 770 4210
leaf_count=102467 559 28867 1707 827 890 16723 7210 2182 1038 6328 235941 559 770 4210
internal_value=-3.48439e-06 -0.000393931 6.74656e-05 -0.000822082 -0.00361205 -0.000152955 -0.00095515 -0.00121715 6.20499e-05 -4.33744e-05 -2.13771e-05 -0.00171271 -0.00523825 0.000303811
internal_weight=410278 58965 28381 30584 1717 26674 9951 9392 351313 244636 243598 7657 1329 106677
internal_count=410278 58965 28381 30584 1717 26674 9951 9392 351313 244636 243598 7657 1329 106677
is_linear=0
shrinkage=0.05


Tree=17
num_leaves=15
num_cat=0
split_feature=20 14 18 9 18 18 9 14 11 17 1 20 17 14
split_gain=4.022 5.13809 6.12861 6.9469 3.43894 3.11025 4.81604 2.99196 2.91191 2.76925 2.82395 2.61666 2.60334 3.58253
threshold=-0.003456695966597811 -0.027136261080040299 -0.32331483426623903 0.31410256410256415 0.016583787767246467 -0.6058679493857041 0.73717948717948734 0.0043777979028881706 -1.141949083518101 -0.011559620158471727 -0.002236965686260139 0.027853144365438291 -0.0035122502872537149 -0.0031486560061719233
decision_type=2 2 2 2 2 2 2 2 2 2 2 2 2 2
left_child=1 2 3 -1 5 6 9 -6 -2 -3 -11 12 13 -10
right_child=8 4 -4 -5 7 -7 -8 -9 11 10 -12 -13 -14 -15
leaf_value=0.0059840846149102492 -0.0013798896633058885 -0.0018210300383237441 1.3734290210954746e-05 0.001101510500586598 -0.0019782906945045261 -0.00022762263768130649 -0.0048695140023128436 -0.0003907531595160838 0.0020215072750350812 -0.0010661489980654836 0.004057294680179107 0.0024340388289763922 7.829834800999486e-05 2.1177714097607663e-05
leaf_weight=895 3291 1989 19010 3901 6049 83443 902 5827 4147 576 503 1211 273682 4862
leaf_count=895 3291 1989 19010 3901 6049 83443 902 5827 4147 576 503 1211 273682 4862
internal_value=-3.86436e-06 -0.000242982 0.000416724 0.00201372 -0.000401158 -0.000292688 -0.00165986 -0.00119946 9.86253e-05 -0.000714937 0.0013238 0.000115769 0.000105829 0.000942087
internal_weight=410288 123095 23806 4796 99289 87413 3970 11876 287193 3068 1079 283902 282691 9009
internal_count=410288 123095 23806 4796 99289 87413 3970 11876 287193 3068 1079 283902 282691 9009
is_linear=0
shrinkage=0.05


Tree=18
num_leaves=15
num_cat=0
split_feature=10 21 22 18 12 22 11 13 13 5 17 22 13 17
split_gain=3.69155 5.45821 6.45132 6.96499 3.80124 3.75379 3.73903 5.90403 4.64712 6.2089 7.13866 5.10878 4.54921 11.5978
threshold=2.5000000000000004 -0.12350670870826252 -0.023377291976868494 -0.28805927330772069 0.077087298858586242 0.029497982187397746 0.53612998392257671 1.7202317707719303 0.94664882014601481 0.0021783206600754323 -0.0062441288672893105 -0.010435091840623521 1.408654266554995 0.012730570588721736
decision_type=2 2 2 2 2 2 2 2 2 2 2 2 2 2
left_child=4 2 3 -2 6 -4 8 -8 -1 -10 11 -11 -12 -14
right_child=1 -3 5 -5 -6 -7 7 -9 9 10 12 -13 13 -15
leaf_value=4.020804812430938e-05 0.0041473327939005574 3.9996822269111031e-06 -0.00069864431581959519 -0.00054266744485189592 -0.0019647185108127158 -0.0030985406422857301 -0.00033133481057217315 -0.0043421153355700081 0.00011427903871680558 0.0050799128616041134 0.00043623261451664958 0.0011519165707520021 0.001264988102861701 0.0084157470996000152
leaf_weight=149604 1418 117672 42165 1790 2150 1694 16975 969 41924 1753 22995 1569 6885 617
leaf_count=149604 1418 117672 42165 1790 2150 1694 16975 969 41924 1753 22995 1569 6885 617
internal_value=5.06711e-06 -0.000178021 -0.000633082 0.00153105 0.000127956 -0.000791406 0.000146457 -0.000548152 0.00020177 0.000520874 0.00102489 0.0032256 0.000785076 0.00185414
internal_weight=410180 164739 47067 3208 245441 43859 243291 17944 225347 75743 33819 3322 30497 7502
internal_count=410180 164739 47067 3208 245441 43859 243291 17944 225347 75743 33819 3322 30497 7502
is_linear=0
shrinkage=0.05


Tree=19
num_leaves=15
num_cat=0
split_feature=11 19 20 20 20 19 8 12 18 5 7 19 19 19
split_gain=4.08338 4.27125 5.09037 7.57947 3.85357 3.33113 4.87287 4.61328 3.88498 3.31459 3.36818 3.24194 3.11429 5.59015
threshold=0.38521310393701347 0.013455397514045455 -0.017263253443804857 -0.011601902540526452 0.0048739904828056799 -0.0092689585092878262 0.43891724084738742 -0.0018649970437569772 -0.51865779980633353 0.0019616914707273315 -0.16630135936333754 -0.017347061898223933 0.003878626571206079 0.003157727480792905
decision_type=2 2 2 2 2 2 2 2 2 2 2 2 2 2
left_child=-1 4 -3 -4 5 6 11 8 -7 10 -10 -2 13 -9
right_child=1 2 3 -5 -6 7 -8 12 9 -11 -12 -13 -14 -15
leaf_value=7.6384662286313836e-05 0.0029598271831040687 0.0021892736201339254 -0.0083607910035839676 -0.0017220248320912201 0.00048545475538104652 -0.0038683215911049281 -0.002934136210012003 -0.0010040274698261277 0.0018664847084680536 0.0013643693838018263 -0.00090709180080048154 -0.00093343233742784911 -6.1640755132731911e-05 -0.0054719197670696929
leaf_weight=351674 637 628 504 2899 13224 503 3181 11170 1436 6792 4593 3302 9255 746
leaf_count=351674 637 628 504 2899 13224 503 3181 11170 1436 6792 4593 3302 9255 746
internal_value=1.1867e-05 -0.000373539 -0.0019442 -0.00270742 -0.000258053 -0.000494323 -0.00147889 -0.000291065 0.000437785 0.000607013 -0.000246275 -0.000303238 -0.000749767 -0.00128418
internal_weight=410544 58870 4031 3403 54839 41615 7120 34495 13324 12821 6029 3939 21171 11916
internal_count=410544 58870 4031 3403 54839 41615 7120 34495 13324 12821 6029 3939 21171 11916
is_linear=0
shrinkage=0.05


Tree=20
num_leaves=15
num_cat=0
split_feature=19 22 22 10 9 19 13 21 22 22 18 9 19 10
split_gain=3.75954 10.0238 9.63097 7.6874 16.5725 6.88938 7.97084 5.96093 9.70099 5.59888 4.84503 4.5178 4.44412 8.68702
threshold=-0.0030796110586879251 -0.001994881236451806 -0.013009787692178419 2.5000000000000004 0.26282051282051283 -0.0017476816039254104 1.6815951236703517 -0.3048329213122668 -0.023954451333595025 -0.0072710932400419917 -0.6058679493857041 0.46794871794871801 -0.0041530809849009689 3.5000000000000004
decision_type=2 2 2 2 2 2 2 2 2 2 2 2 2 2
left_child=1 7 -2 -3 -5 6 -4 8 -1 11 -10 -7 -9 -14
right_child=2 3 5 4 -6 9 -8 12 10 -11 -12 -13 13 -15
leaf_value=0.0051828579724365019 -0.0046524356284675652 0.0010444152946803703 -0.00066769921453867015 0.012396351070832264 0.0019550400392064639 0.00046852263303404779 -0.0052998998731138402 -9.9894003312231202e-05 -0.0031712426994082105 -1.5000976502367674e-05 0.00098372504238643135 0.006578013140085737 0.0016464341480479005 -0.0020657468652214507
leaf_weight=1350 1156 5584 26844 513 1460 633 961 99706 758 250195 9284 579 8714 1923
leaf_count=1350 1156 5584 26844 513 1460 633 961 99706 758 250195 9284 579 8714 1923
internal_value=2.82538e-06 0.000225875 -0.000100035 0.00199274 0.00467479 -8.11702e-05 -0.000827983 0.000116178 0.00120503 1.42838e-06 0.000669811 0.00339018 3.75231e-06 0.0009752
internal_weight=409660 129292 280368 7557 1973 279212 27805 121735 11392 251407 10042 1212 110343 10637
internal_count=409660 129292 280368 7557 1973 279212 27805 121735 11392 251407 10042 1212 110343 10637
is_linear=0
shrinkage=0.05


Tree=21
num_leaves=15
num_cat=0
split_feature=17 22 22 22 21 14 17 21 5 18 17 19 22 21
split_gain=3.20538 6.54923 7.74652 7.18277 8.74385 6.111 5.44312 8.66153 9.04744 5.32627 4.58466 4.53213 4.25277 11.0872
threshold=0.0031394545230130082 0.0092420802283824672 0.0090451555060858686 -0.029506454416010127 0.073339216839550692 -0.022346264802797052 0.010479764971520479 0.24948022007290455 0.0036356427604944288 0.077876571767525785 0.0084170882073911785 0.0064658988157614292 -0.034417383641141601 -0.20215013170804366
decision_type=2 2 2 2 2 2 2 2 2 2 2 2 2 2
left_child=12 2 3 4 -2 10 9 8 -8 -5 -6 -3 13 -1
right_child=1 11 -4 6 5 -7 7 -9 -10 -11 -12 -13 -14 -15
leaf_value=0.005808561966656421 0.0024503872681257617 -0.0030037521986107912 0.0055632922166978464 0.0016218232677652255 -0.0031085410435021336 -0.00042097048232402512 0.0024400828647506015 0.00082457806254440799 0.0097456785928224654 0.00019798312336023746 -0.0086977430912943306 -0.00027710301594876591 -0.00010768928179554292 0.00011956256561922248
leaf_weight=1094 918 1620 735 7371 970 1146 1563 7583 581 60237 591 25473 296284 3931
leaf_count=1094 918 1620 735 7371 970 1146 1563 7583 581 60237 591 25473 296284 3931
internal_value=7.70581e-07 0.000233408 0.000456818 0.000410391 -0.00176459 -0.00319435 0.000512362 0.0016182 0.00442344 0.00035324 -0.00522885 -0.000440245 -8.3224e-05 0.00135903
internal_weight=410097 108788 81695 80960 3625 2707 77335 9727 2144 67608 1561 27093 301309 5025
internal_count=410097 108788 81695 80960 3625 2707 77335 9727 2144 67608 1561 27093 301309 5025
is_linear=0
shrinkage=0.05


Tree=22
num_leaves=15
num_cat=0
split_feature=22 22 20 22 18 19 19 22 19 18 18 17 22 22
split_gain=3.27986 8.64141 3.30339 7.84149 7.66663 5.15362 10.069 17.5509 5.18811 9.29416 7.11009 7.56299 6.22107 5.44933
threshold=0.035940183515538189 0.034711730432517525 -0.0025215471220158543 -0.025747580640957498 -0.35797718524143435 -0.015770480814588091 -0.015369902406364875 -0.017615446075233184 -0.017798949852377007 0.09964731447651877 0.16441940697746146 0.0011525478315765893 -0.047596385518319843 -0.020409764768525348
decision_type=2 2 2 2 2 2 2 2 2 2 2 2 2 2
left_child=1 2 3 4 -1 8 7 -7 9 -4 11 -10 -11 -13
right_child=-2 -3 5 -5 -6 6 -8 -9 10 12 -12 13 -14 -15
leaf_value=0.0054961188018591185 0.0016302504808935793 -0.0043782528432273092 0.0013263795951003804 -0.00026913885584053243 0.00076296963107518945 0.011334954433104691 0.0001461222635892149 -0.0011133557055130704 -0.0013082223602431452 -0.0063902390284044002 9.4868999206498087e-05 -0.010349389027247642 -0.00098685393502170762 -0.0038442630396578661
leaf_weight=1033 3092 1125 5499 133137 4960 544 249055 589 1537 590 2147 536 5406 809
leaf_count=1033 3092 1125 5499 133137 4960 544 249055 589 1537 590 2147 536 5406 809
internal_value=8.20371e-06 -4.12404e-06 8.01187e-06 -0.000189494 0.00157959 0.000111041 0.000167527 0.00486832 -0.000744158 -0.000158095 -0.00208345 -0.0037057 -0.00151952 -0.0064424
internal_weight=410059 406967 405842 139130 5993 266712 250188 1133 16524 11495 5029 2882 5996 1345
internal_count=410059 406967 405842 139130 5993 266712 250188 1133 16524 11495 5029 2882 5996 1345
is_linear=0
shrinkage=0.05


Tree=23
num_leaves=15
num_cat=0
split_feature=20 22 17 22 10 19 19 9 20 22 10 18 18 19
split_gain=3.45406 10.9204 6.44309 8.44171 11.3603 5.45008 6.38313 5.1991 4.82276 11.04 5.33993 4.42095 5.79595 5.22613
threshold=-0.011902157508864307 -0.023954451333595025 -0.0092704104127101488 -0.0051170110566151053 3.5000000000000004 0.011088435550877797 -0.01361614488080015 0.41666666666666669 -0.018061673247038165 0.016934383436156834 3.5000000000000004 -0.51865779980633353 -0.4282281257131042 0.0020799491559624354
decision_type=2 2 2 2 2 2 2 2 2 2 2 2 2 2
left_child=1 7 3 4 -2 6 -3 -1 10 -10 -7 13 -13 -4
right_child=2 5 11 -5 -6 8 -8 -9 9 -11 -12 12 -14 -15
leaf_value=-0.00020575357514970787 0.0085537762744303022 -0.0035010493835377389 -0.0045174515657552244 0.00015768905126554536 -0.00033416473054967357 0.00032592349702575171 -0.00020180816906201061 0.0049463732954765317 -0.0090909240082119695 -0.001796218605402087 -0.0043683443773612418 0.0024446209716085321 3.6680592854739396e-06 0.0012850377308188548
leaf_weight=788 898 1566 1127 2256 599 2515 22757 1292 693 2056 797 2447 369803 591
leaf_count=788 898 1566 1127 2256 599 2515 22757 1292 693 2056 797 2447 369803 591
internal_value=-1.38089e-05 -0.000508714 2.8728e-05 0.00208984 0.00499956 -0.000748683 -0.00041436 0.00299535 -0.00209004 -0.00363779 -0.000804683 8.03797e-06 1.97203e-05 -0.00252178
internal_weight=410185 32464 377721 3753 1497 30384 24323 2080 6061 2749 3312 373968 372250 1718
internal_count=410185 32464 377721 3753 1497 30384 24323 2080 6061 2749 3312 373968 372250 1718
is_linear=0
shrinkage=0.05


Tree=24
num_leaves=15
num_cat=0
split_feature=10 20 17 19 13 9 13 4 7 17 19 17 19 20
split_gain=3.20846 10.3189 6.07232 10.5888 13.0927 6.69371 3.57019 5.90673 3.95828 3.53051 6.27227 4.92046 4.65476 4.43701
threshold=1.5000000000000002 0.022606724889857491 0.011481856311468254 0.010008584111975806 1.408654266554995 0.48076923076923078 2.2005069624301341 0.002057114320195281 -0.62196728785992172 -0.012821596970904346 0.025366857688590153 -0.0084849884454015739 0.013455397514045455 -0.0021329071278589069
decision_type=2 2 2 2 2 2 2 2 2 2 2 2 2 2
left_child=1 6 9 4 -4 -5 8 -8 -1 -2 11 12 -11 -13
right_child=2 -3 3 5 -6 -7 7 -9 -10 10 -12 13 -14 -15
leaf_value=0.0039438522675277997 -0.0012441395578868791 -0.0053435961512409485 0.0014366241759271232 -0.0064841341413612794 0.0094831585140191087 0.00057329167834811864 0.00058399252646874325 -0.0064066562978278147 0.00021003323752650656 0.0011935417574807127 0.0023916928853246872 -0.00050689069036245608 -0.0024452309805109095 -3.5249159105928215e-05
leaf_weight=712 7188 841 5680 631 554 717 689 537 158668 10178 2460 76034 961 144890
leaf_count=712 7188 841 5680 631 554 717 689 537 158668 10178 2460 76034 961 144890
internal_value=3.46381e-06 0.000177113 -0.000108995 0.00128422 0.00215311 -0.00273265 0.000206055 -0.00248071 0.000226738 -0.000152703 -0.000119246 -0.000145873 0.000879421 -0.000197573
internal_weight=410740 161447 249293 7582 6234 1348 160606 1226 159380 241711 234523 232063 11139 220924
internal_count=410740 161447 249293 7582 6234 1348 160606 1226 159380 241711 234523 232063 11139 220924
is_linear=0
shrinkage=0.05


Tree=25
num_leaves=15
num_cat=0
split_feature=11 19 20 20 19 22 19 22 13 17 10 22 21 20
split_gain=3.37768 3.67998 4.01804 7.18525 3.07287 8.87656 6.68975 6.40756 6.50174 8.12439 8.36349 5.86097 10.1422 7.46917
threshold=0.38521310393701347 0.013455397514045455 -0.016648779787383102 -0.011327859930278792 -0.0031689393508829151 -0.013009787692178419 -0.0026413067261332186 -0.00062522156579813959 1.0063066912393439 -0.0032131904716193867 3.5000000000000004 -0.029506454416010127 0.095136983118324678 0.015710745180015476
decision_type=2 2 2 2 2 2 2 2 2 2 2 2 2 2
left_child=4 -2 -3 -4 7 -6 -7 8 -1 10 -10 12 -11 -13
right_child=1 2 3 -5 5 6 -8 -9 9 11 -12 13 -14 -15
leaf_value=-0.0001211919904441105 -0.00024638776611232309 0.0018363166411080887 -0.0079668921389874758 -0.0015271725281676609 -0.0046568595695681472 -0.0012708226668475709 3.1837824635704591e-05 0.0021920832499230411 0.002947762189475461 0.0010789374788975803 2.6152929302530378e-05 0.00032776940617590611 -0.0039086861294459971 0.0038157972358308714
leaf_weight=61931 54883 640 507 2946 1037 10290 232998 4203 6730 1979 3851 23932 2100 1639
leaf_count=61931 54883 640 507 2946 1037 10290 232998 4203 6730 1979 3851 23932 2100 1639
internal_value=-4.1706e-06 -0.000354264 -0.00180036 -0.00247474 5.47059e-05 -4.29495e-05 -2.32639e-05 0.000279023 0.000200298 0.000695185 0.00188453 0.000270701 -0.00148918 0.000551479
internal_weight=409666 58976 4093 3453 350690 244325 243288 106365 102162 40231 10581 29650 4079 25571
internal_count=409666 58976 4093 3453 350690 244325 243288 106365 102162 40231 10581 29650 4079 25571
is_linear=0
shrinkage=0.05


Tree=26
num_leaves=15
num_cat=0
split_feature=20 22 17 22 10 19 19 19 20 22 9 21 10 18
split_gain=2.74559 8.56016 7.26124 8.76795 10.6283 5.51118 6.51052 4.92368 5.60715 12.3154 4.83425 6.88542 4.38677 4.30689
threshold=-0.011327859930278792 -0.023954451333595025 -0.0087495576860018281 -0.0051170110566151053 3.5000000000000004 -0.01361614488080015 0.011088435550877797 0.015964561934840752 -0.021344454115307551 0.019980026029934209 0.45512820512820523 -0.25210971883585664 1.5000000000000002 -0.6058679493857041
decision_type=2 2 2 2 2 2 2 2 2 2 2 2 2 2
left_child=1 10 3 4 -2 -3 -7 8 -8 -10 11 -1 -9 -4
right_child=2 5 13 -5 -6 6 7 12 9 -11 -12 -13 -14 -15
leaf_value=0.0041788012443515678 0.0077594346000255544 -0.0034338826495179664 -0.003972660685276087 0.00019264608748242846 -0.00011271652083841945 -0.00011242569111268868 -0.00083384888811101397 0.0021205909754448298 -0.010473594387727454 -0.0016840534328701159 0.0046613077417031112 -0.0038529160149885812 -0.0017573412445628881 2.4912893105945083e-05
leaf_weight=520 1113 1654 674 2585 697 25262 1183 1012 683 956 1234 546 2603 369274
leaf_count=520 1113 1654 674 2585 697 25262 1183 1012 683 956 1234 546 2603 369274
internal_value=1.69247e-06 -0.000417562 4.1624e-05 0.00206176 0.00472962 -0.000621038 -0.000474165 -0.00189357 -0.00345833 -0.00535096 0.00253208 6.52394e-05 -0.000671449 1.76191e-05
internal_weight=409996 35653 374343 4395 1810 33353 31699 6437 2822 1639 2300 1066 3615 369948
internal_count=409996 35653 374343 4395 1810 33353 31699 6437 2822 1639 2300 1066 3615 369948
is_linear=0
shrinkage=0.05


Tree=27
num_leaves=15
num_cat=0
split_feature=22 22 9 9 20 22 21 19 19 20 21 22 9 17
split_gain=2.75949 7.39272 2.94414 2.82911 2.74135 4.83753 7.24544 4.26761 8.77984 10.8588 6.02022 8.7579 5.46067 6.47259
threshold=0.035940183515538189 0.034711730432517525 0.37820512820512825 0.69871794871794879 -0.003456695966597811 -0.023954451333595025 -0.2921456290942902 -0.015770480814588091 -0.012757287396889692 0.013706028312439391 -0.11201954271835791 -0.030673863990566704 0.58333333333333337 0.0021041367412988348
decision_type=2 2 2 2 2 2 2 2 2 2 2 2 2 2
left_child=1 4 -2 -4 5 6 -1 10 9 12 11 -6 -9 -14
right_child=2 -3 3 -5 7 -7 -8 8 -10 -11 -12 -13 13 -15
leaf_value=0.0042969752878821875 -0.00035948793892044158 -0.0040392219942347683 0.0040242082498298821 -0.00035511760292173528 0.0072832284750902468 -0.00026721225336297656 0.00025295380130681288 0.00031801009723889768 8.4430041195358298e-05 0.0073298694330197027 -0.00099165046607840174 -0.00023514818945091404 0.0058766462486534903 0.00099053206600763005
leaf_weight=1416 1259 1131 1303 514 554 114745 5073 6451 257578 761 15442 1282 1133 1686
leaf_count=1416 1259 1131 1303 514 554 114745 5073 6451 257578 761 15442 1282 1133 1686
internal_value=7.05834e-06 -4.21233e-06 0.00149877 0.00278585 7.03462e-06 -0.0001921 0.00113595 9.17769e-05 0.00014095 0.00159214 -0.000669805 0.0020362 0.00112037 0.00295572
internal_weight=410328 407252 3076 1817 406121 121234 6489 284887 267609 10031 17278 1836 9270 2819
internal_count=410328 407252 3076 1817 406121 121234 6489 284887 267609 10031 17278 1836 9270 2819
is_linear=0
shrinkage=0.05


Tree=28
num_leaves=15
num_cat=0
split_feature=10 17 22 22 22 13 22 18 22 22 22 22 22 17
split_gain=2.63886 4.73271 4.30632 4.14932 6.85647 3.80854 3.59068 4.77661 4.09221 3.92019 10.0359 10.1751 10.0136 9.20058
threshold=2.5000000000000004 0.001941792807640397 -0.025747580640957498 0.035940183515538189 0.029497982187397746 1.7202317707719303 0.027476766385362564 0.0042210434908187232 0.033548887810287871 0.0095209649417882253 0.0090451555060858686 0.0092420802283824672 0.012564574239471217 0.011481856311468254
decision_type=2 2 2 2 2 2 2 2 2 2 2 2 2 2
left_child=6 3 -3 4 -2 -5 9 8 -8 10 -1 -12 -11 -14
right_child=1 2 -4 5 -6 -7 7 -9 -10 12 11 -13 13 -15
leaf_value=0.00013418976850271223 -0.00035723833718802919 -0.0016483160351762746 0.00028485707320369892 0.0047158020873106776 -0.00403250515178876 -0.00086491380840989516 0.0062277423992083388 0.00043558130445005451 0.00071759294859381545 -0.0013347863731031024 0.0082728687805427113 0.00083559152821340759 0.00030096249252437203 -0.0050233015283835739
leaf_weight=188374 102018 3032 57388 759 1284 511 806 3346 579 16502 757 1170 32775 831
leaf_count=188374 102018 3032 57388 759 1284 511 806 3346 579 16502 757 1170 32775 831
internal_value=-9.88265e-06 -0.000164476 0.000187821 -0.000368027 -0.000402959 0.00247142 9.41669e-05 0.00145813 0.0039264 6.73195e-05 0.000170925 0.00376002 -0.000326149 0.00016916
internal_weight=410132 164992 60420 104572 103302 1270 245140 4731 1385 240409 190301 1927 50108 33606
internal_count=410132 164992 60420 104572 103302 1270 245140 4731 1385 240409 190301 1927 50108 33606
is_linear=0
shrinkage=0.05


Tree=29
num_leaves=15
num_cat=0
split_feature=10 17 18 17 13 19 9 13 4 13 22 17 22 22
split_gain=2.75852 6.3549 7.12695 5.69116 9.65146 7.447 4.23279 4.15304 5.60005 3.73645 5.85594 6.20496 5.48986 6.3377
threshold=1.5000000000000002 0.011481856311468254 0.44654354244906352 0.011481856311468254 1.5050407352899422 0.010008584111975806 0.5064102564102565 1.9504839045736471 0.0030121765779203601 1.1753388276312158 -0.020017855619632815 -0.0034387027011907319 -0.016034149020032636 -0.016623826041353037
decision_type=2 2 2 2 2 2 2 2 2 2 2 2 2 2
left_child=1 7 -3 -2 5 -5 -7 9 -9 12 11 -11 13 -1
right_child=3 2 -4 4 -6 6 -8 8 -10 10 -12 -13 -14 -15
leaf_value=-0.000620254232553513 -0.0001413235599366941 -0.0006897666088682635 -0.0059036994523444996 0.0013471759962596945 0.0065289919943815403 -0.0065005166242038115 -4.2440591832495385e-05 -0.00048802015780597622 -0.0061435525691913694 0.0058699885587532689 0.00046924919601489787 0.001396120507922664 0.00023776297760894668 -0.0055429820341054079
leaf_weight=10124 241335 2899 846 5719 777 511 503 1814 576 1043 20570 3012 119458 698
leaf_count=10124 241335 2899 846 5719 777 511 503 1814 576 1043 20570 3012 119458 698
internal_value=5.20622e-06 0.000166446 -0.00186886 -9.91405e-05 0.00125626 0.000646895 -0.00330015 0.000214916 -0.00185303 0.000246834 0.00081165 0.00254802 0.000140069 -0.000938244
internal_weight=409885 161040 3745 248845 7510 6733 1014 157295 2390 154905 24625 4055 130280 10822
internal_count=409885 161040 3745 248845 7510 6733 1014 157295 2390 154905 24625 4055 130280 10822
is_linear=0
shrinkage=0.05


Tree=30
num_leaves=15
num_cat=0
split_feature=11 22 22 19 10 19 19 19 19 19 19 12 19 8
split_gain=2.56552 4.13344 7.81231 4.71151 11.6886 8.03693 5.22226 4.24624 3.81902 6.6022 3.32451 2.98846 2.91207 3.69486
threshold=0.41674857223619416 -0.00030812269033381185 -0.0014157706227118092 0.003878626571206079 1.0000000180025095e-35 0.0037095677281956401 0.01215554638199823 -0.0092689585092878262 -0.0029097576167193546 -0.0018086602704558972 -0.017798949852377007 0.0074892342288458433 -0.016174184498371321 0.41255605381165872
decision_type=2 2 2 2 2 2 2 2 2 2 2 2 2 2
left_child=-1 2 7 4 -3 8 -5 10 -6 -10 -2 -8 13 -12
right_child=1 3 -4 6 5 -7 11 -9 9 -11 12 -13 -14 -15
leaf_value=4.9170904822845174e-05 0.0008580283622930604 0.001780542251504977 0.003493086799861616 0.00035895677662149006 0.00088104661188779902 -0.0080835443842162871 -0.0052502034576932342 0.00042784506106389715 -0.0061609224424774046 -0.0017714959225276659 -0.001172911767235771 -0.001185587432095089 -0.00088567316572423557 -0.0058085772524612616
leaf_weight=358698 1915 2063 1619 11287 1004 582 506 14308 1005 5784 953 4198 4943 783
leaf_count=358698 1915 2063 1619 11287 1004 582 506 14308 1005 5784 953 4198 4943 783
internal_value=2.01217e-06 -0.000329989 0.000137557 -0.00076377 -0.00159002 -0.0024204 -0.000224377 -9.97962e-05 -0.00199648 -0.00242209 -0.000978205 -0.00162383 -0.00150474 -0.00326591
internal_weight=409648 50950 24521 26429 10438 8375 15991 22902 7793 6789 8594 4704 6679 1736
internal_count=409648 50950 24521 26429 10438 8375 15991 22902 7793 6789 8594 4704 6679 1736
is_linear=0
shrinkage=0.05


Tree=31
num_leaves=15
num_cat=0
split_feature=11 22 22 13 19 19 19 11 13 9 22 17 20 22
split_gain=2.56231 3.28268 6.57685 4.50362 6.81303 3.7351 3.23705 2.69578 3.40472 3.43623 3.08724 6.20489 4.45744 3.03177
threshold=0.41674857223619416 -0.00030812269033381185 -0.0014157706227118092 1.6815951236703517 0.0043137439807473541 -0.0092689585092878262 -0.017798949852377007 -1.141949083518101 1.5335466921100804 0.36538461538461547 0.022928147465246743 -0.010231706327146315 0.016464870852436312 0.024456199472105426
decision_type=2 2 2 2 2 2 2 2 2 2 2 2 2 2
left_child=7 2 5 -3 -5 6 -2 8 9 -1 -9 -12 13 -13
right_child=1 3 -4 4 -6 -7 -8 10 -10 -11 11 12 -14 -15
leaf_value=0.00016708612161929113 0.00084070878477050532 -0.00055387297300354575 0.0031292371321117052 -0.0062240529342667663 0.00016863965358740587 0.00034975316554337074 -0.0014834132593651947 2.5676451869189896e-05 0.0025084123126572723 -0.0027275792992464067 -0.0024432724184312773 0.0031181057384330208 -0.0018232262980498897 0.00097640674952232265
leaf_weight=1676 1929 24692 1647 890 783 14517 6699 337608 569 2639 1419 1910 1272 12230
leaf_count=1676 1929 24692 1647 890 783 14517 6699 337608 569 2639 1419 1910 1272 12230
internal_value=-4.58803e-06 -0.000335662 7.73766e-05 -0.000724046 -0.00323382 -0.00013992 -0.000963762 4.2548e-05 -0.00112401 -0.00160348 5.86258e-05 0.000719506 0.00101085 0.0012659
internal_weight=410480 51157 24792 26365 1673 23145 8628 359323 4884 4315 354439 16831 15412 14140
internal_count=410480 51157 24792 26365 1673 23145 8628 359323 4884 4315 354439 16831 15412 14140
is_linear=0
shrinkage=0.05


Tree=32
num_leaves=15
num_cat=0
split_feature=17 22 22 18 22 7 17 21 10 5 22 20 22 22
split_gain=2.4866 4.46725 6.17561 5.71154 7.52968 4.68493 4.26282 7.49698 8.70615 7.64724 3.54406 6.37539 5.10894 5.0732
threshold=0.0031394545230130082 0.0092420802283824672 0.0090451555060858686 -0.011071741775213315 -0.029506454416010127 0.35264493796423607 0.010479764971520479 0.24948022007290455 1.5000000000000002 0.0024331113631294132 0.012564574239471217 -0.010626602643653336 0.011667948686343356 0.015520099466824535
decision_type=2 2 2 2 2 2 2 2 2 2 2 2 2 2
left_child=10 2 3 -2 5 -5 -6 8 -8 -10 12 13 -1 -12
right_child=1 -3 -4 4 6 -7 7 -9 9 -11 11 -13 -14 -15
leaf_value=-0.00011184248667065204 0.0029863557975881565 -0.00035502926491534853 0.0049180072594050992 -0.0012258347123659697 0.0002378385735950913 -0.006343476542281009 1.710810435356055e-06 0.00062631330608780861 0.0017728152848734916 0.0096810727071076665 0.0013126885531689926 0.00058315822296417736 -0.0014495098154728089 -0.0016416764297612658
leaf_weight=246327 1995 27018 744 2868 66038 529 829 7571 504 778 1893 39381 7350 6243
leaf_count=246327 1995 27018 744 2868 66038 529 829 7571 504 778 1893 39381 7350 6243
internal_value=-2.34898e-06 0.000202439 0.000386443 0.000344817 0.000278171 -0.00202442 0.000381497 0.00136122 0.00399538 0.00657586 -7.63749e-05 0.000319911 -0.000150605 -0.000954209
internal_weight=410068 108874 81856 81112 79117 3397 75720 9682 2111 1282 301194 47517 253677 8136
internal_count=410068 108874 81856 81112 79117 3397 75720 9682 2111 1282 301194 47517 253677 8136
is_linear=0
shrinkage=0.05


Tree=33
num_leaves=15
num_cat=0
split_feature=11 13 11 22 22 14 13 11 4 5 22 21 22 17
split_gain=2.9525 3.67807 2.45602 2.69992 7.04936 4.65556 5.48849 3.04017 3.01648 2.81212 4.99579 3.7241 2.5958 6.1441
threshold=-1.141949083518101 1.5335466921100804 0.38521310393701347 -0.00030812269033381185 -0.0014157706227118092 0.010983027396795244 1.7202317707719303 1.033669526554259 0.0053912311282571417 0.0019830819507599367 -0.010125440016726659 -0.10907353033674998 0.02110561493580099 -0.010231706327146315
decision_type=2 2 2 2 2 2 2 2 2 2 2 2 2 2
left_child=1 -1 12 4 7 6 -5 8 9 10 -4 -11 -2 -14
right_child=2 -3 3 5 -6 -7 -8 -9 -10 11 -12 -13 13 -15
leaf_value=-0.0017170453837910419 2.2928763833246976e-05 0.0025919776291522733 -0.0020628163105443627 -0.0013397985145862591 0.0031905027429015454 -0.00028875117285920201 -0.006444248280066252 0.0014007620921222723 -0.0038814021839968433 0.0015952466309797385 0.00010900052375882013 -0.00029314915414688138 -0.0022265191587039191 0.00083203942290184247
leaf_weight=4346 324199 558 4634 6158 1692 23983 575 2866 580 3756 6176 8557 1786 20236
leaf_count=4346 324199 558 4634 6158 1692 23983 575 2866 580 3756 6176 8557 1786 20236
internal_value=-6.95526e-06 -0.00122632 7.80532e-06 -0.000290447 6.22435e-05 -0.00061494 -0.00177661 -0.000137087 -0.000323084 -0.000233666 -0.000822112 0.000282976 5.86118e-05 0.000583898
internal_weight=410102 4904 405198 58977 28261 30716 6733 26569 23703 23123 10810 12313 346221 22022
internal_count=410102 4904 405198 58977 28261 30716 6733 26569 23703 23123 10810 12313 346221 22022
is_linear=0
shrinkage=0.05


Tree=34
num_leaves=15
num_cat=0
split_feature=10 20 20 22 3 20 22 22 20 11 18 22 21 20
split_gain=2.4742 8.79774 4.67999 4.69566 3.24429 3.94581 5.2871 5.67947 5.18491 5.14641 3.20685 3.07843 2.88137 2.67359
threshold=1.5000000000000002 0.022606724889857491 0.027853144365438291 -0.0077084033250290887 -0.010192586218277842 -0.012571112126123938 -0.020017855619632815 -0.014169311429866936 -0.017263253443804857 0.20906841613908997 -0.44619215653944616 0.019151456701142936 -0.28544799854585096 0.001039453524310008
decision_type=2 2 2 2 2 2 2 2 2 2 2 2 2 2
left_child=1 4 13 -4 11 6 -6 -8 10 -10 -9 12 -1 -2
right_child=2 -3 3 -5 5 -7 7 8 9 -11 -12 -13 -14 -15
leaf_value=0.0019921768586078177 -0.00025797825397429295 -0.0049701614736521226 0.0062948534557849605 -5.9888518916011919e-05 0.0033686924683937075 0.00018067770548024604 -0.0053036079026957316 -0.0022045076518677886 -0.0011886416410279367 -0.0060794779180004602 0.001585863632177157 0.0039138468539411542 0.00022014069944352617 7.2022237154765643e-05
leaf_weight=3305 135258 831 572 590 631 141330 823 748 2293 702 2188 834 7495 112365
leaf_count=3305 135258 831 572 590 631 141330 823 748 2293 702 2188 834 7495 112365
internal_value=5.49702e-06 0.000158102 -9.33713e-05 0.00307099 0.00018471 0.000121802 -0.00100481 -0.00141384 -0.000873287 -0.00233665 0.000619775 0.000988773 0.000762551 -0.000108233
internal_weight=409965 161180 248785 1162 160349 148715 7385 6754 5931 2995 2936 11634 10800 247623
internal_count=409965 161180 248785 1162 160349 148715 7385 6754 5931 2995 2936 11634 10800 247623
is_linear=0
shrinkage=0.05


Tree=35
num_leaves=15
num_cat=0
split_feature=19 22 22 19 22 21 22 19 14 19 20 11 21 22
split_gain=2.2595 7.63848 7.05943 5.8224 5.71262 5.39999 7.70654 4.77155 6.50861 6.32651 4.4882 4.05437 3.92736 3.89781
threshold=-0.0030796110586879251 -0.013009787692178419 -0.001994881236451806 -0.0027313307792880544 -0.0085634188366539004 -0.31143932449797945 -0.023954451333595025 -0.0043087394022177086 -0.0041081670466320266 -0.0059648459781788668 0.0051217691105517335 -0.64520858799654657 -0.22775094301884899 -0.001246851676829752
decision_type=2 2 2 2 2 2 2 2 2 2 2 2 2 2
left_child=2 12 5 13 10 6 -1 9 -9 -8 -5 -6 -2 -3
right_child=1 3 -4 4 11 -7 7 8 -10 -11 -12 -13 -14 -15
leaf_value=0.0048018477463390623 -0.0073908583331599971 -0.00078543879940640268 0.0016576965360392941 0.007033970369283527 -0.00099399826751720094 -2.6942579334553973e-05 0.00050278930605968412 0.0013368011961724805 -0.0058981662969384988 0.0043112345732514547 0.00079003059217248319 -3.871730127153547e-06 -0.0015241540725795535 -0.0034145850230327974
leaf_weight=1267 514 5769 7505 500 10766 110848 7174 629 613 1285 677 260153 641 1865
leaf_count=1267 514 5769 7505 500 10766 110848 7174 629 613 1285 677 260153 641 1865
internal_value=-3.46419e-06 -8.30884e-05 0.000169479 -6.63264e-05 -2.81148e-05 7.77778e-05 0.00113604 0.00065682 -0.00223595 0.00108177 0.00344623 -4.32217e-05 -0.0041391 -0.00142811
internal_weight=410206 280885 129321 279730 272096 121816 10968 9701 1242 8459 1177 270919 1155 7634
internal_count=410206 280885 129321 279730 272096 121816 10968 9701 1242 8459 1177 270919 1155 7634
is_linear=0
shrinkage=0.05


Tree=36
num_leaves=15
num_cat=0
split_feature=10 20 17 19 13 21 19 17 22 19 21 12 7 22
split_gain=2.39631 8.28362 4.18759 7.974 9.67631 5.14644 3.13132 5.63623 3.91922 3.78935 3.05969 2.99287 2.73664 2.61111
threshold=1.5000000000000002 0.022606724889857491 0.011481856311468254 0.010008584111975806 1.4917991362724539 0.16700994173500236 0.025366857688590153 -0.0087495576860018281 0.027981785824742315 0.020245708085948947 -0.33277038721583363 0.088211248814122359 0.67949542933190676 0.021306054382222109
decision_type=2 2 2 2 2 2 2 2 2 2 2 2 2 2
left_child=1 11 6 4 -4 -5 8 10 12 -10 -8 -1 13 -2
right_child=2 -3 3 5 -6 -7 7 -9 9 -11 -12 -13 -14 -15
leaf_value=0.00019648859417314079 -0.00015059740519375668 -0.0048333220179025069 0.0012276846670230327 0.0011274692051762979 0.0084350499268818682 -0.005181441317287927 0.0010052149680662883 0.0027372879893275363 -0.0047146718276040644 -0.00087366846216112195 -0.0043711940433542682 -0.0027662084340967555 -0.0035125098145219469 0.00072141443230641048
leaf_weight=159572 224458 827 5724 567 506 750 534 2353 852 2600 523 856 594 8925
leaf_count=159572 224458 827 5724 567 506 750 534 2353 852 2600 523 856 594 8925
internal_value=4.83139e-06 0.000154919 -9.26075e-05 0.00106706 0.00181433 -0.00246651 -0.000128952 0.00137522 -0.00015056 -0.00182277 -0.00165663 0.000180663 -0.000125882 -0.000117247
internal_weight=409641 161255 248386 7547 6230 1317 240839 3410 237429 3452 1057 160428 233977 233383
internal_count=409641 161255 248386 7547 6230 1317 240839 3410 237429 3452 1057 160428 233977 233383
is_linear=0
shrinkage=0.05


Tree=37
num_leaves=15
num_cat=0
split_feature=19 22 22 10 9 19 13 22 20 18 22 13 21 20
split_gain=2.23261 7.10067 5.85503 6.42937 15.6475 4.27286 6.10502 5.50077 4.41791 6.12319 4.8331 4.23103 8.15669 6.15085
threshold=-0.0031689393508829151 -0.013009787692178419 -0.001994881236451806 2.5000000000000004 0.27564102564102572 -0.0017476816039254104 1.9504839045736471 -0.0044739877203233127 -0.0011562184292124853 -0.12367118972336145 -0.0069106714129071869 1.4917991362724539 -0.10907353033674998 0.013706028312439391
decision_type=2 2 2 2 2 2 2 2 2 2 2 2 2 2
left_child=2 -2 11 -4 -5 6 -3 8 9 -7 -10 -1 -13 -14
right_child=1 5 3 4 -6 7 -8 -9 10 -11 -12 12 13 -15
leaf_value=-6.0088269495077727e-06 -0.0039477733528193414 -0.00053629165065259728 0.00063683314001510634 0.011281663099943041 0.0012740930407068472 0.002575453146920341 -0.0059369875832258681 -3.6441008223052941e-05 0.0058136200225623437 -0.0022486383695534875 0.0015535034652754487 0.0033650822580562271 -0.00017384224983250788 0.0043145761550502752
leaf_weight=109109 1180 28712 5187 535 1441 1127 532 244778 810 1577 3726 2770 7981 843
leaf_count=109109 1180 28712 5187 535 1441 1127 532 244778 810 1577 3726 2770 7981 843
internal_value=-4.21e-07 -7.88965e-05 0.000172922 0.00156171 0.00398797 -6.26511e-05 -0.000634739 3.73591e-06 0.0013619 -0.000237797 0.00231535 9.04934e-05 0.00099858 0.000255399
internal_weight=410308 282442 127866 7163 1976 281262 29244 252018 7240 2704 4536 120703 11594 8824
internal_count=410308 282442 127866 7163 1976 281262 29244 252018 7240 2704 4536 120703 11594 8824
is_linear=0
shrinkage=0.05


Tree=38
num_leaves=15
num_cat=0
split_feature=10 20 13 22 18 22 19 9 22 22 12 19 13 9
split_gain=2.19323 4.32402 4.56744 3.83089 5.71434 4.7825 3.20065 5.22168 4.06697 5.29783 3.09327 3.23768 2.98672 3.71354
threshold=2.5000000000000004 -0.00050790040638554179 1.0470653086992794 -0.0028981552043372823 -0.14649570958848956 -0.003171995616077949 -0.0029097576167193546 0.30128205128205138 0.0085036783938022848 0.0081130223384630069 0.077087298858586242 0.02854662016774057 0.67429223514136971 0.36538461538461547
decision_type=2 2 2 2 2 2 2 2 2 2 2 2 2 2
left_child=10 -2 3 4 -3 -6 7 -5 9 -8 11 12 13 -1
right_child=1 2 -4 6 5 -7 8 -9 -10 -11 -12 -13 -14 -15
leaf_value=-0.00063107012969938108 -0.00040836551007189092 -0.0034212539375258638 -0.00046572678143238963 0.0064147869914227542 0.00088183163755350784 0.0050512942298727662 -0.00037181307615225494 0.0004053976291811469 0.00052119783235393246 -0.0051328917104671848 -0.0018008921121845389 0.0028917657282273275 0.00021623384514022435 0.00012022981599389016
leaf_weight=26942 77038 748 25029 506 20250 711 21027 1260 17493 600 2119 1046 173216 42222
leaf_count=26942 77038 748 25029 506 20250 711 21027 1260 17493 600 2119 1046 173216 42222
internal_value=6.07364e-06 -0.000135108 0.000105139 0.000333407 0.000870197 0.00102349 4.83769e-05 0.00212988 -4.56409e-05 -0.000504131 0.00010075 0.000117311 0.000105326 -0.000172435
internal_weight=410207 164662 87624 62595 21709 20961 40886 1766 39120 21627 245545 243426 242380 69164
internal_count=410207 164662 87624 62595 21709 20961 40886 1766 39120 21627 245545 243426 242380 69164
is_linear=0
shrinkage=0.05


Tree=39
num_leaves=15
num_cat=0
split_feature=22 22 9 11 18 22 22 17 19 13 19 22 19 22
split_gain=2.14216 6.78496 2.69904 4.32579 2.8308 2.63226 2.75089 8.2916 3.24409 1.92519 1.90288 7.12529 5.95224 5.7413
threshold=0.035940183515538189 0.034711730432517525 0.37820512820512825 -0.15311608876111596 0.054365618071769199 0.030750262930672626 0.033548887810287871 -0.0010080138519906743 0.024298371360188867 1.408654266554995 -0.0030796110586879251 -0.013009787692178419 -0.0027313307792880544 -0.001994881236451806
decision_type=2 2 2 2 2 2 2 2 2 2 2 2 2 2
left_child=1 5 3 -2 -4 10 7 -7 -9 -8 13 -12 -13 -1
right_child=2 -3 4 -5 -6 6 9 8 -10 -11 11 12 -14 -15
leaf_value=6.3521881737981108e-05 -0.0040598532822759669 -0.0039054025805971872 0.0051645225834396555 0.0018939873746564727 0.001062752108967944 0.0073137041496351409 -0.0026901499109461564 -0.0017117431635832203 0.0026855486619515559 0.0014489571591128642 -0.0039467775321943696 -0.0014446354482674777 -2.9538068523821539e-05 0.0014826722695290692
leaf_weight=121724 503 1114 657 772 1168 619 568 816 861 554 1189 7645 264281 7569
leaf_count=121724 503 1114 657 772 1168 619 568 816 861 554 1189 7645 264281 7569
internal_value=-4.00694e-07 -1.03769e-05 0.00130877 -0.000456202 0.00254141 3.24581e-07 0.00138181 0.00237307 0.000546155 -0.000646949 -1.1413e-05 -8.62224e-05 -6.93277e-05 0.000146612
internal_weight=410040 406940 3100 1275 1825 405826 3418 2296 1677 1122 402408 273115 271926 129293
internal_count=410040 406940 3100 1275 1825 405826 3418 2296 1677 1122 402408 273115 271926 129293
is_linear=0
shrinkage=0.05


Tree=40
num_leaves=15
num_cat=0
split_feature=13 19 9 20 20 22 9 10 19 14 19 3 21 22
split_gain=2.09897 3.92321 2.49542 2.43709 2.15579 6.59774 5.12563 3.44383 3.34794 3.88986 3.79952 3.3679 3.21142 5.75444
threshold=0.67652901727694992 0.026478664209438677 0.14743589743589747 0.0083350926104180951 -0.011327859930278792 -0.023954451333595025 0.41666666666666669 3.5000000000000004 -0.01361614488080015 -0.0089739334028789402 -0.0030796110586879251 -0.0005298153597191323 -0.34002485475271937 -0.012725791835596576
decision_type=2 2 2 2 2 2 2 2 2 2 2 2 2 2
left_child=1 2 3 -1 5 6 -2 -8 9 -7 -10 -12 13 -6
right_child=4 -3 -4 -5 12 8 7 -9 10 -11 11 -13 -14 -15
leaf_value=-0.001130476661501234 -0.00079537617713687958 0.0036343516458475773 -0.00014594820296351147 0.001983873083142032 0.0044867699352402262 -0.00077355756851118845 0.0065399429356159354 0.0012260540495831022 0.00060905536639629303 -0.0058401776012701884 -0.00041441956814431812 -0.0020244137892613564 6.3226144288978735e-05 0.00055948394614149441
leaf_weight=10316 798 661 97405 668 1062 925 732 523 6067 641 11831 4477 266480 7615
leaf_count=10316 798 661 97405 668 1062 925 732 523 6067 641 11831 4477 266480 7615
internal_value=-1.51271e-05 -0.000203081 -0.000226517 -0.000940912 5.29336e-05 -0.000382303 0.00233726 0.00432821 -0.0006156 -0.00284985 -0.000459107 -0.000856505 9.40515e-05 0.00104062
internal_weight=410201 109050 108389 10984 301151 25994 2053 1255 23941 1566 22375 16308 275157 8677
internal_count=410201 109050 108389 10984 301151 25994 2053 1255 23941 1566 22375 16308 275157 8677
is_linear=0
shrinkage=0.05


Tree=41
num_leaves=15
num_cat=0
split_feature=11 22 22 19 10 13 19 19 19 19 13 4 12 10
split_gain=1.88195 2.66591 6.38743 4.23043 10.1705 8.36438 4.17183 4.08242 3.15223 2.58675 3.0093 2.68193 2.58597 2.47031
threshold=0.41674857223619416 -0.00030812269033381185 -0.0014157706227118092 0.003878626571206079 1.0000000180025095e-35 0.95055104260658785 0.01215554638199823 -0.0092689585092878262 -0.017798949852377007 -0.0071291516984987582 0.73672654937744242 0.0031517210844515804 0.0067233079049410236 2.5000000000000004
decision_type=2 2 2 2 2 2 2 2 2 2 2 2 2 2
left_child=-1 2 7 4 -3 -6 -5 8 -2 10 -9 -11 -7 -4
right_child=1 3 13 6 5 12 -8 9 -10 11 -12 -13 -14 -15
leaf_value=5.0936025523892964e-05 0.00080301113937910208 0.001751526948788456 0.001635793710157705 0.00041034166678609172 -0.00086751667592625803 -0.0061131037997680148 -0.0013571717759975532 -0.00084121238809943565 -0.001482366813628059 -0.00020697518761236689 0.0028836664960220706 0.0020543112664578632 -0.0031492745347419132 0.005671359140101178
leaf_weight=358841 1944 2041 1031 11261 4915 1081 4744 760 6731 10183 1888 1504 2319 600
leaf_count=358841 1944 2041 1031 11261 4915 1081 4744 760 6731 10183 1888 1504 2319 600
internal_value=1.05427e-05 -0.000273653 0.000100243 -0.000623143 -0.00141052 -0.0021868 -0.000113614 -0.000114139 -0.000970198 0.000403947 0.00181468 8.41806e-05 -0.00409312 0.00312293
internal_weight=409843 51002 24641 26361 10356 8315 16005 23010 8675 14335 2648 11687 3400 1631
internal_count=409843 51002 24641 26361 10356 8315 16005 23010 8675 14335 2648 11687 3400 1631
is_linear=0
shrinkage=0.05


Tree=42
num_leaves=15
num_cat=0
split_feature=14 21 22 20 13 21 9 9 9 19 17 13 13 9
split_gain=2.37718 3.98514 8.68683 4.37776 9.10218 3.55727 3.81986 3.39051 3.25439 3.27408 3.52773 3.05447 2.984 2.93386
threshold=-0.024925032373514674 0.32432235501477152 -0.029506454416010127 0.013706028312439391 1.3384811210997014 -0.40579908613588073 0.5064102564102565 0.35256410256410259 0.53205128205128216 -0.015369902406364875 0.0075034646220074616 0.92686354097004386 2.4639521342223616 0.30128205128205138
decision_type=2 2 2 2 2 2 2 2 2 2 2 2 2 2
left_child=1 3 -3 5 7 6 -1 -5 -4 -10 -11 -9 -2 -7
right_child=12 2 8 4 -6 13 -8 11 9 10 -12 -13 -14 -15
leaf_value=0.0042293096202896275 -4.7502228216311917e-05 -0.0071126359172138977 -0.0014829682706177143 0.0045192271616050902 0.0084360934582411156 0.00070897126660070947 0.000531060695535193 -0.0021433099255175983 0.003688367458370321 0.0019502260981347085 -0.0014563653421403918 0.0022739377699808327 -0.0028147966342993162 -2.6879732255429392e-05
leaf_weight=1162 334735 510 3458 502 502 20365 1748 885 712 1284 1859 700 976 40448
leaf_count=1162 334735 510 3458 502 502 20365 1748 885 712 1284 1859 700 976 40448
internal_value=1.03172e-06 0.000257279 -0.000809961 0.000383194 0.0023983 0.000301286 0.00200876 0.000942638 -0.000369508 0.000629411 -6.45035e-05 -0.000192271 -5.55558e-05 0.000219549
internal_weight=409846 74135 7823 66312 2589 63723 2910 2087 7313 3855 3143 1585 335711 60813
internal_count=409846 74135 7823 66312 2589 63723 2910 2087 7313 3855 3143 1585 335711 60813
is_linear=0
shrinkage=0.05


Tree=43
num_leaves=15
num_cat=0
split_feature=14 18 19 7 18 19 8 17 19 19 19 22 21 4
split_gain=1.98355 4.45278 3.53584 2.92507 2.55253 5.81731 5.92786 2.61426 2.49232 5.25753 4.57434 3.61342 3.57017 3.24054
threshold=-0.027136261080040299 -0.32986790042828629 -0.0029097576167193546 0.67949542933190676 -0.678561024072874 0.0043137439807473541 0.12444111277694404 -0.014499205430041349 -0.015770480814588091 -0.019340890612886571 -0.015240296813500585 -0.022191097607884566 -0.26181557020458729 0.0017185756237586244
decision_type=2 2 2 2 2 2 2 2 2 2 2 2 2 2
left_child=1 2 -1 -3 5 6 7 -2 9 -6 -10 13 -11 -12
right_child=4 3 -4 -5 8 -7 -8 -9 10 12 11 -13 -14 -15
leaf_value=0.0027117773189316557 0.0008022577523832512 0.00017121775134653879 1.4992633849104013e-06 -0.0032370651468066991 0.0003325053449820209 0.0016742571398183634 -0.0075371608407175565 -0.0037067291285658014 0.0020664855910515439 0.00092982368782321481 7.2504599562572369e-05 -7.347022703764033e-06 -0.0022759101432063438 -0.0034480770602150395
leaf_weight=3142 679 61735 1950 635 5941 925 548 609 2641 1041 1188 321551 5226 1452
leaf_count=3142 679 61735 1950 635 5941 925 548 609 2641 1041 1188 321551 5226 1452
internal_value=4.77994e-06 0.000252547 0.00167407 0.000136466 -4.41229e-05 -0.00155797 -0.00318643 -0.00133093 -3.17903e-05 -0.000733193 -5.58892e-06 -2.24753e-05 -0.00174335 -0.00186439
internal_weight=409263 67462 5092 62370 341801 2761 1836 1288 339040 12208 326832 324191 6267 2640
internal_count=409263 67462 5092 62370 341801 2761 1836 1288 339040 12208 326832 324191 6267 2640
is_linear=0
shrinkage=0.05


Tree=44
num_leaves=15
num_cat=0
split_feature=11 13 9 13 14 11 19 19 21 21 19 20 11 19
split_gain=2.01897 3.32713 3.51397 2.36919 2.15957 4.29593 4.47867 6.59565 5.73505 3.32653 3.28292 3.17853 5.24401 3.50582
threshold=-1.141949083518101 1.5335466921100804 0.37820512820512825 0.8596540314175386 -0.027136261080040299 -0.60076128894494452 -0.0023815024937178238 -0.0051551365728957346 0.24948022007290455 0.23187320464230543 -0.020040447767126709 -0.0060670566255973659 -0.30682610551850492 -0.015770480814588091
decision_type=2 2 2 2 2 2 2 2 2 2 2 2 2 2
left_child=1 2 3 -1 5 6 7 -2 -9 -7 -11 12 -6 -13
right_child=4 -3 -4 -5 11 9 -8 8 -10 10 -12 13 -14 -15
leaf_value=-0.0013950955928525332 0.0012680498049723258 0.0025729257315726265 -0.002636497809943883 0.0022997024236840143 -0.0014013289223306147 0.00030369790344478525 -7.834411251197552e-05 0.0086699809862503946 0.0017302463495606473 -0.0034667312146763 -0.00040735839018961339 -0.00092461836126794198 -0.00015848027454893758 7.2595098917761073e-05
leaf_weight=969 3956 574 2609 784 9997 44893 3427 651 549 970 9050 9114 56170 266554
leaf_count=969 3956 574 2609 784 9997 44893 3427 651 549 970 9050 9114 56170 266554
internal_value=2.42523e-06 -0.00100259 -0.00147358 0.00025771 1.46665e-05 0.000282448 0.00132264 0.00225366 0.00549914 0.000119842 -0.000703842 -3.50747e-05 -0.000346277 3.96225e-05
internal_weight=410267 4936 4362 1753 405331 63496 8583 5156 1200 54913 10020 341835 66167 275668
internal_count=410267 4936 4362 1753 405331 63496 8583 5156 1200 54913 10020 341835 66167 275668
is_linear=0
shrinkage=0.05


Tree=45
num_leaves=15
num_cat=0
split_feature=22 22 9 11 18 22 22 21 19 22 21 18 13 22
split_gain=1.75613 5.49603 2.47639 4.28349 2.92505 2.05918 2.86874 4.14094 3.41281 2.03707 4.55806 4.53778 1.78282 2.99571
threshold=0.035940183515538189 0.034711730432517525 0.37820512820512825 -0.15311608876111596 0.054365618071769199 0.030750262930672626 0.033548887810287871 0.044891866602446436 0.024298371360188867 0.027981785824742315 -0.050196684810414664 0.095661719350738375 0.67652901727694992 0.025661183302624017
decision_type=2 2 2 2 2 2 2 2 2 2 2 2 2 2
left_child=1 5 3 -2 -4 9 7 -7 -9 12 -11 -12 13 -1
right_child=2 -3 4 -5 -6 6 -8 8 -10 10 11 -13 -14 -15
leaf_value=-0.00015320105557823174 -0.0040909249986943036 -0.0034778011265070908 0.0051215069041964378 0.0019143336836478103 0.00090283303724501482 0.0053297279699480588 -0.00080846865842030408 -0.0022005804421135543 0.0026664290615625087 -0.0039639012853674655 0.0028315214082000597 -0.0030389001515990946 6.0929815378652508e-05 -0.0030710519232723769
leaf_weight=106326 501 1139 629 726 1183 738 1148 591 919 1035 806 555 293188 886
leaf_count=106326 501 1139 629 726 1183 738 1148 591 919 1035 806 555 293188 886
internal_value=-2.02664e-06 -1.09622e-05 0.00119526 -0.000539026 0.00236928 -1.23233e-06 0.00122464 0.0022628 0.000761331 -1.15708e-05 -0.00146483 0.000437158 -2.87082e-06 -0.000177343
internal_weight=410370 407331 3039 1227 1812 406192 3396 2248 1510 402796 2396 1361 400400 107212
internal_count=410370 407331 3039 1227 1812 406192 3396 2248 1510 402796 2396 1361 400400 107212
is_linear=0
shrinkage=0.05


Tree=46
num_leaves=15
num_cat=0
split_feature=11 19 20 22 20 8 19 9 13 11 11 13 21 20
split_gain=1.67551 2.61425 5.12134 5.68558 2.90161 3.12386 3.66626 2.40191 3.59436 2.71363 2.5646 2.54556 2.38165 2.24722
threshold=0.38521310393701347 0.013455397514045455 -0.018061673247038165 0.018468896356771961 0.0048739904828056799 0.52141292468185518 -0.0092689585092878262 0.22435897435897439 0.82427966756060511 1.1144467114136523 0.53612998392257671 1.3384811210997014 -0.23269380093405506 0.015710745180015476
decision_type=2 2 2 2 2 2 2 2 2 2 2 2 2 2
left_child=-1 4 -3 -4 5 7 -7 11 9 -9 -10 -2 -8 -6
right_child=1 2 3 -5 13 6 12 8 10 -11 -12 -13 -14 -15
leaf_value=3.5194970049692911e-05 0.00045091705808868155 0.0028352096397097409 -0.0062928104727252923 -0.0012055294011422426 0.00062105285867659671 -0.0026552743072650034 -0.0036763870989714926 0.00022499651869303932 -7.6224556323559547e-05 0.003353823211258905 -0.0015679387467189753 0.0034571016571971779 -0.00044413729681753116 -0.0026496910167284745
leaf_weight=350960 4498 588 683 2791 12612 2537 595 7862 5565 759 5974 834 13037 547
leaf_count=350960 4498 588 683 2791 12612 2537 595 7862 5565 759 5974 834 13037 547
internal_value=-6.21452e-06 -0.000253028 -0.00147679 -0.00220723 -0.000162326 -0.000366765 -0.000910382 -2.1939e-05 -0.000271546 0.000500818 -0.000848588 0.000921687 -0.000585476 0.000484902
internal_weight=409842 58882 4062 3474 54820 41661 16169 25492 20160 8621 11539 5332 13632 13159
internal_count=409842 58882 4062 3474 54820 41661 16169 25492 20160 8621 11539 5332 13632 13159
is_linear=0
shrinkage=0.05


Tree=47
num_leaves=15
num_cat=0
split_feature=13 19 9 22 22 20 20 12 10 19 22 11 13 19
split_gain=1.765 3.39735 2.51663 4.14796 5.20321 2.78977 2.00151 3.81194 2.55674 2.00617 2.6425 1.92792 1.85673 1.85184
threshold=0.67652901727694992 0.026478664209438677 0.19871794871794876 0.024794861960956153 0.016934383436156834 0.0094449370199337652 -0.0025215471220158543 -0.010096230689841888 1.0000000180025095e-35 -0.001328707659335848 -0.0035507500699033519 -0.15701458788404141 0.60983725796448451 -0.0034896276896106411
decision_type=2 2 2 2 2 2 2 2 2 2 2 2 2 2
left_child=1 2 3 4 5 6 7 -1 -8 10 -9 -4 -13 -2
right_child=13 -3 11 -5 -6 -7 8 9 -10 -11 -12 12 -14 -15
leaf_value=0.00056567973031245052 0.00022731813402769729 0.0033938739400235299 -0.00046742408114138672 -0.0050619118208778402 0.0025729248917312265 0.0020321778044026452 -0.0020875831954874084 -0.0019988326257876715 -0.00020687977127901332 -0.0018194195497308358 -0.0067230357633851438 0.00023608076371707746 -0.00033266471491107466 -3.5831772841948705e-05
leaf_weight=1264 100452 659 25096 537 1200 807 2284 607 8642 2553 579 43529 21406 199889
leaf_count=1264 100452 659 25096 537 1200 807 2284 607 8642 2553 579 43529 21406 199889
internal_value=-1.03995e-05 -0.000182579 -0.000204331 -0.000735914 -0.00060612 -0.000834203 -0.000979539 -0.00180773 -0.000600182 -0.00261001 -0.00430889 -9.52517e-05 4.859e-05 5.21818e-05
internal_weight=409504 109163 108504 18473 17936 16736 15929 5003 10926 3739 1186 90031 64935 300341
internal_count=409504 109163 108504 18473 17936 16736 15929 5003 10926 3739 1186 90031 64935 300341
is_linear=0
shrinkage=0.05


Tree=48
num_leaves=15
num_cat=0
split_feature=14 21 19 17 13 20 19 19 22 19 14 21 4 21
split_gain=1.83237 3.11158 6.97341 4.4361 6.17874 2.78358 3.49438 4.41843 5.16615 3.83728 3.38778 3.04385 2.83986 2.72548
threshold=-0.024925032373514674 0.31810431563823321 -0.020040447767126709 0.012730570588721736 1.0335918714290739 -0.0060670566255973659 -0.015770480814588091 -0.012757287396889692 -0.022191097607884566 -0.019340890612886571 0.0058496509058140198 0.58031304611851608 0.0069696018023244133 -0.40579908613588073
decision_type=2 2 2 2 2 2 2 2 2 2 2 2 2 2
left_child=1 3 -3 13 -5 -2 9 -8 -9 10 -7 12 -10 -1
right_child=5 2 -4 4 -6 6 7 8 11 -11 -12 -13 -14 -15
leaf_value=0.0017834992280596205 -0.00033752194085806894 -0.0052341034357249374 -0.00021971217332164623 -0.00029209537138420244 0.0074227614064323565 -0.00098209105757320904 0.0012419391939255421 -0.0042696971558808441 2.9337633238471036e-05 -0.0021022945313700276 0.0019563628973723489 0.002052135332600897 -0.0029451604739557488 0.00022209800950130171
leaf_weight=2926 65113 765 7311 516 521 2788 7655 698 251891 3984 1512 1855 804 61906
leaf_count=2926 65113 765 7311 516 521 2788 7655 698 251891 3984 1512 1855 804 61906
internal_value=5.59421e-06 0.000230946 -0.00069529 0.000344518 0.00358735 -4.39562e-05 2.65309e-05 5.83924e-05 2.28926e-05 -0.000984516 5.1366e-05 3.468e-05 1.98621e-05 0.000292594
internal_weight=410245 73945 8076 65869 1037 336300 271187 262903 255248 8284 4300 254550 252695 64832
internal_count=410245 73945 8076 65869 1037 336300 271187 262903 255248 8284 4300 254550 252695 64832
is_linear=0
shrinkage=0.05


Tree=49
num_leaves=15
num_cat=0
split_feature=13 19 19 20 20 17 22 21 11 11 20 19 19 9
split_gain=1.53471 3.28184 2.01107 4.01038 4.45771 4.28792 5.84118 3.84289 3.56712 3.24932 3.56153 5.8003 3.66235 3.54705
threshold=0.67652901727694992 0.026478664209438677 0.0046444885170490178 -0.011327859930278792 -0.021344454115307551 0.010928854691948266 0.019639473328594285 -0.2921456290942902 -0.27013741548946907 0.72994477420974502 -0.0017527657504576297 0.014930361040808362 0.0060076070690906489 0.1730769230769231
decision_type=2 2 2 2 2 2 2 2 2 2 2 2 2 2
left_child=1 -1 -2 4 -4 6 9 -8 -7 10 11 13 -12 -5
right_child=2 -3 3 5 -6 8 7 -9 -10 -11 12 -13 -14 -15
leaf_value=-0.00017041239044229665 0.00015630213125592343 0.0033397377758044074 0.00066668716697838642 -0.0012914658647345497 -0.0017865477005837552 -0.0056954154833559209 0.0050720141324271731 0.00070468591833218377 -0.0010908800260192835 0.0017434764380352406 -0.0014790043648229432 -0.0038657808581270313 -0.00028297374979288371 0.00071501868388238897
leaf_weight=108721 207666 669 2556 2527 6715 512 517 18283 2340 2117 8043 807 31331 17114
leaf_count=108721 207666 669 2556 2527 6715 512 517 18283 2340 2117 8043 807 31331 17114
internal_value=1.14413e-05 -0.000148915 6.98101e-05 -0.000123611 -0.0011102 -1.41773e-05 5.31383e-05 0.000825051 -0.00191921 -0.000181166 -0.000249303 0.000286037 -0.00052732 0.000456813
internal_weight=409918 109390 300528 92862 9271 83591 80739 18800 2852 61939 59822 20448 39374 19641
internal_count=409918 109390 300528 92862 9271 83591 80739 18800 2852 61939 59822 20448 39374 19641
is_linear=0
shrinkage=0.05


Tree=50
num_leaves=15
num_cat=0
split_feature=10 20 14 13 22 22 17 14 22 22 17 17 19 17
split_gain=2.16674 5.57358 3.25991 2.90764 5.58294 10.9004 6.78771 5.01448 4.87307 6.88706 4.83762 4.56106 4.94456 3.88271
threshold=1.5000000000000002 0.022606724889857491 0.13329310861609503 1.1753388276312158 0.0015971118462702052 0.002270949469241224 -0.0024245085180100152 -0.0041081670466320266 -0.016034149020032636 -0.016623826041353037 0.0084170882073911785 -0.012821596970904346 -0.0089094776385160151 0.0055153546509075788
decision_type=2 2 2 2 2 2 2 2 2 2 2 2 2 2
left_child=1 2 3 8 6 -6 7 -5 9 11 -10 -1 13 -13
right_child=-2 -3 -4 4 5 -7 -8 -9 10 -11 -12 12 -14 -15
leaf_value=0.0039791606226508977 -9.7217422143447044e-05 -0.0039663294847515794 -0.0034165412771050806 0.0042846910739886982 -0.0071295300807516036 0.00020122170599993217 0.00069086386861353039 -1.8061930546714112e-05 0.0002417854405486925 -0.0056473778448401617 -0.001188633985883611 -0.0015483978009070854 0.003656303078570314 0.0012329218334085116
leaf_weight=517 249121 822 634 2706 527 12803 10367 903 115360 720 6229 7926 577 1490
leaf_count=517 249121 822 634 2706 527 12803 10367 903 115360 720 6229 7926 577 1490
internal_value=-4.7265e-06 0.000137873 0.000158883 0.000173061 0.000642958 -8.91118e-05 0.00134115 0.0032084 7.64519e-05 -0.000920049 0.000168496 -0.000595692 -0.000832752 -0.00110819
internal_weight=410702 161581 160759 160125 27306 13330 13976 3609 132819 11230 121589 10510 9993 9416
internal_count=410702 161581 160759 160125 27306 13330 13976 3609 132819 11230 121589 10510 9993 9416
is_linear=0
shrinkage=0.05


Tree=51
num_leaves=15
num_cat=0
split_feature=11 13 9 22 13 22 19 20 17 9 19 20 9 20
split_gain=1.87094 2.33918 2.20437 2.3876 1.99819 1.87909 3.63556 3.95294 3.39527 3.08526 2.7632 12.623 7.66899 6.01061
threshold=-1.141949083518101 1.5335466921100804 0.39102564102564108 0.002270949469241224 0.7950449739206088 0.02110561493580099 0.010200166289976999 0.015055896226332523 -0.0084849884454015739 0.31410256410256415 0.014550807801787415 0.012576471717630324 0.33974358974358981 -0.00087136062440867901
decision_type=2 2 2 2 2 2 2 2 2 2 2 2 2 2
left_child=1 2 3 -1 -4 10 -7 8 9 -8 -2 12 13 -12
right_child=5 -3 4 -5 -6 6 7 -9 -10 -11 11 -13 -14 -15
leaf_value=-0.0016259648198813541 9.6997616262451851e-08 0.0021105784361481394 -0.00068547938160836211 0.0020165792085486871 -0.0035475591201541757 0.0038322989216433984 -0.0045696347073887885 -0.0020070490063811564 0.00070271763081174751 -0.00032344349107054076 -0.0011430155491869403 -0.0077600253809134269 -0.0015636021045003401 0.0039764787411895163
leaf_weight=1037 372164 544 1061 793 1435 758 544 1700 20606 1990 952 626 4511 1439
leaf_count=1037 372164 544 1061 793 1435 758 544 1700 20606 1990 952 626 4511 1439
internal_value=-2.84028e-06 -0.000976924 -0.00136558 -4.72898e-05 -0.00233171 8.86678e-06 0.000423501 0.00031933 0.000490319 -0.00123646 -1.9088e-05 -0.000967416 -0.000350302 0.00193848
internal_weight=410160 4870 4326 1830 2496 405290 25598 24840 23140 2534 379692 7528 6902 2391
internal_count=410160 4870 4326 1830 2496 405290 25598 24840 23140 2534 379692 7528 6902 2391
is_linear=0
shrinkage=0.05


Tree=52
num_leaves=15
num_cat=0
split_feature=10 17 21 17 13 22 7 14 22 22 22 17 9 9
split_gain=2.10429 4.53928 4.56261 4.23303 7.0347 4.47866 3.01395 3.31413 2.99609 5.26704 4.5105 5.59308 5.84959 4.40602
threshold=1.5000000000000002 0.011481856311468254 0.49764379282014209 0.011481856311468254 1.5050407352899422 0.019980026029934209 -0.62196728785992172 0.13329310861609503 0.0207363876269866 0.0095209649417882253 0.015776097802743475 -0.0092704104127101488 0.63461538461538469 0.32692307692307698
decision_type=2 2 2 2 2 2 2 2 2 2 2 2 2 2
left_child=1 6 -3 -2 5 -5 -1 8 9 -8 11 12 -11 -10
right_child=3 2 -4 4 -6 -7 7 -9 13 10 -12 -13 -14 -15
leaf_value=0.0033410961392821275 -0.00011732829701193047 -0.0008540953363710092 -0.0058280360869015406 0.0011064029949683109 0.0055995989653057493 -0.0025260431691467274 0.00028758754882103382 -0.0037086400475663302 0.0026984946922448184 -0.001271975796028892 0.00035147899171182216 -0.00069506096849365751 -0.0081477613313819443 0.00026605770914718687
leaf_weight=755 241349 3192 538 5733 774 995 118590 546 2873 746 10877 17432 528 5286
leaf_count=755 241349 3192 538 5733 774 995 118590 546 2873 746 10877 17432 528 5286
internal_value=1.02214e-05 0.000150853 -0.00157289 -8.09691e-05 0.00108861 0.000568907 0.000191651 0.000176473 0.000190065 0.000138697 -0.000458151 -0.000928921 -0.00412575 0.00112281
internal_weight=410214 161363 3730 248851 7502 6728 157633 156878 156332 148173 29583 18706 1274 8159
internal_count=410214 161363 3730 248851 7502 6728 157633 156878 156332 148173 29583 18706 1274 8159
is_linear=0
shrinkage=0.05


Tree=53
num_leaves=15
num_cat=0
split_feature=9 21 11 10 9 17 19 22 17 9 14 11 11 21
split_gain=1.59754 3.13706 2.12268 3.35607 3.05985 3.59528 3.80017 2.7137 2.66735 2.48618 2.10316 7.8958 3.29358 2.74933
threshold=0.77564102564102577 -0.54707133605556557 -0.92473859748151066 3.5000000000000004 0.58333333333333337 -0.0046280084831874504 -3.3600516377019212e-05 -0.0021975266398334688 0.00053737829917155377 0.39102564102564108 -0.027136261080040299 -0.69315592758838906 -0.69315592758838906 -0.40579908613588073
decision_type=2 2 2 2 2 2 2 2 2 2 2 2 2 2
left_child=2 -2 3 4 5 -1 7 9 -5 -7 11 -4 -12 -13
right_child=1 -3 10 8 -6 6 -8 -9 -10 -11 12 13 -14 -15
leaf_value=0.0033550134963539697 -0.003363658789220415 -0.00026257807530767353 0.0025218819093866902 -0.005283831270991449 -0.0021159723274550468 -0.0013772500323480034 -0.0023872414070517005 0.0041651564581425731 -0.00071030215592092787 0.0023737229409214501 -0.0014482574098038819 0.0020679423729532019 2.0488716290670411e-05 0.00010678265761983986
leaf_weight=820 840 26935 3838 675 1719 1171 1377 504 604 708 3863 1850 313388 51748
leaf_count=820 840 26935 3838 675 1719 1171 1377 504 604 708 3863 1850 313388 51748
internal_value=9.64392e-06 -0.000356482 3.62471e-05 -0.000792188 -0.000317839 0.000357364 -0.000297097 0.000911173 -0.00312625 3.6613e-05 5.30042e-05 0.000331409 2.60005e-06 0.000174512
internal_weight=410040 27775 382265 7578 6299 4580 3760 2383 1279 1879 374687 57436 317251 53598
internal_count=410040 27775 382265 7578 6299 4580 3760 2383 1279 1879 374687 57436 317251 53598
is_linear=0
shrinkage=0.05


Tree=54
num_leaves=15
num_cat=0
split_feature=11 4 22 22 14 17 23 6 11 17 22 22 9 9
split_gain=1.80008 2.55015 1.99846 4.316 3.52054 3.63045 2.39331 2.79368 2.37217 2.47713 2.23157 2.22517 2.18402 2.52665
threshold=0.38521310393701347 0.0069696018023244133 -0.00030812269033381185 -0.0014157706227118092 0.010983027396795244 -0.005148046340109679 -0.0045991095228254389 1.9586798640448257 1.033669526554259 -0.014499205430041349 -0.0057050882635473745 -0.011520512390514602 0.30128205128205138 0.54487179487179505
decision_type=2 2 2 2 2 2 2 2 2 2 2 2 2 2
left_child=-1 2 3 8 5 -4 -6 -8 9 -2 11 -10 -5 -14
right_child=1 -3 4 12 6 -7 7 -9 10 -11 -12 -13 13 -15
leaf_value=4.5335634098064501e-05 0.0030971367130940269 -0.0036927235573263684 -0.0036098952295831608 -0.00018829577414756216 0.00083911779028699232 -0.00086611217683447289 -0.00024441769136961865 -0.0021561816383615477 0.001159299557614806 -0.00031636307722377919 -0.00056665154093069514 0.004941667437626856 0.0062921369706545553 0.0016193522801149303
leaf_weight=350896 543 533 1583 511 4365 5051 17190 2149 1231 23108 1025 568 527 642
leaf_count=350896 543 533 1583 511 4365 5051 17190 2149 1231 23108 1025 568 527 642
internal_value=2.36224e-06 -0.000253101 -0.000221696 8.16797e-05 -0.000503235 -0.00152128 -0.000218266 -0.000456958 -7.43054e-05 -0.000237865 0.00129511 0.00235559 0.00253842 0.00372948
internal_weight=409922 59026 58493 28155 30338 6634 23704 19339 26475 23651 2824 1799 1680 1169
internal_count=409922 59026 58493 28155 30338 6634 23704 19339 26475 23651 2824 1799 1680 1169
is_linear=0
shrinkage=0.05


Tree=55
num_leaves=15
num_cat=0
split_feature=10 20 17 19 13 19 9 14 11 14 13 19 11 10
split_gain=1.70335 5.63981 3.5663 6.71201 14.7816 4.23267 4.47163 2.96089 2.66387 2.75162 2.40316 5.01532 4.38818 3.97556
threshold=1.5000000000000002 0.022606724889857491 0.011481856311468254 -0.015369902406364875 1.2019916594834232 0.010483984956173533 0.48076923076923078 0.13329310861609503 -0.69315592758838906 -0.023020533314200339 1.1753388276312158 -0.016937014377549572 -0.086094462996956514 1.0000000180025095e-35
decision_type=2 2 2 2 2 2 2 2 2 2 2 2 2 2
left_child=1 7 -2 4 -4 8 -7 10 -5 -10 -1 12 13 -12
right_child=2 -3 3 5 -6 6 -8 -9 9 -11 11 -13 -14 -15
leaf_value=6.8597756031429553e-05 -0.0001205645550572928 -0.0039819907310759718 -0.0010227895040674825 0.0043871906457197303 0.010681046691178002 -0.0053224940229710006 0.00050063237102092122 -0.0032863977675555382 -0.0012582808388876298 0.0014314494995820415 0.0023165636436791297 0.00031235785357718482 0.00079153031232749842 0.0074304500412573794
leaf_weight=132586 241238 832 558 528 521 602 727 626 1347 3227 1012 23346 2137 609
leaf_count=132586 241238 832 558 528 521 602 727 626 1347 3227 1012 23346 2137 609
internal_value=-5.12071e-06 0.000121513 -8.71591e-05 0.000985773 0.00463312 0.000373193 -0.0021391 0.000142834 0.0010279 0.000639247 0.000156298 0.000585286 0.00228027 0.00424122
internal_weight=409896 161148 248748 7510 1079 6431 1329 160316 5102 4574 159690 27104 3758 1621
internal_count=409896 161148 248748 7510 1079 6431 1329 160316 5102 4574 159690 27104 3758 1621
is_linear=0
shrinkage=0.05


Tree=56
num_leaves=15
num_cat=0
split_feature=22 22 9 11 9 22 17 9 11 17 20 19 20 9
split_gain=1.47374 4.93937 2.31113 4.85984 2.31942 1.79478 3.38047 4.69042 3.09042 3.43092 2.68529 2.48848 11.9025 8.55408
threshold=0.035940183515538189 0.034711730432517525 0.41666666666666669 -0.20269975870927939 0.69871794871794879 0.02110561493580099 -0.0062441288672893105 0.27564102564102572 0.10090595483807742 0.0029128390278390097 -0.013690965950267196 0.014550807801787415 0.013300871955522988 0.32692307692307698
decision_type=2 2 2 2 2 2 2 2 2 2 2 2 2 2
left_child=1 5 3 -2 -4 11 7 -7 9 -8 -9 -1 13 -13
right_child=2 -3 4 -5 -6 6 8 10 -10 -11 -12 12 -14 -15
leaf_value=2.4176952437398422e-06 -0.0042197081758369665 -0.0033190104386052106 0.0035763710329009858 0.0018497227694253241 -0.00043090221214267993 -0.0052587745147352821 0.0019136529573951415 -0.0011588836240119336 -0.00015340615802285262 0.00020020091767484444 0.0030199392714081344 0.0020896016547157221 -0.0083084901250113329 -0.0015747003559398083
leaf_weight=376641 523 1117 1169 889 522 565 6786 1542 6903 5130 511 2358 506 4902
leaf_count=376641 523 1117 1169 889 522 565 6786 1542 6903 5130 511 2358 506 4902
internal_value=8.11565e-06 -1.62609e-07 0.00109347 -0.000399769 0.00233983 8.97998e-06 0.000454224 -0.00122887 0.000688421 0.00117607 -0.000117794 -1.58508e-05 -0.000901737 -0.000384435
internal_weight=410064 406961 3103 1412 1691 405844 21437 2618 18819 11916 2053 384407 7766 7260
internal_count=410064 406961 3103 1412 1691 405844 21437 2618 18819 11916 2053 384407 7766 7260
is_linear=0
shrinkage=0.05


Tree=57
num_leaves=15
num_cat=0
split_feature=10 20 17 19 13 19 21 3 21 20 20 11 11 14
split_gain=1.55645 4.78149 3.84905 6.42497 12.8591 3.67867 4.49269 2.9948 3.51747 3.32355 3.63953 4.77035 2.54807 2.62907
threshold=1.5000000000000002 0.022606724889857491 0.011481856311468254 -0.015369902406364875 1.2019916594834232 0.010008584111975806 0.16700994173500236 -0.0081786694446910318 -0.28544799854585096 -0.012571112126123938 -0.017263253443804857 0.20906841613908997 -0.69315592758838906 -0.023020533314200339
decision_type=2 2 2 2 2 2 2 2 2 2 2 2 2 2
left_child=1 7 -2 4 -4 12 -7 8 -1 10 -9 -12 -5 -14
right_child=2 -3 3 5 -6 6 -8 9 -10 -11 11 -13 13 -15
leaf_value=0.0020152174434879596 -0.00011238783533716632 -0.0036383345324557726 -0.00069969000102140322 0.0043223754422281064 0.010139684140207769 0.0013476789849813224 -0.0044599588827352026 0.00018372846813710918 0.00034445481365018732 0.00012234438773093593 -0.0010574498149405133 -0.0053113931418402455 -0.0011894326330103254 0.0014411380928101884
leaf_weight=4282 240937 840 562 531 532 597 751 3260 11913 137418 2584 884 1346 3221
leaf_count=4282 240937 840 562 531 532 597 751 3260 11913 137418 2584 884 1346 3221
internal_value=9.21246e-07 0.000121928 -7.75733e-05 0.00103477 0.00457582 0.000433179 -0.00188879 0.00014165 0.000786306 6.92175e-05 -0.00101575 -0.00214301 0.0010474 0.000665758
internal_weight=409658 161181 248477 7540 1094 6446 1348 160341 16195 144146 6728 3468 5098 4567
internal_count=409658 161181 248477 7540 1094 6446 1348 160341 16195 144146 6728 3468 5098 4567
is_linear=0
shrinkage=0.05


Tree=58
num_leaves=15
num_cat=0
split_feature=10 18 4 20 19 10 19 13 19 20 19 18 9 9
split_gain=1.53323 3.90069 3.62131 2.77552 5.68964 6.0215 4.04553 4.86827 3.14829 8.03288 4.03486 3.25364 3.09078 5.19536
threshold=1.5000000000000002 0.60586048462703079 0.001570614915804515 0.0070429169751620177 -0.015770480814588091 2.5000000000000004 -0.014705396480832187 1.25849892062494 0.014550807801787415 0.012244024596977822 0.015964561934840752 0.18231230828176279 0.55769230769230782 0.2371794871794872
decision_type=2 2 2 2 2 2 2 2 2 2 2 2 2 2
left_child=1 -1 -3 -2 5 -5 -6 8 -8 -10 -11 -12 13 -7
right_child=3 2 -4 4 6 12 7 -9 9 10 11 -13 -14 -15
leaf_value=0.0001250725220616791 -0.00016938202858276402 -1.8114030782585387e-05 -0.0059855148488180809 -0.0064818154177850203 0.0037598530758178473 0.0023978231959890573 0.00077582063189910204 -0.00099941794546305274 0.001483777178318821 -0.0067676855156576848 3.9406350284586527e-06 -0.0047410846945840635 0.0015227582640603907 -0.0034076252878579671
leaf_weight=160384 205095 512 504 545 896 520 29297 5610 2123 505 1042 552 984 1481
leaf_count=160384 205095 512 504 545 896 520 29297 5610 2123 505 1042 552 984 1481
internal_value=-1.45044e-05 0.0001055 -0.0029813 -9.23999e-05 0.000270095 -0.00165392 0.00043982 0.000363702 0.000591867 -0.000684493 -0.00287722 -0.0016412 -0.000770569 -0.00189852
internal_weight=410050 161400 1016 248650 43555 3530 40025 39129 33519 4222 2099 1594 2985 2001
internal_count=410050 161400 1016 248650 43555 3530 40025 39129 33519 4222 2099 1594 2985 2001
is_linear=0
shrinkage=0.05


Tree=59
num_leaves=15
num_cat=0
split_feature=7 11 14 11 18 9 12 22 22 19 9 9 11 18
split_gain=1.49424 4.23951 1.72219 3.4677 3.4324 5.51224 3.271 3.26118 2.2439 5.29513 4.7168 4.0939 5.61339 5.01572
threshold=0.67949542933190676 0.041244707713920678 -0.027136261080040299 -0.69315592758838906 -0.32986790042828629 0.42948717948717957 0.025793417938678068 -0.024462374047519938 -0.022191097607884566 -0.017798949852377007 0.21153846153846156 0.64743589743589758 0.074563698297030176 -0.23588885570093168
decision_type=2 2 2 2 2 2 2 2 2 2 2 2 2 2
left_child=2 -2 4 6 5 -1 -4 -7 9 -5 -11 13 -13 -12
right_child=1 -3 3 8 -6 7 -8 -9 -10 10 11 12 -14 -15
leaf_value=0.0040533529701881855 -0.003741327354038405 0.0013805354541317643 -0.00067148453318596573 0.00028165369970499656 0.00013365163315563251 0.0041435810457094192 -0.0036440126814255517 -0.00018373383544698985 4.267717404544897e-06 -0.0051515487091505913 0.0039009085975035907 0.00018382294102639739 -0.0068433620005676436 -0.0012575163826495743
leaf_weight=1480 925 716 5180 5897 61925 506 1126 3082 324189 927 596 513 636 2236
leaf_count=1480 925 716 5180 5897 61925 506 1126 3082 324189 927 596 513 636 2236
internal_value=-1.78411e-06 -0.00150708 4.26961e-06 -4.12264e-05 0.000236049 0.00148695 -0.00120275 0.000427513 -1.93581e-05 -0.000728151 -0.00194125 -0.00119261 -0.00370847 -0.000170922
internal_weight=409934 1641 408293 341300 66993 5068 6306 3588 334994 10805 4908 3981 1149 2832
internal_count=409934 1641 408293 341300 66993 5068 6306 3588 334994 10805 4908 3981 1149 2832
is_linear=0
shrinkage=0.05


Tree=60
num_leaves=15
num_cat=0
split_feature=11 11 19 12 4 9 14 14 12 5 20 17 17 11
split_gain=1.47783 2.31226 3.10063 3.06956 2.87315 2.73401 3.91141 4.52222 2.95549 2.95663 2.55162 2.39055 2.37871 2.14696
threshold=0.49925388488819228 0.70377215511576685 0.014216051052851399 0.031559505400307726 0.0049929225163561786 0.41666666666666669 0.088035364533124008 0.062281124786958693 -0.010568650409569945 0.0017156198764325524 -0.015538241409002338 0.0012340479769665793 -0.0009604757335540669 2.5857728814864371
decision_type=2 2 2 2 2 2 2 2 2 2 2 2 2 2
left_child=-1 4 5 -4 10 6 7 8 11 -10 -2 -3 -8 -7
right_child=1 2 3 -5 -6 13 12 -9 9 -11 -12 -13 -14 -15
leaf_value=3.4672401479228209e-05 0.0020304578606561981 0.0048452843844890015 -0.0043991606085545653 0.00067551951421146266 -0.0040966588867480565 -4.2837900328226221e-05 0.0062789198725966763 -0.0027161688226169135 0.0037064254628245857 -0.00034766523038972183 -0.00070973613126496492 0.0010467347647602494 0.001450009087899563 -0.0028859717102543269
leaf_weight=375058 893 795 717 509 597 7663 519 894 533 2849 17107 865 502 726
leaf_count=375058 893 795 717 509 597 7663 519 894 533 2849 17107 865 502 726
internal_value=5.61173e-06 -0.000304296 0.000125181 -0.00229347 -0.000686995 0.000318545 0.00105133 0.000559328 0.00114053 0.000292162 -0.000573687 0.00286774 0.00390841 -0.000289203
internal_weight=410227 35169 16572 1226 18597 15346 6957 5936 5042 3382 18000 1660 1021 8389
internal_count=410227 35169 16572 1226 18597 15346 6957 5936 5042 3382 18000 1660 1021 8389
is_linear=0
shrinkage=0.05


Tree=61
num_leaves=15
num_cat=0
split_feature=13 19 9 22 22 11 20 6 12 20 10 20 22 5
split_gain=1.33225 2.89782 1.86968 3.84123 4.04391 2.12473 1.96767 2.09961 1.739 1.77078 2.08917 2.26769 2.15799 1.94516
threshold=0.67652901727694992 0.026478664209438677 0.19871794871794876 0.024794861960956153 0.016934383436156834 -0.15701458788404141 0.0080494982623106077 0.94852571574533517 -0.020479093622799979 -0.0025215471220158543 1.0000000180025095e-35 0.005386759778832185 0.00053427383249615723 0.0034340407486269432
decision_type=2 2 2 2 2 2 2 2 2 2 2 2 2 2
left_child=1 2 3 4 6 -4 8 -8 -1 -10 -11 12 13 -12
right_child=-2 -3 5 -5 -6 -7 7 -9 9 10 11 -13 -14 -15
leaf_value=0.0009893703307414833 4.9418179644339735e-05 0.003099447188575034 -0.00047170231460685126 -0.0047487976207683628 0.0022897684157130362 6.98722099276787e-05 -0.0006059738961604515 0.003614743000891481 -0.001824969153108733 -0.0020447111815306575 -0.0018598544648439031 -0.0025092880867107455 0.00073313137536113078 0.0016358152932034265
leaf_weight=1176 300630 679 25093 549 1205 65074 671 524 4551 2064 1907 974 4362 502
leaf_count=1176 300630 679 25093 549 1205 65074 671 524 4551 2064 1907 974 4362 502
internal_value=-4.93789e-06 -0.000154401 -0.000174764 -0.000632838 -0.000506596 -8.08487e-05 -0.00070812 0.00124626 -0.000858518 -0.00100991 -0.000631602 -0.000254801 6.98265e-05 -0.00113103
internal_weight=409961 109331 108652 18485 17936 90167 16731 1195 15536 14360 9809 7745 6771 2409
internal_count=409961 109331 108652 18485 17936 90167 16731 1195 15536 14360 9809 7745 6771 2409
is_linear=0
shrinkage=0.05


Tree=62
num_leaves=15
num_cat=0
split_feature=10 20 18 21 3 20 22 22 10 9 12 9 22 22
split_gain=1.40829 4.16599 2.78716 2.68548 5.09183 3.16998 3.47744 4.55132 3.36687 3.88524 2.85296 3.75945 2.76453 2.69078
threshold=2.5000000000000004 -0.00050790040638554179 -0.14649570958848956 -0.3048329213122668 -0.0081786694446910318 -0.011902157508864307 -0.0051170110566151053 0.0056256393889232434 1.5000000000000002 0.59615384615384626 0.077087298858586242 0.58333333333333337 0.011667948686343356 -0.012104439057131487
decision_type=2 2 2 2 2 2 2 2 2 2 2 2 2 2
left_child=3 -2 -3 4 -1 12 -7 8 9 -8 -5 -12 13 -6
right_child=1 2 -4 10 5 6 7 -9 -10 -11 11 -13 -14 -15
leaf_value=0.0018461012737470681 -0.00037640275250522531 -0.0012090762966445391 0.00018666054132150992 5.0543848967939142e-05 -0.0029542833835211365 0.0027564567988115278 0.0025734612608967924 0.0028156639678498028 -0.0028159111963605163 -0.0019582142047641668 -0.0033572268872473967 0.0013212279060052759 -0.003431440883774649 0.00020643465377197245
leaf_weight=6077 77252 3735 83941 225637 809 1722 1023 1139 1306 878 1340 631 842 3991
leaf_count=6077 77252 3735 83941 225637 809 1722 1023 1139 1306 878 1340 631 842 3991
internal_value=4.29588e-06 -0.000108693 0.000127189 8.02352e-05 0.000671903 6.24373e-05 0.000855625 0.000102005 -0.000862357 0.000480523 3.39951e-05 -0.00185955 -0.000790641 -0.000326782
internal_weight=410323 164928 87676 245395 17787 11710 6068 4346 3207 1901 227608 1971 5642 4800
internal_count=410323 164928 87676 245395 17787 11710 6068 4346 3207 1901 227608 1971 5642 4800
is_linear=0
shrinkage=0.05


Tree=63
num_leaves=15
num_cat=0
split_feature=17 22 22 19 19 22 22 20 21 21 19 19 22 4
split_gain=1.5084 3.79985 5.4875 8.5552 9.84876 8.9167 9.71942 6.02525 6.30438 5.61525 5.04827 7.01692 5.01469 4.12263
threshold=0.0031394545230130082 0.0092420802283824672 -0.020017855619632815 -0.011357258456344608 -0.016586126338795745 -0.010906867470803659 -0.011833127128207941 0.015710745180015476 0.13206839454043878 0.39434596451107834 -0.012224131040561135 -0.013911733873590569 0.0090451555060858686 0.0018742265726241606
decision_type=2 2 2 2 2 2 2 2 2 2 2 2 2 2
left_child=-1 2 9 4 -4 6 -5 8 -6 10 11 -2 -7 -13
right_child=1 -3 3 5 7 12 -8 -9 -10 -11 -12 13 -14 -15
leaf_value=-6.5482826697599978e-05 7.5424390980477271e-06 -0.00036438508655050987 -0.0042428956144774438 -0.00045830670920758102 0.0048745776296345161 0.00044022464291879244 -0.0052193159696865511 0.0070192332521944725 0.0011911710101815205 -0.0031424713782659398 0.0030764714316107895 -0.0015002328527239882 0.0045186841204698826 -0.0072593330311222122
leaf_weight=301365 7097 26850 567 5008 1548 55921 1363 695 4650 1947 1048 706 763 555
leaf_count=301365 7097 26850 567 5008 1548 55921 1363 695 4650 1947 1048 706 763 555
internal_value=-7.8863e-06 0.00015177 0.000321054 0.000485308 0.00208635 0.000295859 -0.00147753 0.00260752 0.00211177 -0.000699105 -0.000193058 -0.00060334 0.000495202 -0.00403871
internal_weight=410083 108718 81868 70515 7460 63055 6371 6893 6198 11353 9406 8358 56684 1261
internal_count=410083 108718 81868 70515 7460 63055 6371 6893 6198 11353 9406 8358 56684 1261
is_linear=0
shrinkage=0.05


Tree=64
num_leaves=15
num_cat=0
split_feature=18 22 17 22 22 22 17 22 22 9 22 22 18 9
split_gain=1.46005 7.14265 3.36737 3.24704 9.67283 6.80482 4.01557 6.05243 3.93972 2.80638 2.56191 7.53808 3.30006 7.54584
threshold=-0.35797718524143435 -0.023954451333595025 -0.012181110908816793 -0.0044739877203233127 -0.0032446083659201648 -0.0093947345948580657 -0.0080409320208080209 -0.015643102555330853 -0.015266127446855069 0.22435897435897439 0.0058746047937793264 0.0043020804078385275 -0.46554334338182118 0.64743589743589758
decision_type=2 2 2 2 2 2 2 2 2 2 2 2 2 2
left_child=1 -1 -3 5 -5 6 7 -4 -8 -6 11 -11 13 -12
right_child=-2 2 3 4 9 -7 8 -9 -10 10 12 -13 -14 -15
leaf_value=0.0040546803630367194 -1.7222720908687203e-05 -0.00069197124003175488 -0.0016760880512105749 -0.0046410087107333275 -0.0017257541596761166 0.0042909865544092061 0.002124854229454571 0.0054397489307137191 -0.003213702421088472 0.00080532511946989217 0.0008981789362728647 -0.0055560233078030749 0.00065484168318672353 0.0077324046133475759
leaf_weight=1255 385992 7439 523 963 1147 1648 516 695 1042 4061 1073 525 2627 647
leaf_count=1255 385992 7439 523 963 1147 1648 516 695 1042 4061 1073 525 2627 647
internal_value=6.37976e-06 0.000383434 0.000182121 0.000602542 0.000143954 0.00174696 0.000235669 0.00238539 -0.00144538 0.000601504 0.000900485 7.60328e-05 0.00177005 0.00347196
internal_weight=410153 24161 22906 15467 11043 4424 2776 1218 1558 10080 8933 4586 4347 1720
internal_count=410153 24161 22906 15467 11043 4424 2776 1218 1558 10080 8933 4586 4347 1720
is_linear=0
shrinkage=0.05


Tree=65
num_leaves=15
num_cat=0
split_feature=7 5 12 10 7 11 19 11 5 22 19 11 20 5
split_gain=1.69829 4.05586 2.6608 1.52353 3.15127 2.31582 2.60138 3.35763 2.26116 2.17218 4.26421 6.68415 4.17943 3.63974
threshold=0.67949542933190676 0.0036712399901391505 -0.0018649970437569772 1.5000000000000002 -0.53168402709988627 0.93619684172358419 0.010711697804965061 1.1144467114136523 0.0028932325696926658 0.0207363876269866 0.014425503767976468 0.13125943243689905 0.0067005346729340784 0.0020163278565079813
decision_type=2 2 2 2 2 2 2 2 2 2 2 2 2 2
left_child=3 2 -2 4 -1 9 7 -7 -9 10 -6 12 -12 -13
right_child=1 -3 -4 -5 5 6 -8 8 -10 -11 11 13 -14 -15
leaf_value=0.0022502183753678301 0.0026974323786639249 -0.0052430047166321086 -0.0022053285165937095 -7.50301872775764e-05 0.00012884659520025248 -0.0031359103670443541 -0.0044857867818710274 -0.00075232567565346013 0.0036134936704232084 0.00089691279228607402 0.0010402567046082435 -0.0068833976166454581 -0.0030234956973734517 -0.0020850519361077361
leaf_weight=1721 521 522 588 247323 142732 776 537 710 508 8590 2370 644 862 1024
leaf_count=1721 521 522 588 247323 142732 776 537 710 508 8590 2370 644 862 1024
internal_value=-3.62507e-06 -0.00161334 9.83074e-05 2.81698e-06 0.000122795 9.97181e-05 -0.00140031 -0.000567538 0.00107003 0.000124029 7.90532e-05 -0.00137111 -4.41782e-05 -0.00394066
internal_weight=409428 1631 1109 407797 160474 158753 2531 1994 1218 156222 147632 4900 3232 1668
internal_count=409428 1631 1109 407797 160474 158753 2531 1994 1218 156222 147632 4900 3232 1668
is_linear=0
shrinkage=0.05


Tree=66
num_leaves=15
num_cat=0
split_feature=11 18 8 22 17 14 11 19 19 19 19 19 21 22
split_gain=1.56571 2.09227 2.3801 1.90853 1.49233 1.45632 3.90855 3.31787 5.41203 4.12915 3.74952 3.24065 2.98289 2.95083
threshold=-1.141949083518101 -0.31633882926644019 0.53510414829306063 0.00053427383249615723 0.012078690574220398 -0.027136261080040299 -0.5874491749650097 -0.025671841720712293 -0.0023815024937178238 -0.0039732098375909733 -0.00025412436497296293 -0.016586126338795745 0.22457120433178546 0.0070232515732361342
decision_type=2 2 2 2 2 2 2 2 2 2 2 2 2 2
left_child=1 -1 3 -3 -4 6 7 -2 9 11 -10 -9 13 -8
right_child=5 2 4 -5 -6 -7 12 8 10 -11 -12 -13 -14 -15
leaf_value=0.0021345410036731909 -0.0016930815655502507 -0.0039617382054422017 0.00050799912325129564 -0.00092775988077560252 -0.0025387693604753138 -4.0777503848625161e-05 0.0003854025781062447 0.0044462052914767706 -0.0030378522446696385 0.0054574811655914851 0.00084340082098068958 0.0010042011080302188 -0.00072137460329003598 -0.00087026102615958469
leaf_weight=510 928 1060 1842 1015 513 341365 38455 899 772 992 3190 2851 10079 5326
leaf_count=510 928 1060 1842 1015 513 341365 38455 899 772 992 3190 2851 10079 5326
internal_value=-1.06767e-05 -0.000895354 -0.00124457 -0.00247881 -0.000156488 1.20181e-07 0.000220004 0.00114762 0.00145065 0.0025901 8.65587e-05 0.00183033 5.40968e-05 0.000232634
internal_weight=409797 4940 4430 2075 2355 404857 63492 9632 8704 4742 3962 3750 53860 43781
internal_count=409797 4940 4430 2075 2355 404857 63492 9632 8704 4742 3962 3750 53860 43781
is_linear=0
shrinkage=0.05


Tree=67
num_leaves=15
num_cat=0
split_feature=7 5 12 11 4 13 22 22 5 13 10 13 9 14
split_gain=1.60815 3.3956 2.21027 1.50613 2.37856 2.39091 3.40056 5.11267 4.11909 3.46958 4.50497 3.36255 3.0422 2.44186
threshold=0.67949542933190676 0.0036712399901391505 -0.0018649970437569772 0.38521310393701347 0.0069696018023244133 1.0517653679824648 -0.00035419278526249704 0.0064263048561441502 0.0019171126985807073 1.7202317707719303 2.5000000000000004 1.219085716077146 0.42948717948717957 0.010462991528735978
decision_type=2 2 2 2 2 2 2 2 2 2 2 2 2 2
left_child=3 2 -2 -1 5 -5 8 9 13 10 -8 -9 -13 -7
right_child=1 -3 -4 4 -6 6 7 11 -10 -11 -12 12 -14 -15
leaf_value=4.6796515780477509e-05 0.0023514918045192544 -0.0049624246366494719 -0.0020773270639967176 2.3507996322266914e-05 -0.0035520645923253786 -0.0019417620437349775 0.00015775401131011552 -0.0020642857164166846 0.00083631903290708556 -0.0056279054210442176 -0.0038969177888910599 0.002168998495092138 -0.00084101626031265477 0.00099850606742699663
leaf_weight=349976 521 506 611 39466 532 3040 1309 1897 5750 845 1436 1576 1794 919
leaf_count=349976 521 506 611 39466 532 3040 1309 1897 5750 845 1436 1576 1794 919
internal_value=1.25384e-06 -0.0015618 -3.86985e-05 7.52456e-06 -0.00022716 -0.000196618 -0.00066452 -0.00137295 -1.81876e-05 -0.00282774 -0.00196403 -0.000381004 0.00056686 -0.00125916
internal_weight=410178 1638 1132 408540 58564 58032 18566 8857 9709 3590 2745 5267 3370 3959
internal_count=410178 1638 1132 408540 58564 58032 18566 8857 9709 3590 2745 5267 3370 3959
is_linear=0
shrinkage=0.05


Tree=68
num_leaves=15
num_cat=0
split_feature=19 19 17 20 22 7 22 22 20 9 5 20 13 19
split_gain=1.26975 7.4196 8.46746 5.40978 5.74214 5.09384 4.81422 4.55435 3.57759 4.90241 2.66656 2.83514 4.78027 4.83755
threshold=-0.015770480814588091 -0.015240296813500585 0.011481856311468254 0.0039076107014520698 -0.014169311429866936 -0.22633199834796205 -0.028050748695918167 -0.019464315394546901 0.0045424445982938941 0.27564102564102572 0.00193927766648717 0.0057463735420153492 0.8596540314175386 -0.017798949852377007
decision_type=2 2 2 2 2 2 2 2 2 2 2 2 2 2
left_child=5 2 3 4 -2 6 -1 10 9 -9 -7 12 13 -12
right_child=1 -3 -4 -5 -6 7 -8 8 -10 -11 11 -13 -14 -15
leaf_value=0.0036962832639815891 0.0060725681961627566 -4.9825688124116431e-06 0.0075747246498144632 -0.0014107568745366646 0.00053191446284760874 -0.0014081895489673855 -6.3557685985301196e-07 0.0022191846244721588 -0.0055087111561774281 -0.0029291281768140079 0.00023571866290898551 -0.00092438382824324621 0.0013181335428674328 -0.0039040258813288608
leaf_weight=1389 798 380149 617 1233 1128 4558 2403 645 721 1627 2300 5563 6184 1017
leaf_count=1389 798 380149 617 1233 1128 4558 2403 645 721 1627 2300 5563 6184 1017
internal_value=-6.14081e-06 1.69269e-05 0.00222209 0.00117457 0.00282953 -0.000341505 0.00135415 -0.000625875 -0.00244232 -0.00146724 -0.000348696 -2.80468e-05 0.000496816 -0.00103433
internal_weight=410332 383925 3776 3159 1926 26407 3792 22615 2993 2272 19622 15064 9501 3317
internal_count=410332 383925 3776 3159 1926 26407 3792 22615 2993 2272 19622 15064 9501 3317
is_linear=0
shrinkage=0.05


Tree=69
num_leaves=15
num_cat=0
split_feature=21 22 19 9 19 18 9 20 22 13 22 22 14 6
split_gain=1.20069 5.47125 2.28813 11.384 4.68918 5.35699 5.78649 2.59984 2.5807 3.15058 3.15293 3.08438 3.924 3.77948
threshold=-0.3482479493361792 -0.023954451333595025 0.0092849919752640026 0.25000000000000006 0.0054412354424496776 -0.678561024072874 0.71153846153846168 -0.011078360863277846 -0.00021394698433896406 0.85374632703964914 0.0025697002731223111 -0.0098268071371325743 -0.0089739334028789402 2.2830058595601059
decision_type=2 2 2 2 2 2 2 2 2 2 2 2 2 2
left_child=1 -1 4 -4 5 6 -3 -5 11 -10 -11 12 -7 -13
right_child=-2 2 3 7 -6 8 -8 -9 9 10 -12 13 -14 -15
leaf_value=0.0040784766009426925 -1.622012672594198e-05 -0.00013911005181212302 -0.0074108627931098355 -0.00050710941172100088 0.0023882653875698674 0.0010212311881951926 -0.0054638522627156755 0.0026502796339618832 0.00071463726088923259 -0.002772495913910298 0.00039855698210098425 0.0012368891281854882 -0.00227735448291286 0.0057510570438153883
leaf_weight=937 382943 1307 572 3358 2631 2439 836 808 3456 1889 1339 6094 1429 501
leaf_count=937 382943 1307 572 3358 2631 2439 836 808 3456 1889 1339 6094 1429 501
internal_value=6.73455e-06 0.00032526 0.000193196 -0.000803066 0.000408554 0.000138428 -0.00221791 0.000105759 0.000433031 -0.000334398 -0.0014574 0.000923266 -0.000197677 0.00158064
internal_weight=410539 27596 26659 4738 21921 19290 2143 4166 17147 6684 3228 10463 3868 6595
internal_count=410539 27596 26659 4738 21921 19290 2143 4166 17147 6684 3228 10463 3868 6595
is_linear=0
shrinkage=0.05


Tree=70
num_leaves=15
num_cat=0
split_feature=22 22 21 4 22 22 17 19 22 21 18 22 19 18
split_gain=1.37594 3.94488 1.98012 2.1851 1.50741 1.57163 6.11936 3.08817 1.42338 3.91958 3.3795 1.59292 3.23494 6.5706
threshold=0.035940183515538189 0.034711730432517525 -0.022756549395362088 0.0028900857956419283 0.030750262930672626 0.033548887810287871 -0.00067574714738810593 0.024298371360188867 0.027981785824742315 -0.071386328885539072 0.095661719350738375 0.02110561493580099 0.018891952805214832 -0.056652255892858099
decision_type=2 2 2 2 2 2 2 2 2 2 2 2 2 2
left_child=1 4 -2 -4 8 6 -6 -8 11 -10 -11 -1 13 -13
right_child=2 -3 3 -5 5 -7 7 -9 9 10 -12 12 -14 -15
leaf_value=-1.8988189483559806e-05 0.0029280521257717077 -0.0029660027484385027 0.0011312663685005596 -0.0026122808802426897 0.005584837558786037 -0.00046847168893689948 -0.0024865457467231518 0.0020496805322766419 -0.0036890817232972852 0.0023442221725606862 -0.0026750449861032799 0.0032978144128628858 -0.0005114825127966367 0.00032239250116219476
leaf_weight=384350 968 1121 1547 520 728 1125 681 833 961 884 539 2400 5339 8167
leaf_count=384350 968 1121 1547 520 728 1125 681 833 961 884 539 2400 5339 8167
internal_value=2.58484e-06 -5.32331e-06 0.00106307 0.000188686 2.85852e-06 0.00105625 0.0018212 8.98308e-06 -5.95289e-06 -0.00122381 0.000442495 1.30393e-06 0.00049161 0.000998425
internal_weight=410163 407128 3035 2067 406007 3367 2242 1514 402640 2384 1423 400256 15906 10567
internal_count=410163 407128 3035 2067 406007 3367 2242 1514 402640 2384 1423 400256 15906 10567
is_linear=0
shrinkage=0.05


Tree=71
num_leaves=15
num_cat=0
split_feature=7 5 17 17 18 19 19 14 19 18 19 20 21 19
split_gain=1.3799 3.54944 2.15865 1.34293 2.96524 4.95922 4.85287 3.9357 2.06716 2.02656 2.0146 5.86201 5.34487 3.80766
threshold=0.67949542933190676 0.0036712399901391505 0.0051534473652319343 0.0043100914085993933 0.087555165043003438 -0.020040447767126709 0.0066856276256623834 0.0089992298366042851 -0.022957146497341426 -0.034364705960439772 0.010200166289976999 -0.0092778991408544158 -0.31848624613022231 0.0092849919752640026
decision_type=2 2 2 2 2 2 2 2 2 2 2 2 2 2
left_child=3 2 -2 10 6 7 9 8 -6 -5 13 -12 -13 -1
right_child=1 -3 -4 4 5 -7 -8 -9 -10 -11 11 12 -14 -15
leaf_value=-5.6308330837701788e-05 0.0024683847200800135 -0.0049243159133945703 -0.0018996131450250402 0.0043382214578911405 -0.0019086465608472124 0.00017684219839087515 -0.00075060166960509516 0.0016661875047704556 -0.0052219576429007042 0.0015163429006604463 -0.00090768498245351055 0.0046460432427166314 0.00047496693300535419 -0.0012131242657996734
leaf_weight=279553 522 506 615 725 1927 67319 2538 639 623 5174 8333 785 33637 7298
leaf_count=279553 522 506 615 725 1927 67319 2538 639 623 5174 8333 785 33637 7298
internal_value=5.27294e-07 -0.00144515 0.000106154 6.34465e-06 0.000191572 8.55636e-05 0.00107737 -0.00184076 -0.00271986 0.00186383 -3.80202e-05 0.000282161 0.000570221 -8.57439e-05
internal_weight=410194 1643 1137 408551 78945 70508 8437 3189 2550 5899 329606 42755 34422 286851
internal_count=410194 1643 1137 408551 78945 70508 8437 3189 2550 5899 329606 42755 34422 286851
is_linear=0
shrinkage=0.05


Tree=72
num_leaves=15
num_cat=0
split_feature=22 19 19 17 9 19 17 17 19 19 19 22 17 18
split_gain=1.50522 3.73259 2.08432 8.82844 6.92334 5.75801 7.01551 5.15351 4.59774 5.6577 3.85708 4.86152 2.20577 4.9189
threshold=0.02110561493580099 0.010200166289976999 0.014550807801787415 0.0097614773541407924 0.33974358974358981 0.017837392065181649 -0.00086049113452002491 -0.012821596970904346 0.015964561934840752 0.015303533983280661 0.018222375353919688 0.018089533666951988 0.0043100914085993933 0.087555165043003438
decision_type=2 2 2 2 2 2 2 2 2 2 2 2 2 2
left_child=2 -2 12 4 5 6 -4 -6 9 -9 -10 -12 -1 -14
right_child=1 -3 3 -5 7 -7 -8 8 10 -11 11 -13 13 -15
leaf_value=-6.7871103790043781e-05 0.0038073044627369608 0.00026191071506363826 -0.0044705122671967849 -0.0067595997433539936 0.0032984372735936304 0.004764282482585527 0.0024804074065383278 -0.0019817359635245124 0.0016199315025083984 -0.0079183407225449157 0.00030897338549411545 -0.0057059200862696127 0.0015291116383173338 0.00010623888100400978
leaf_weight=307455 764 25108 582 581 502 975 961 1203 1065 602 746 610 6727 62490
leaf_count=307455 764 25108 582 581 502 975 961 1203 1065 602 746 610 6727 62490
internal_value=-2.40334e-06 0.000366749 -2.72436e-05 -0.000834776 -0.000358844 0.00175855 -0.000142589 -0.00148664 -0.0020557 -0.00396499 -0.000631159 -0.00239905 -1.04614e-05 0.000244544
internal_weight=410371 25872 384499 7827 7246 2518 1543 4728 4226 1805 2421 1356 376672 69217
internal_count=410371 25872 384499 7827 7246 2518 1543 4728 4226 1805 2421 1356 376672 69217
is_linear=0
shrinkage=0.05


Tree=73
num_leaves=15
num_cat=0
split_feature=1 19 13 10 18 9 13 20 11 22 22 22 22 22
split_gain=1.17186 3.00398 1.71176 1.43222 1.09171 1.0434 3.87652 3.32744 2.35279 2.24943 2.89531 3.40937 2.51171 2.23518
threshold=-0.011662100313819977 -0.011059709807911154 1.1942169819481121 2.5000000000000004 -0.18043648943563403 0.13461538461538464 0.81825384201429052 0.00036814480588087678 -0.38775743401024576 -0.0036368802912961069 0.017643149465313094 0.024456199472105426 -0.0053392975715644267 0.0081130223384630069
decision_type=2 2 2 2 2 2 2 2 2 2 2 2 2 2
left_child=1 -1 3 4 -3 6 7 -2 -9 12 13 -12 -8 -11
right_child=5 2 -4 -5 -6 -7 9 8 -10 10 11 -13 -14 -15
leaf_value=0.0036283789036814064 -0.0015491328490278911 0.0021314950873462155 0.0025057771204278299 -0.002460723444207689 -0.0010825319958592439 8.1430636930791039e-06 0.00062843893144173563 0.0024135321211642058 -0.00040598493385829204 -5.239172300878024e-05 0.0036960474708195774 -0.00068396902009034452 0.0038590583100788622 -0.0017374329012418083
leaf_weight=786 8208 505 541 700 552 373563 5983 827 6953 6509 944 838 668 2820
leaf_count=786 8208 505 541 700 552 373563 5983 827 6953 6509 944 838 668 2820
internal_value=-8.55818e-06 0.000962267 4.91781e-05 -0.000708231 0.000453588 -1.59112e-05 -0.000282149 -0.000846935 -0.000106004 0.000226248 -0.000209094 0.00163708 0.000953441 -0.000561883
internal_weight=410397 3084 2298 1757 1057 407313 33750 15988 7780 17762 11111 1782 6651 9329
internal_count=410397 3084 2298 1757 1057 407313 33750 15988 7780 17762 11111 1782 6651 9329
is_linear=0
shrinkage=0.05


Tree=74
num_leaves=15
num_cat=0
split_feature=13 19 22 22 7 19 10 22 22 10 13 19 17 14
split_gain=1.186 2.3718 5.25679 3.13864 2.25938 2.06814 1.99793 3.37816 2.25723 3.13935 2.74386 2.22283 1.95006 1.89401
threshold=0.67652901727694992 0.0023687743997033999 0.0018831582652828473 0.0011445623421126874 -0.53168402709988627 0.026478664209438677 3.5000000000000004 0.025661183302624017 0.013284700275278729 2.5000000000000004 0.54749438878109935 0.020245708085948947 -0.0017608851901330656 -0.049052782957259615
decision_type=2 2 2 2 2 2 2 2 2 2 2 2 2 2
left_child=1 4 3 -3 -1 6 7 8 9 -4 -11 -9 -13 -6
right_child=-2 2 5 -5 13 -7 -8 11 -10 10 -12 12 -14 -15
leaf_value=0.0028028008876913395 5.5143426535236103e-05 0.0010493625002459519 -5.8863779078428163e-05 0.0043106835963498272 0.00082875524748858521 0.0027608859365031071 0.00062657123469147982 -0.0046674639294952474 0.00051136956623707862 -4.3806668143709732e-05 -0.0022855264689612582 0.00063148840834983434 -0.0034323154385823133 -0.00043896665012567345
leaf_weight=564 300895 2801 17880 1001 3105 654 8342 648 9995 2249 3472 716 501 57328
leaf_count=564 300895 2801 17880 1001 3105 654 8342 648 9995 2249 3472 716 501 57328
internal_value=3.90971e-06 -0.000137189 0.000124719 0.00190892 -0.000344402 -2.79063e-05 -6.96064e-05 -0.000233391 -0.000118376 -0.000385084 -0.00140444 -0.00230409 -0.00104289 -0.000373819
internal_weight=410151 109256 48259 3802 60997 44457 43803 35461 33596 23601 5721 1865 1217 60433
internal_count=410151 109256 48259 3802 60997 44457 43803 35461 33596 23601 5721 1865 1217 60433
is_linear=0
shrinkage=0.05


Tree=75
num_leaves=15
num_cat=0
split_feature=22 18 17 22 22 10 21 22 4 11 2 22 21 18
split_gain=1.25449 6.81495 3.7944 1.14916 1.36788 2.86809 1.68447 1.33032 1.61998 1.69065 1.61235 1.45541 4.17597 3.20397
threshold=-0.047596385518319843 0.081950944380572571 -0.0032813891727014317 0.038391206432345622 0.034711730432517525 3.5000000000000004 -0.043118163751287041 0.030750262930672626 0.0034467999819943625 -0.38775743401024576 -0.0032989493397681531 0.027981785824742315 -0.071386328885539072 0.095661719350738375
decision_type=2 2 2 2 2 2 2 2 2 2 2 2 2 2
left_child=1 2 -1 4 7 6 -6 11 9 -9 -11 -2 -13 -14
right_child=3 -3 -4 -5 5 -7 -8 8 -10 10 -12 12 13 -15
leaf_value=-0.0022055386699516284 -4.5694308611897166e-06 -0.0051140255097543615 0.0035487211138626705 0.0012107202529946315 0.0023588266725398706 -0.0037197555436174904 -0.0011697657557271284 0.0030358258171120935 0.0031354017033608573 0.0023270588857420855 -0.00087879931518288878 -0.0038203199498575697 0.0023391249192837786 -0.0025824208686048965
leaf_weight=503 398691 721 663 1935 513 767 988 507 692 505 1743 945 873 531
leaf_count=503 398691 721 663 1935 513 767 988 507 692 505 1743 945 873 531
internal_value=-1.04979e-05 -0.00129638 0.00106663 -4.5576e-06 -1.03418e-05 -0.00123457 3.69764e-05 -3.47445e-06 0.000974449 0.00043072 -0.000157908 -1.18823e-05 -0.00125254 0.000477258
internal_weight=410577 1887 1166 408690 406755 2268 1501 404487 3447 2755 2248 401040 2349 1404
internal_count=410577 1887 1166 408690 406755 2268 1501 404487 3447 2755 2248 401040 2349 1404
is_linear=0
shrinkage=0.05


Tree=76
num_leaves=15
num_cat=0
split_feature=22 19 9 11 7 17 17 11 17 19 5 19 10 9
split_gain=1.18792 2.50716 5.17376 2.05178 2.73502 2.63672 4.18169 3.50128 3.35748 3.71876 2.50358 2.44895 2.00974 4.32269
threshold=0.02110561493580099 0.011962100056887916 0.5064102564102565 0.22190711102182489 -0.23902388880398678 -0.0049240434058655516 0.0019981824300224775 -0.15311608876111596 -0.017055519002471872 0.019511391184337205 0.0033763140846817473 0.015303533983280661 2.5000000000000004 0.18589743589743593
decision_type=2 2 2 2 2 2 2 2 2 2 2 2 2 2
left_child=-1 2 -2 5 -5 7 11 8 -3 -10 -8 -7 -13 -14
right_child=1 3 -4 4 -6 6 10 -9 9 -11 -12 12 13 -15
leaf_value=-2.0554953685424011e-05 0.0054399662541262184 0.0002817846988053456 -0.0012263804924635149 0.0019277252600232383 -0.0011440157897343167 0.0042100898417147536 0.0003811985569359705 0.0014509611796414202 -0.000916675882707899 -0.0067247134434970353 -0.0017455798948728157 0.0019960541575834395 -0.0038856166825274891 0.0011461455211143616
leaf_weight=384675 676 801 510 864 4467 780 6834 1015 525 580 1734 3949 515 2469
leaf_count=384675 676 801 510 864 4467 780 6834 1015 525 580 1734 3949 515 2469
internal_value=1.4414e-06 0.000330425 0.00257471 0.000221829 -0.000645908 0.000462758 0.000710933 -0.000920281 -0.00218314 -0.00396856 -4.93744e-05 0.00155542 0.00125619 0.000276717
internal_weight=410394 25719 1186 24533 5331 19202 16281 2921 1906 1105 8568 7713 6933 2984
internal_count=410394 25719 1186 24533 5331 19202 16281 2921 1906 1105 8568 7713 6933 2984
is_linear=0
shrinkage=0.05


Tree=77
num_leaves=15
num_cat=0
split_feature=21 22 17 18 20 22 22 22 22 22 9 18 9 20
split_gain=1.39804 4.33613 3.33781 2.49138 3.44301 2.90263 9.01172 6.93433 2.73715 6.80292 3.79132 2.53015 2.54139 2.17912
threshold=-0.3482479493361792 -0.023954451333595025 -0.00086049113452002491 -0.51865779980633353 -0.0047390313969463129 -0.0044739877203233127 -0.0021119001818480916 -0.011833127128207941 0.0065181798369787778 0.017087195569719386 0.71153846153846168 -0.678561024072874 0.63461538461538469 -0.0025215471220158543
decision_type=2 2 2 2 2 2 2 2 2 2 2 2 2 2
left_child=1 -1 3 5 -5 7 -7 -3 10 11 -8 -10 -13 -2
right_child=13 2 -4 4 -6 6 8 -9 9 -11 -12 12 -14 -15
leaf_value=0.0036618765081918598 -0.00020391340084084794 -0.0013696151639559012 -0.0038010188189868395 0.00043557405441566299 0.0031298203348754843 -0.007342747140014292 -0.00014698383563005048 0.0054738748790626925 0.0055710926744860865 -0.0031447229747888204 -0.0038426949787574052 -0.00093171516362922048 0.0037220655260658091 5.6867189325933867e-05
leaf_weight=952 114190 881 503 17134 1273 503 2185 637 514 723 1016 594 578 268381
leaf_count=952 114190 881 503 17134 1273 503 2185 637 514 723 1016 594 578 268381
internal_value=3.77833e-06 0.00034816 0.000229167 0.000307164 0.000622064 -0.000452398 -0.000938344 0.00150384 -0.00036291 0.000909975 -0.00132084 0.00264957 0.00136463 -2.09711e-05
internal_weight=410064 27493 26541 26038 18407 7631 6113 1518 5610 2409 3201 1686 1172 382571
internal_count=410064 27493 26541 26038 18407 7631 6113 1518 5610 2409 3201 1686 1172 382571
is_linear=0
shrinkage=0.05


Tree=78
num_leaves=15
num_cat=0
split_feature=7 11 13 19 19 21 19 20 19 20 10 11 11 19
split_gain=1.27861 4.14295 1.21538 2.27754 5.29676 2.85644 2.33165 2.07282 2.5006 2.78131 1.93889 1.90986 1.75119 1.98684
threshold=0.67949542933190676 0.071010480522050085 0.67652901727694992 0.003878626571206079 0.0035973437325874662 -0.14152839370152356 0.0023687743997033999 0.00022843690638352235 0.00486470849345333 -0.0049653134808820268 3.5000000000000004 1.1144467114136523 -0.8001486937028911 0.0056340318186450808
decision_type=2 2 2 2 2 2 2 2 2 2 2 2 2 2
left_child=2 -2 3 4 6 -6 11 8 9 -5 -9 -1 -10 -14
right_child=1 -3 -4 7 5 -7 -8 10 12 -11 -12 -13 13 -15
leaf_value=-0.00037898506086200649 -0.003470662371636415 0.0017188949868370566 4.9565712845570262e-05 0.0043917098881079619 -0.0012018340793307932 -0.0054381716731317946 0.00067181820219021793 -0.00044429965413685096 -0.0023594086581968745 0.00089428874258675275 0.0007326987520673131 0.0020955807864599676 -0.0011601432648449905 0.00058770363349524679
leaf_weight=60096 970 636 298908 804 861 740 6187 16481 599 1937 4441 789 1831 14456
leaf_count=60096 970 636 298908 804 861 740 6187 16481 599 1937 4441 789 1831 14456
internal_value=-8.13373e-06 -0.00141573 -2.59135e-06 -0.000145329 -0.000320774 -0.00316209 -0.000252906 0.000151802 0.000520881 0.00192139 -0.000194441 -0.000346884 0.000293445 0.00039115
internal_weight=409736 1606 408130 109222 68673 1601 67072 40549 19627 2741 20922 60885 16886 16287
internal_count=409736 1606 408130 109222 68673 1601 67072 40549 19627 2741 20922 60885 16886 16287
is_linear=0
shrinkage=0.05


Tree=79
num_leaves=15
num_cat=0
split_feature=7 17 18 9 17 18 20 22 17 22 11 13 17 22
split_gain=1.17081 3.51787 1.46757 6.27671 1.95951 1.48719 4.06892 5.56475 3.43791 3.43073 3.39511 3.68075 2.79578 3.23631
threshold=-0.71814462292234882 -0.0054705938686991354 -0.678561024072874 0.69871794871794879 -0.012181110908816793 -0.35797718524143435 -0.011902157508864307 -0.021026135124417585 -0.0018698875903746524 -0.004210495212104203 0.25099497269533083 0.80195987125911683 -0.0084849884454015739 -0.0084369770417030959
decision_type=2 2 2 2 2 2 2 2 2 2 2 2 2 2
left_child=1 -1 3 4 -2 6 10 -8 9 12 -4 -12 -9 -14
right_child=2 -3 5 -5 -6 -7 7 8 -10 -11 11 -13 13 -15
leaf_value=0.0029645965204554247 -0.00065916649071004246 -0.0020963740659522409 0.00030827975683505118 -0.0044094030581538759 0.0028949850363992067 -2.4604445042824886e-05 0.0057847523391979429 0.0059430928434695326 -0.0031359586010430169 0.00045517541974612029 0.00051617670890787351 -0.0030243885612381855 0.00012933464256540366 0.0043166897785571192
leaf_weight=1077 1032 503 7538 958 620 385628 606 513 512 6245 1195 1901 1163 764
leaf_count=1077 1032 503 7538 958 620 385628 606 513 512 6245 1195 1901 1163 764
internal_value=-4.91987e-06 0.00135311 -1.01735e-05 -0.00119179 0.00067566 -2.57574e-06 0.000413067 0.00114782 0.000841688 0.00107651 -0.000264308 -0.00165807 0.00266594 0.00179088
internal_weight=410255 1580 408675 2610 1652 406065 20437 9803 9197 8685 10634 3096 2440 1927
internal_count=410255 1580 408675 2610 1652 406065 20437 9803 9197 8685 10634 3096 2440 1927
is_linear=0
shrinkage=0.05


end of trees

feature_importances:
qqq_prior_ret=249
spy_prior_ret=179
qqq_from_open=93
spy_from_open=81
prior_range_atr=78
tod=75
qqq_vwap_dist=68
gap=66
dow=61
spy_vwap_dist=51
dist_ma5=32
rv_36=18
vwap_dist=18
prior_ret=17
rv_12=16
ret_12=6
session_pos=5
rvol=3
ret_3=2
ret_6=1
resid_12=1

parameters:
[boosting: gbdt]
[objective: regression]
[metric: l2]
[tree_learner: serial]
[device_type: cpu]
[data_sample_strategy: bagging]
[data: ]
[valid: ]
[num_iterations: 80]
[learning_rate: 0.05]
[num_leaves: 15]
[num_threads: 4]
[seed: 7]
[deterministic: 0]
[force_col_wise: 1]
[force_row_wise: 0]
[histogram_pool_size: -1]
[max_depth: -1]
[min_data_in_leaf: 500]
[min_sum_hessian_in_leaf: 0.001]
[bagging_fraction: 0.8]
[pos_bagging_fraction: 1]
[neg_bagging_fraction: 1]
[bagging_freq: 1]
[bagging_seed: 7]
[bagging_by_query: 0]
[feature_fraction: 0.8]
[feature_fraction_bynode: 1]
[feature_fraction_seed: 7]
[extra_trees: 0]
[extra_seed: 6516]
[early_stopping_round: 0]
[early_stopping_min_delta: 0]
[first_metric_only: 0]
[max_delta_step: 0]
[lambda_l1: 0]
[lambda_l2: 1]
[linear_lambda: 0]
[min_gain_to_split: 0]
[drop_rate: 0.1]
[max_drop: 50]
[skip_drop: 0.5]
[xgboost_dart_mode: 0]
[uniform_drop: 0]
[drop_seed: 15215]
[top_rate: 0.2]
[other_rate: 0.1]
[min_data_per_group: 100]
[max_cat_threshold: 32]
[cat_l2: 10]
[cat_smooth: 10]
[max_cat_to_onehot: 4]
[top_k: 20]
[monotone_constraints: ]
[monotone_constraints_method: basic]
[monotone_penalty: 0]
[feature_contri: ]
[forcedsplits_filename: ]
[refit_decay_rate: 0.9]
[cegb_tradeoff: 1]
[cegb_penalty_split: 0]
[cegb_penalty_feature_lazy: ]
[cegb_penalty_feature_coupled: ]
[path_smooth: 0]
[interaction_constraints: ]
[verbosity: -1]
[saved_feature_importance_type: 0]
[use_quantized_grad: 0]
[num_grad_quant_bins: 4]
[quant_train_renew_leaf: 0]
[stochastic_rounding: 1]
[linear_tree: 0]
[max_bin: 255]
[max_bin_by_feature: ]
[min_data_in_bin: 3]
[bin_construct_sample_cnt: 200000]
[data_random_seed: 61]
[is_enable_sparse: 1]
[enable_bundle: 1]
[use_missing: 1]
[zero_as_missing: 0]
[feature_pre_filter: 1]
[pre_partition: 0]
[two_round: 0]
[header: 0]
[label_column: ]
[weight_column: ]
[group_column: ]
[ignore_column: ]
[categorical_feature: ]
[forcedbins_filename: ]
[precise_float_parser: 0]
[parser_config_file: ]
[objective_seed: 15521]
[num_class: 1]
[is_unbalance: 0]
[scale_pos_weight: 1]
[sigmoid: 1]
[boost_from_average: 1]
[reg_sqrt: 0]
[alpha: 0.9]
[fair_c: 1]
[poisson_max_delta_step: 0.7]
[tweedie_variance_power: 1.5]
[lambdarank_truncation_level: 30]
[lambdarank_norm: 1]
[label_gain: ]
[lambdarank_position_bias_regularization: 0]
[eval_at: ]
[multi_error_top_k: 1]
[auc_mu_weights: ]
[num_machines: 1]
[local_listen_port: 12400]
[time_out: 120]
[machine_list_filename: ]
[machines: ]
[gpu_platform_id: -1]
[gpu_device_id: -1]
[gpu_device_id_list: ]
[gpu_use_dp: 0]
[num_gpu: 1]

end of parameters

pandas_categorical:null
