tree
version=v4
num_class=1
num_tree_per_iteration=1
label_index=0
max_feature_idx=23
objective=regression
feature_names=ret_1 ret_3 ret_6 ret_12 rv_12 rv_36 rvol vwap_dist session_pos tod dow gap prior_ret prior_range_atr dist_ma5 xs_rank_ret12 xs_rank_vwap spy_from_open spy_vwap_dist spy_prior_ret qqq_from_open qqq_vwap_dist qqq_prior_ret resid_12
feature_infos=[-0.031516868992455871:0.072603641149374898] [-0.066707566462167689:0.070828505214368453] [-0.066748362884387125:0.13163010274923637] [-0.076397952012850046:0.1352394740016889] [0.00013561278045815875:0.030396354370130656] [0.00022188141331431447:0.030396354370130656] [0.033580010017566012:23.043985951575827] [-1.6255799960182848:2.8436321049799318] [0:1] [0.076923076923076927:0.82051282051282048] [0:4] [-6.463315457599152:11.39539170506913] [-0.26363045295519982:0.24361493123772093] [0.24135297326786445:3.6175905281771343] [-0.2460895975702353:0.31439283279774077] [0.125:1] [0.125:1] [-0.038975223714718288:0.090608787289234716] [-1.5461791173098252:1.5488443953974635] [-0.059779778290305785:0.094202460782536912] [-0.043461945212021957:0.10599533081421919] [-1.5045934428370884:1.489242662945965] [-0.060974527380846744:0.11743225062463969] [-0.073884558754429897:0.081355003515127811]
tree_sizes=1613 1598 1626 1582 1598 1622 1609 1607 1601 1602 1603 1605 1621 1592 1601 1584 1609 1598 1583 1597 1580 1604 1625 1608 1587 1597 1601 1604 1588 1597 1598 1597 1572 1607 1617 1594 1612 1595 1596 1618 1614 1602 1596 1592 1579 1621 1581 1614 1601 1589 1564 1623 1598 1586 1571 1586 1613 1567 1606 1579 1587 1613 1601 1580 1570 1593 1579 1602 1589 1581 1581 1584 1588 1580 1564 1573 1587 1581 1573 1577

Tree=0
num_leaves=15
num_cat=0
split_feature=19 22 22 19 10 9 22 9 10 22 20 22 9 21
split_gain=8.38884 18.4092 16.8593 11.7256 8.10496 15.8206 7.78945 7.91122 7.0845 13.5859 8.32568 9.85566 7.67336 6.71915
threshold=-0.0031689393508829151 -0.013009787692178419 -0.00062522156579813959 -0.0017476816039254104 2.5000000000000004 0.31410256410256415 -0.0015637138199161569 0.45512820512820523 2.5000000000000004 -0.0072710932400419917 0.00096783391035726318 -0.0028981552043372823 0.30128205128205138 -0.3048329213122668
decision_type=2 2 2 2 2 2 2 2 2 2 2 2 2 2
left_child=2 -2 13 6 -4 -6 -3 -8 9 -5 -10 12 -12 -1
right_child=1 3 4 8 5 -7 7 -9 10 -11 11 -13 -14 -15
leaf_value=0.0015045815136268859 -0.0062304934184088242 -0.00034033329593598683 0.0019257713683747222 0.00667046513076122 0.013415319269782837 0.0027933318832962691 -0.0033899368616578116 -0.00064154595207853687 -0.00065531403239324894 0.00028311009430109682 0.0089857195640182814 0.00011830100602263748 0.0018634849684494631 0.00022389507042829324
leaf_weight=11281 1190 18922 3642 836 514 1100 5329 5148 52193 155021 516 42031 1411 111064
leaf_count=11281 1190 18922 3642 836 514 1100 5329 5148 52193 155021 516 42031 1411 111064
internal_value=0.000124634 -2.73046e-05 0.000461129 -1.05036e-06 0.00323372 0.00618218 -0.000945989 -0.00203968 0.000109189 0.000317413 -0.000228332 0.000278646 0.00377423 0.000341993
internal_weight=410198 282597 127601 281407 5256 1614 29399 10477 252008 155857 96151 43958 1927 122345
internal_count=410198 282597 127601 281407 5256 1614 29399 10477 252008 155857 96151 43958 1927 122345
is_linear=0
shrinkage=1


Tree=1
num_leaves=15
num_cat=0
split_feature=10 17 11 19 19 4 21 19 17 17 19 17 11 19
split_gain=8.89069 12.2481 5.94935 5.81223 5.79205 9.49084 10.8761 14.5662 17.2629 7.5221 5.23824 4.96288 4.8666 14.8728
threshold=2.5000000000000004 0.0029128390278390097 0.53612998392257671 -0.020707881803070146 -0.011619743008824955 0.0024981626331530972 -0.19781117049292118 -0.015770480814588091 0.010479764971520479 -0.0027927583652256334 -0.019340890612886571 -0.012181110908816793 -0.64520858799654657 -3.3600516377019212e-05
decision_type=2 2 2 2 2 2 2 2 2 2 2 2 2 2
left_child=2 11 4 -3 5 -1 10 9 -9 -8 -7 -2 13 -5
right_child=1 3 -4 12 -6 6 7 8 -10 -11 -12 -13 -14 -15
leaf_value=0.00025404851045544266 -0.0018583455214986834 -0.0023951332183658964 -0.00067348849611898181 0.0053043409537902736 0.00018308262835646483 0.009927308059426182 0.002636293855312874 0.0024699968810074548 0.012375010789337124 -0.0015965639665366555 0.0034673737628714211 -0.0004742543827240705 0.00036598803735401477 -0.0023443337065506228
leaf_weight=14946 6886 1809 18087 1753 203821 616 1621 2096 556 2973 642 108717 44586 996
leaf_count=14946 6886 1809 18087 1753 203821 616 1621 2096 556 2973 642 108717 44586 996
internal_value=8.48003e-06 -0.000275626 0.000199245 0.000385586 0.000268702 0.00101285 0.00234627 0.00160071 0.0045505 -0.000102745 0.00663596 -0.000556714 0.000491905 0.00253328
internal_weight=410105 164747 245358 49144 227271 23450 8504 7246 2652 4594 1258 115603 47335 2749
internal_count=410105 164747 245358 49144 227271 23450 8504 7246 2652 4594 1258 115603 47335 2749
is_linear=0
shrinkage=0.05


Tree=2
num_leaves=15
num_cat=0
split_feature=19 20 19 17 19 21 19 11 10 20 10 19 9 20
split_gain=7.88898 11.0886 9.65342 11.2519 7.53276 11.0367 13.7243 8.68052 7.03125 12.0879 6.01477 9.15943 7.48085 6.38306
threshold=-0.0031689393508829151 -0.011327859930278792 -0.0027313307792880544 -0.0022977678393509833 -0.0041530809849009689 -0.31143932449797945 -0.019340890612886571 -0.60076128894494452 3.5000000000000004 0.00030412385422140536 1.5000000000000002 0.025366857688590153 0.19871794871794876 -0.0025215471220158543
decision_type=2 2 2 2 2 2 2 2 2 2 2 2 2 2
left_child=4 -2 3 -3 5 6 -1 -6 -5 -10 -4 12 13 -12
right_child=1 2 10 8 7 -7 -8 -9 9 -11 11 -13 -14 -15
leaf_value=0.0086671399991186931 -0.0011847077574450003 -0.0075664217720109537 0.00027774577830898554 -0.00018739618512782726 0.0057348213448007125 3.1787928343977821e-05 0.001275885394363059 0.0010510809660889502 0.0010926640994705636 -0.0071317183924455799 -0.0023383221068732254 0.0028880778048434074 -9.7285341311574775e-05 -0.00055971897815373115
leaf_weight=673 23835 764 107692 4953 1068 103632 9224 13273 751 1101 6930 2336 115789 18536
leaf_count=673 23835 764 107692 4953 1068 103632 9224 13273 751 1101 6930 2336 115789 18536
internal_value=-5.33583e-06 -0.000152745 -5.77182e-05 -0.00181693 0.000320546 0.000184145 0.00177932 0.00140026 -0.00117041 -0.00379788 -4.72126e-06 -0.00021657 -0.000267933 -0.0010438
internal_weight=410557 282687 258852 7569 127870 113529 9897 14341 6805 1852 251283 143591 141255 25466
internal_count=410557 282687 258852 7569 127870 113529 9897 14341 6805 1852 251283 143591 141255 25466
is_linear=0
shrinkage=0.05


Tree=3
num_leaves=15
num_cat=0
split_feature=17 22 22 22 21 19 21 17 13 9 14 17 22 18
split_gain=7.13863 9.71212 11.8515 11.193 10.9065 9.64779 14.4179 8.25235 12.2763 9.11512 6.81309 6.73688 6.51575 6.23513
threshold=0.0031394545230130082 -0.029506454416010127 0.0092420802283824672 0.0090451555060858686 0.073339216839550692 -0.019340890612886571 -0.20215013170804366 0.010479764971520479 1.5050407352899422 0.25000000000000006 -0.022346264802797052 0.0086512714193213176 -0.034417383641141601 -0.678561024072874
decision_type=2 2 2 2 2 2 2 2 2 2 2 2 2 2
left_child=5 4 3 7 -2 6 12 -3 9 -9 11 -6 -1 -7
right_child=1 2 -4 -5 10 13 -8 8 -10 -11 -12 -13 -14 -15
leaf_value=0.0077402553572777505 0.0025681669218548656 0.00049157041937450386 -0.00046852907423452919 0.0067175668400469291 -0.0033407778819100824 -0.0024084715798207324 0.00044541584197838751 0.0067135444745115777 0.008122203098093906 0.0010324042575749644 -0.00086308645456206051 -0.010060392380268384 0.0019882298257941837 -0.00015549875956177503
leaf_weight=1116 911 67617 27032 776 993 3103 7826 773 767 8050 1185 598 882 288513
leaf_count=1116 911 67617 27032 776 993 3103 7826 773 767 8050 1185 598 882 288513
internal_value=-2.29493e-06 0.000345073 0.000433637 0.000746366 -0.00217689 -0.00012756 0.00141351 0.000686263 0.00205881 0.00153084 -0.00373444 -0.00587117 0.00520334 -0.00017948
internal_weight=410142 108702 105015 77983 3687 301440 9824 77207 9590 8823 2776 1591 1998 291616
internal_count=410142 108702 105015 77983 3687 301440 9824 77207 9590 8823 2776 1591 1998 291616
is_linear=0
shrinkage=0.05


Tree=4
num_leaves=15
num_cat=0
split_feature=10 21 22 18 11 13 13 22 21 22 18 13 22 14
split_gain=7.03878 9.31396 11.4224 8.57374 5.69377 11.8886 4.67953 7.19259 17.5002 19.4834 10.4725 5.3716 5.29844 5.7623
threshold=2.5000000000000004 -0.12350670870826252 -0.023377291976868494 -0.3485055093184411 0.53612998392257671 2.2005069624301341 0.80195987125911683 -0.017864485826787898 -0.10907353033674998 -0.018212119726385586 0.47030147051175047 1.0642181657605565 -0.037374638252356367 -0.030236349513910962
decision_type=2 2 2 2 2 2 2 2 2 2 2 2 2 2
left_child=4 2 3 -2 6 -6 -1 8 11 10 12 -8 -10 -14
right_child=1 -3 -4 -5 5 -7 7 -9 9 -11 -12 -13 13 -15
leaf_value=-3.77530988369078e-06 0.0061085978337407356 -1.9033385338257964e-05 -0.001062235669509049 0.00039002238034233799 -0.00045573873649063922 -0.0077563248085779279 0.0025545447269929608 0.00031269753248269663 -0.0021746201200307431 0.0073395933504054921 -0.0066108634477119611 0.0067818743494431569 0.0024095531587031128 -0.00048042202371150047
leaf_weight=108390 918 117319 43854 2286 17505 575 1369 105216 1740 958 586 1670 3327 3580
leaf_count=108390 918 117319 43854 2286 17505 575 1369 105216 1740 958 586 1670 3327 3580
internal_value=-4.30634e-06 -0.000257404 -0.000851666 0.00202989 0.000165562 -0.000688336 0.000233625 0.000450868 0.00154961 0.000556386 -0.000148147 0.00487903 0.00029054 0.000911784
internal_weight=409293 164377 47058 3204 244916 18080 226836 118446 13230 10191 9233 3039 8647 6907
internal_count=409293 164377 47058 3204 244916 18080 226836 118446 13230 10191 9233 3039 8647 6907
is_linear=0
shrinkage=0.05


Tree=5
num_leaves=15
num_cat=0
split_feature=10 20 18 19 22 19 19 19 9 19 22 22 22 22
split_gain=6.42543 12.5945 4.78546 4.60447 8.58599 6.79015 8.08098 7.76316 12.2835 6.47745 6.68083 6.52762 5.11365 5.60074
threshold=2.5000000000000004 0.00096783391035726318 -0.11488505444008269 -0.0044230765082904347 -0.0081029059096973093 -0.0057085310432071204 -0.0048722735403607378 -0.00647160400481711 0.62179487179487192 -0.0022550704683385599 -0.001246851676829752 0.00033836584490387628 -0.0063583253465607772 -0.0084369770417030959
decision_type=2 2 2 2 2 2 2 2 2 2 2 2 2 2
left_child=-1 3 -3 5 -5 7 -7 12 -9 10 -6 -12 13 -2
right_child=1 2 -4 4 9 6 -8 8 -10 -11 11 -13 -14 -15
leaf_value=0.00015957945043982354 -5.0258636718116293e-05 -0.0016046017338269018 0.00031055959073150599 -0.0061247800044815538 -0.0012616545881974329 0.0050296171193706897 1.1478641472277805e-05 -0.0051885655882551555 0.0025581608811192924 -0.00064617156660534073 -0.0073202812757759989 -0.0013918918904472287 0.0028571091715929591 -0.0033899677959102568
leaf_weight=245215 17396 3413 73155 771 4341 1332 2015 1820 711 55252 1098 805 1384 1352
leaf_count=245215 17396 3413 73155 771 4341 1332 2015 1820 711 55252 1098 805 1384 1352
internal_value=-2.69914e-06 -0.000244096 0.000225172 -0.000651118 -0.000884503 -9.23927e-05 0.00200944 -0.000402879 -0.00301223 -0.000818705 -0.00234507 -0.00481452 -7.46972e-05 -0.000291268
internal_weight=410060 164845 76568 88277 62267 26010 3347 22663 2531 61496 6244 1903 20132 18748
internal_count=410060 164845 76568 88277 62267 26010 3347 22663 2531 61496 6244 1903 20132 18748
is_linear=0
shrinkage=0.05


Tree=6
num_leaves=15
num_cat=0
split_feature=17 22 22 10 22 20 11 19 17 8 14 22 17 13
split_gain=6.13976 8.77176 9.12311 8.67262 8.37388 8.21094 6.46707 9.44815 6.62722 6.20641 7.03626 5.75767 18.6143 6.71257
threshold=0.0031394545230130082 -0.029506454416010127 0.0092420802283824672 2.5000000000000004 0.0090451555060858686 0.027853144365438291 0.33895810764962914 0.012984708299975002 -0.0087495576860018281 0.49348953918144561 -0.021034698310789465 -0.020017855619632815 -0.010231706327146315 0.91395331725450546
decision_type=2 2 2 2 2 2 2 2 2 2 2 2 2 2
left_child=3 9 4 6 5 -3 7 11 -9 -2 -11 12 -1 -14
right_child=1 2 -4 -5 -6 -7 -8 8 -10 10 -12 -13 13 -15
leaf_value=0.0092081935642356616 0.0014944646522894278 0.0005744785534452264 -0.0003757824115207159 -0.00044087439792468621 0.0059727086450017198 0.0047672055547968474 -0.00055604218510371813 -0.0032377283873444226 0.0020003795029668414 -0.0055317427756845583 -0.00043426096261618723 5.1104948801561349e-05 -0.00094047247728265288 0.0019408004261692439
leaf_weight=696 912 75869 27066 118481 742 1185 30518 642 9942 1522 1219 132799 3553 4687
leaf_count=696 912 75869 27066 118481 742 1185 30518 642 9942 1522 1219 132799 3553 4687
internal_value=8.489e-06 0.000330973 0.000414884 -0.000107649 0.000689966 0.000639019 0.000108287 0.000241392 0.00168237 -0.00207723 -0.00326573 0.000133776 0.00136222 0.000698463
internal_weight=409833 108515 104862 301318 77796 77054 182837 152319 10584 3653 2741 141735 8936 8240
internal_count=409833 108515 104862 301318 77796 77054 182837 152319 10584 3653 2741 141735 8936 8240
is_linear=0
shrinkage=0.05


Tree=7
num_leaves=15
num_cat=0
split_feature=20 22 21 10 18 22 22 22 21 20 21 18 21 22
split_gain=5.21714 13.3252 16.2265 6.72432 5.69283 4.77281 8.1222 4.47361 8.14593 6.05037 4.82711 4.50997 4.31192 4.19511
threshold=-0.0021329071278589069 -0.025747580640957498 -0.20215013170804366 2.5000000000000004 0.11662807909415478 0.035940183515538189 0.029497982187397746 -0.026534696288983469 0.39434596451107834 0.027853144365438291 0.087282035526505972 0.42553338344158903 -0.12350670870826252 -0.029506454416010127
decision_type=2 2 2 2 2 2 2 2 2 2 2 2 2 2
left_child=1 2 -1 4 -3 6 -5 8 10 12 -2 -11 -9 -12
right_child=7 3 -4 5 -6 -7 -8 9 -10 11 13 -13 -14 -15
leaf_value=0.0051612050180757261 0.00084046234545299796 5.3868363768712784e-05 -4.0339769259098208e-05 -0.00070431962902884444 -0.0019624390118227978 0.0029343840408366981 -0.0050620517368814644 -0.00071505758852367463 -0.0060334723074496333 0.00085285670836961419 -0.002491779784499422 0.0065657410339657156 0.00020671894438540128 0.00093967198925094743
leaf_weight=2484 3666 78089 3780 59154 3664 875 1088 13403 726 757 3393 635 237195 1207
leaf_count=2484 3666 78089 3780 59154 3664 875 1088 13403 726 757 3393 635 237195 1207
internal_value=1.76887e-06 -0.000234142 0.00202284 -0.000333111 -3.65213e-05 -0.000729835 -0.000783105 0.000136577 -0.000959228 0.000175683 -0.000512883 0.00346179 0.000157416 -0.00159139
internal_weight=410116 149134 6264 142870 81753 61117 60242 260982 8992 251990 8266 1392 250598 4600
internal_count=410116 149134 6264 142870 81753 61117 60242 260982 8992 251990 8266 1392 250598 4600
is_linear=0
shrinkage=0.05


Tree=8
num_leaves=15
num_cat=0
split_feature=11 19 22 22 19 10 22 22 11 14 7 22 4 22
split_gain=5.61109 5.28718 15.6249 11.8505 10.5062 7.45966 6.74199 10.313 5.41039 5.40768 7.88279 8.9666 5.09847 5.05496
threshold=0.38521310393701347 -0.0031689393508829151 -0.013009787692178419 -0.00062522156579813959 -0.0027313307792880544 2.5000000000000004 -0.001246851676829752 0.00062951866589167082 -0.25051012784222387 -0.023469007713634579 -0.34102892802074103 -0.02177697038588355 0.0017830608005575343 -0.00030812269033381185
decision_type=2 2 2 2 2 2 2 2 2 2 2 2 2 2
left_child=1 3 8 9 6 -5 -4 -8 -3 10 11 -1 -7 -2
right_child=13 2 4 5 -6 12 7 -9 -10 -11 -12 -13 -14 -15
leaf_value=0.0092182729389632088 3.1618925046632055e-05 -0.0024913803991037944 -0.0011606072079916093 0.0015538418368331378 3.5961781567917044e-05 0.0021457770528089024 -0.010184719900564071 -0.0013091964592268999 -0.0097614210046689503 -3.4778203651221048e-05 0.00055683162387266689 0.001625319023755796 0.0085470078075468442 -0.00089526454819088353
leaf_weight=553 28381 502 6375 2913 235583 506 566 775 523 60707 39445 1306 810 30536
leaf_count=553 28381 502 6375 2913 235583 506 566 775 523 60707 39445 1306 810 30536
internal_value=2.69606e-06 7.85739e-05 -4.94703e-05 0.00037304 -2.35047e-05 0.00296629 -0.00183889 -0.00506011 -0.00620677 0.000265505 0.000706839 0.00388775 0.00608924 -0.000448781
internal_weight=409481 350564 244324 106240 243299 4229 7716 1341 1025 102011 41304 1859 1316 58917
internal_count=409481 350564 244324 106240 243299 4229 7716 1341 1025 102011 41304 1859 1316 58917
is_linear=0
shrinkage=0.05


Tree=9
num_leaves=15
num_cat=0
split_feature=19 19 13 19 14 21 19 9 19 9 21 20 19 10
split_gain=5.56597 9.15909 15.9038 6.40106 9.41781 8.40439 8.46883 6.1406 6.13453 6.49817 5.79361 5.72337 7.16412 7.92618
threshold=-0.0031689393508829151 -0.0017476816039254104 1.6815951236703517 -0.0041530809849009689 -0.027774298017709028 -0.31143932449797945 -0.019340890612886571 0.2371794871794872 -0.001678312209055066 0.37820512820512825 -0.22333531687159835 -0.011327859930278792 0.011088435550877797 3.5000000000000004
decision_type=2 2 2 2 2 2 2 2 2 2 2 2 2 2
left_child=3 2 -2 5 7 6 -1 -5 9 -3 -6 12 13 -10
right_child=1 8 -4 4 10 -7 -8 -9 11 -11 -12 -13 -14 -15
leaf_value=0.0069527581602352936 -0.00073999182233109976 -0.00072134607037442275 -0.0073116980202818432 0.007947346967419909 -0.0024087719671248994 1.797031497283125e-05 0.001146947036481368 0.0025393508739256446 -0.00065677123881349025 0.0058395668612551792 0.001031707201485758 2.6928791726234628e-05 -0.0022296761689812703 0.0030818769460210556
leaf_weight=673 28848 646 950 675 1394 103687 9240 2357 11350 906 9962 231413 6442 1619
leaf_count=673 28848 646 950 675 1394 103687 9240 2357 11350 906 9962 231413 6442 1619
internal_value=3.31359e-06 -0.000120734 -0.000949745 0.000276799 0.00127034 0.000150953 0.00154177 0.00374553 -2.28495e-05 0.00310997 0.000609198 -4.22465e-05 -0.000866895 -0.000189851
internal_weight=410162 282174 29798 127988 14388 113600 9913 3032 252376 1552 11356 250824 19411 12969
internal_count=410162 282174 29798 127988 14388 113600 9913 3032 252376 1552 11356 250824 19411 12969
is_linear=0
shrinkage=0.05


Tree=10
num_leaves=15
num_cat=0
split_feature=20 19 21 10 19 19 13 11 21 19 10 19 19 5
split_gain=5.25541 10.3149 9.11297 6.10878 5.86336 14.564 21.5026 7.78227 8.0098 11.3562 5.77291 4.64788 7.30314 6.28892
threshold=-0.0025215471220158543 -0.019340890612886571 -0.20215013170804366 3.5000000000000004 -0.015770480814588091 -0.015369902406364875 1.3717241742661119 -0.48496297113979497 0.097235643167142755 -0.017798949852377007 2.5000000000000004 -0.011357258456344608 -0.0099272354646559573 0.0040459069097786137
decision_type=2 2 2 2 2 2 2 2 2 2 2 2 2 2
left_child=1 2 3 -1 7 6 -6 -2 9 -9 -3 -7 13 -13
right_child=4 10 -4 -5 5 11 -8 8 -10 -11 -12 12 -14 -15
leaf_value=0.0073698465977250372 0.001888686644036309 -5.2565490753934285e-05 0.00040331836650246071 0.0014165056599388236 -0.00052215029684296674 0.0010424243379743151 0.013315497326176718 0.0013780363828264138 -0.0023875258668225319 -0.0030203209288117787 -0.00071016896160303175 -0.0011358340961487245 0.00014760963680411588 -0.0069164700957718671
leaf_weight=1021 2321 77101 3272 746 610 13967 519 4674 7286 2138 58845 5241 231810 516
leaf_count=1021 2321 77101 3272 746 610 13967 519 4674 7286 2138 58845 5241 231810 516
internal_value=-7.58548e-06 -0.000254872 0.0019663 0.00485866 0.00012198 0.000181479 0.00584515 -0.000793576 -0.00123527 -2.66349e-06 -0.000337216 0.000156035 0.000103918 -0.00165506
internal_weight=410067 140985 5039 1767 269082 252663 1129 16419 14098 6812 135946 251534 237567 5757
internal_count=410067 140985 5039 1767 269082 252663 1129 16419 14098 6812 135946 251534 237567 5757
is_linear=0
shrinkage=0.05


Tree=11
num_leaves=15
num_cat=0
split_feature=19 22 22 19 13 13 20 21 18 22 22 13 22 4
split_gain=4.51356 15.2262 11.1259 8.78731 16.187 7.02038 12.3365 8.43174 7.2414 7.13946 6.4071 5.4699 5.33814 4.67157
threshold=-0.0031689393508829151 -0.013009787692178419 -0.00062522156579813959 -0.0017476816039254104 1.9504839045736471 1.3260006947528837 0.015710745180015476 -0.073834382672948132 0.34844342529533928 -0.020409764768525348 -0.0072710932400419917 1.1300857128979238 -0.0098268071371325743 0.0026297892799453343
decision_type=2 2 2 2 2 2 2 2 2 2 2 2 2 2
left_child=2 11 5 4 12 -1 7 9 -8 -7 -5 -2 -3 -4
right_child=1 3 13 10 -6 6 8 -9 -10 -11 -12 -13 -14 -15
leaf_value=-1.8121080753156438e-05 -0.0025118779760814041 0.0025594248193097253 0.0017220439619802415 0.0035858395838463289 -0.0096566858783055654 0.0044933029317075646 0.010538196094564687 4.2250493087003916e-05 0.0021440673884145314 0.00089086289014001982 -8.4903084927635356e-06 -0.0093100052251360622 -0.00088723467490965831 0.0053549529228425485
leaf_weight=101933 621 1170 4102 1245 518 2282 512 13766 516 3461 250769 566 27662 1128
leaf_count=101933 621 1170 4102 1245 518 2282 512 13766 516 3461 250769 566 27662 1128
internal_value=1.5652e-06 -0.000109929 0.000248258 -8.60785e-05 -0.000904852 0.000151803 0.000995161 0.000713687 0.00633098 0.00232284 9.28056e-06 -0.00575855 -0.000747286 0.00250646
internal_weight=410251 282551 127700 281364 29350 122470 20537 19509 1028 5743 252014 1187 28832 5230
internal_count=410251 282551 127700 281364 29350 122470 20537 19509 1028 5743 252014 1187 28832 5230
is_linear=0
shrinkage=0.05


Tree=12
num_leaves=15
num_cat=0
split_feature=20 22 21 19 19 22 22 21 19 18 9 20 22 19
split_gain=4.5208 8.27923 12.9502 5.52169 12.4041 21.1526 5.34494 5.22679 4.81994 9.16956 7.73823 6.81654 14.4572 6.05402
threshold=-0.0025215471220158543 -0.023954451333595025 -0.20215013170804366 -0.015770480814588091 -0.015369902406364875 -0.017615446075233184 -0.018981539360031493 0.0020883164235803646 0.0038022525697682945 -0.678561024072874 0.69871794871794879 -0.011327859930278792 0.0070232515732361342 -0.0034896276896106411
decision_type=2 2 2 2 2 2 2 2 2 2 2 2 2 2
left_child=1 2 -1 6 5 -5 7 -2 9 10 -3 12 -10 -11
right_child=3 8 -4 4 -6 -7 -8 -9 11 13 -12 -13 -14 -15
leaf_value=0.0039718150222161153 0.0013131533857033628 -0.0010688014342086407 -0.00036297151527950886 0.012475442460972021 0.00014834771787971082 -0.0013112903806766696 -0.0033826885769900963 -0.00095963916722619001 0.0051415645317622848 2.9270980675797488e-05 -0.0073318197116265457 0.00044570405761485939 -0.0013797520258451404 -0.00082764949636173206
leaf_weight=2934 3238 1092 4172 544 251523 568 1751 11550 915 35595 899 34573 11775 48962
leaf_count=2934 3238 1092 4172 544 251523 568 1751 11550 915 35595 899 34573 11775 48962
internal_value=-6.40584e-06 -0.000235847 0.00142713 0.000113711 0.000171654 0.00543845 -0.00077134 -0.00046193 -0.000324168 -0.000545923 -0.00389901 8.19119e-05 -0.000909171 -0.000466925
internal_weight=410091 140917 7106 269174 252635 1112 16539 14788 133811 86548 1991 47263 12690 84557
internal_count=410091 140917 7106 269174 252635 1112 16539 14788 133811 86548 1991 47263 12690 84557
is_linear=0
shrinkage=0.05


Tree=13
num_leaves=15
num_cat=0
split_feature=11 13 22 22 20 18 11 13 20 5 14 18 22 20
split_gain=4.46956 4.57605 5.75353 12.7382 4.62893 3.60897 3.53894 5.05212 4.36874 3.34894 2.77201 6.86419 6.62706 5.49132
threshold=0.38521310393701347 1.7202317707719303 0.0011055679074569726 0.0062182625879680939 0.0048739904828056799 -0.049886775255862013 -1.141949083518101 1.5335466921100804 0.027853144365438291 0.0019504311625642339 -0.027136261080040299 -0.35797718524143435 -0.023954451333595025 -0.005309142999533222
decision_type=2 2 2 2 2 2 2 2 2 2 2 2 2 2
left_child=6 4 9 -4 -2 -6 7 -1 10 -3 11 12 -8 -12
right_child=1 2 3 -5 5 -7 8 -9 -10 -11 13 -13 -14 -15
leaf_value=-0.001843971272617634 -0.00056958266516181301 -0.00269445628149536 -0.0097423711370563555 -0.0004619888741153389 -0.0036737246358103542 0.00063560842644135431 0.007659176741322056 0.0031930861566145325 0.0030896256033296969 0.0019902325285030605 -0.00041187121769496211 0.00024903662488212169 0.0016056444250204791 0.00012058193213097747
leaf_weight=4362 41849 700 653 851 503 13501 537 561 1201 836 61769 55803 2838 224106
leaf_count=4362 41849 700 653 851 503 13501 537 561 1201 836 61769 55803 2838 224106
internal_value=-6.03177e-06 -0.00040912 -0.00229797 -0.0044951 -0.000306274 0.000480573 6.15678e-05 -0.00126944 8.04956e-05 -0.000145081 7.0013e-05 0.000381492 0.00257081 5.53376e-06
internal_weight=410070 58893 3040 1504 55853 14004 351177 4923 346254 1536 345053 59178 3375 285875
internal_count=410070 58893 3040 1504 55853 14004 351177 4923 346254 1536 345053 59178 3375 285875
is_linear=0
shrinkage=0.05


Tree=14
num_leaves=15
num_cat=0
split_feature=11 10 17 22 12 22 11 13 19 17 22 13 21 22
split_gain=4.4577 4.48598 6.2634 7.30723 5.01739 5.27951 5.15535 4.69016 6.63538 8.76426 10.2179 18.3041 10.8257 4.63817
threshold=0.38521310393701347 2.5000000000000004 0.0029128390278390097 -0.025747580640957498 0.077087298858586242 0.022259494425243446 -0.39578749640021466 0.8596540314175386 -0.014174894458753083 -0.0080409320208080209 -0.026534696288983469 1.5050407352899422 0.046819488232780322 0.035940183515538189
decision_type=2 2 2 2 2 2 2 2 2 2 2 2 2 2
left_child=1 4 13 -4 5 7 -7 -1 9 -9 12 -12 -11 -3
right_child=-2 2 3 -5 -6 6 -8 8 -10 10 11 -13 -14 -15
leaf_value=-3.077343422695667e-05 -0.00041000241989461373 -0.00041804570105742329 -0.0023901742894029037 0.00050658556661205051 -0.0024122770023419626 0.0056019773514741633 0.0011066894937753976 0.005741054632774743 0.00029629065798133169 0.0021569319834173093 0.0013060984290397119 0.0094572710735510799 -0.0030206923347219149 0.002537360053376193
leaf_weight=114309 58847 96963 2301 40111 1813 702 6889 1159 76946 1809 4251 821 2282 1345
leaf_count=114309 58847 96963 2301 40111 1813 702 6889 1159 76946 1809 4251 821 2282 1345
internal_value=-7.22624e-06 6.01677e-05 -0.000158485 0.000349374 0.000206004 0.00022871 0.00152309 0.000179959 0.000455987 0.00164631 0.00112781 0.00262713 -0.00073123 -0.000377586
internal_weight=410548 351701 140720 42412 210981 209168 7591 201577 87268 10322 9163 5072 4091 98308
internal_count=410548 351701 140720 42412 210981 209168 7591 201577 87268 10322 9163 5072 4091 98308
is_linear=0
shrinkage=0.05


Tree=15
num_leaves=15
num_cat=0
split_feature=10 17 19 13 19 17 21 13 4 21 13 22 17 22
split_gain=3.84083 8.73348 13.0451 21.7437 7.72454 7.36042 7.84457 5.88752 6.76838 5.86415 4.97346 6.6913 9.17116 4.95395
threshold=1.5000000000000002 0.011481856311468254 -0.015369902406364875 1.2019916594834232 0.010008584111975806 0.011481856311468254 0.45341385324242806 1.9504839045736471 0.0030121765779203601 0.16700994173500236 1.1753388276312158 -0.020017855619632815 -0.0024817621786349382 -0.016034149020032636
decision_type=2 2 2 2 2 2 2 2 2 2 2 2 2 2
left_child=5 -2 3 -3 -4 7 -7 10 -9 -6 13 12 -12 -1
right_child=1 2 4 -5 9 6 -8 8 -10 -11 11 -13 -14 -15
leaf_value=-0.00085617944337013053 -0.00017193984322342779 -0.00023958027459390613 0.0015972634714791396 0.013838304160146427 0.0011062569990955503 -0.0008320741767924209 -0.0064788319232231238 -0.00073877964799612525 -0.0070338735445953458 -0.0054962925371094661 0.0063455236953917239 0.0005680779791699895 0.0012048721146492177 0.00025361569305351015
leaf_weight=10976 241450 565 5068 532 593 3012 772 1799 559 775 1252 20590 2823 119791
leaf_count=10976 241450 565 5068 532 593 3012 772 1799 559 775 1252 20590 2823 119791
internal_value=3.56438e-06 -0.000119631 0.00155677 0.006594 0.0006973 0.000193407 -0.00198552 0.000245672 -0.00223348 -0.00263551 0.000283297 0.000934517 0.00278545 0.000160459
internal_weight=410557 248983 7533 1097 6436 161574 3784 157790 2358 1368 155432 24665 4075 130767
internal_count=410557 248983 7533 1097 6436 161574 3784 157790 2358 1368 155432 24665 4075 130767
is_linear=0
shrinkage=0.05


Tree=16
num_leaves=15
num_cat=0
split_feature=19 19 21 19 19 14 9 19 19 10 17 17 13 19
split_gain=3.56122 7.03982 5.12932 9.21966 7.94206 7.25214 6.3696 6.14241 7.40354 5.04622 6.03689 4.85424 4.6331 6.90515
threshold=-0.0031689393508829151 -0.0027313307792880544 -0.3048329213122668 -0.0043087394022177086 -0.0041530809849009689 -0.0041081670466320266 0.2371794871794872 -0.019340890612886571 -0.0059648459781788668 3.5000000000000004 0.00058387316725860849 0.0034282782526570137 1.0794893662256737 -0.0018869546834343607
decision_type=2 2 2 2 2 2 2 2 2 2 2 2 2 2
left_child=2 9 3 7 -4 -5 11 -1 -9 -2 -11 -6 -3 -14
right_child=1 12 4 5 6 -7 -8 8 -10 10 -12 -13 13 -15
leaf_value=0.0061510097668887563 -0.00063611297446262895 4.6172819424040622e-05 -3.5718297014020928e-05 0.0011724010605795162 0.0023636703033539782 -0.0063776212030922999 0.00066002465599881619 0.00079515195745477336 0.0047056515664008775 -0.0013172087596643616 -0.0058552798449405556 0.007671801834485222 -0.0025952726565552304 -0.00031810918718932775
leaf_weight=724 6023 215309 103119 605 2568 669 10107 8137 1421 1835 1220 517 3545 54432
leaf_count=724 6023 215309 103119 605 2568 669 10107 8137 1421 1835 1220 517 3545 54432
internal_value=-7.02721e-06 -0.000106163 0.000211889 0.00121652 0.000112065 -0.00279414 0.00126717 0.00171369 0.00137696 -0.00147589 -0.00313079 0.00325543 -6.06579e-05 -0.000457389
internal_weight=410231 282364 127867 11556 116311 1274 13192 10282 9558 9078 3055 3085 273286 57977
internal_count=410231 282364 127867 11556 116311 1274 13192 10282 9558 9078 3055 3085 273286 57977
is_linear=0
shrinkage=0.05


Tree=17
num_leaves=15
num_cat=0
split_feature=19 22 22 10 9 19 22 22 22 9 21 22 19 19
split_gain=3.70259 13.1671 10.2882 10.0983 18.6185 6.83147 7.1814 11.2458 6.7819 6.78958 4.96598 11.9607 5.56318 7.11754
threshold=-0.0031689393508829151 -0.013009787692178419 -0.001994881236451806 2.5000000000000004 0.26282051282051283 -0.0017476816039254104 0.0017890624237700827 0.0021272224553338108 -0.0072710932400419917 0.46794871794871801 -0.31143932449797945 -0.023954451333595025 -0.0043087394022177086 -0.0059648459781788668
decision_type=2 2 2 2 2 2 2 2 2 2 2 2 2 2
left_child=2 -2 10 -4 -5 6 -3 -8 9 -7 11 -1 13 -13
right_child=1 5 3 4 -6 8 7 -9 -10 -11 -12 12 -14 -15
leaf_value=0.0057483232534561411 -0.0053469949269799328 -0.00053172777516326025 0.00090001188797572858 0.01330974962828293 0.0022430766892033672 0.00015741849525976605 -0.008310912113600721 -0.0013388109157688227 -1.2462823912278936e-05 0.0076038908632948951 1.339222605050936e-05 0.00036841080600407647 -0.0026779553753627718 0.0044038526106686083
leaf_weight=1243 1190 26418 5167 511 1477 641 770 2317 250655 585 109691 7114 1179 1290
leaf_count=1243 1190 26418 5167 511 1477 641 770 2317 250655 585 109691 7114 1179 1290
internal_value=1.3085e-07 -0.000100836 0.0002236 0.00206556 0.00509294 -7.8631e-05 -0.000798441 -0.00308001 5.68941e-06 0.00371389 0.000114228 0.00113582 0.000537002 0.000988295
internal_weight=410248 282576 127672 7155 1988 281386 29505 3087 251881 1226 120517 10826 9583 8404
internal_count=410248 282576 127672 7155 1988 281386 29505 3087 251881 1226 120517 10826 9583 8404
is_linear=0
shrinkage=0.05


Tree=18
num_leaves=15
num_cat=0
split_feature=20 22 21 22 9 17 9 9 20 19 19 9 21 22
split_gain=3.47773 8.05526 10.0017 4.7968 7.38089 4.31763 5.44195 5.25452 5.09766 4.09649 8.65674 20.2965 5.59428 7.83075
threshold=-0.003456695966597811 -0.023954451333595025 -0.2921456290942902 -0.022191097607884566 0.49358974358974367 -0.0062441288672893105 0.45512820512820523 0.63461538461538469 -0.010852532502907684 -0.015770480814588091 -0.015369902406364875 0.41666666666666669 -0.11201954271835791 -0.030673863990566704
decision_type=2 2 2 2 2 2 2 2 2 2 2 2 2 2
left_child=1 2 -1 4 -3 6 8 -7 -4 12 11 -11 13 -2
right_child=9 3 5 -5 -6 7 -8 -9 -10 10 -12 -13 -14 -15
leaf_value=0.0051555483771903261 0.0069603110521084411 5.9573633808125578e-05 -0.0039925437255953541 -0.00026719952094665802 -0.0063948780930856517 0.00013403888730217393 0.003517027869944866 -0.0057018142236720352 0.0023092809368204896 -0.0024767440997837766 0.00013391785967706545 0.0098856285491356402 -0.00094844515378047882 -0.00018307962719299662
leaf_weight=1452 550 973 631 114850 812 1573 1706 510 651 617 268335 717 15462 1263
leaf_count=1452 550 973 631 114850 812 1573 1706 510 651 617 268335 717 15462 1263
internal_value=1.06932e-05 -0.000211555 0.00149821 -0.000307188 -0.00287851 0.000450174 0.00166809 -0.00129686 -0.000793169 0.000106084 0.0001539 0.00417023 -0.000640315 0.00198661
internal_weight=410102 123158 6523 116635 1785 5071 2988 2083 1282 286944 269669 1334 17275 1813
internal_count=410102 123158 6523 116635 1785 5071 2988 2083 1282 286944 269669 1334 17275 1813
is_linear=0
shrinkage=0.05


Tree=19
num_leaves=15
num_cat=0
split_feature=17 22 18 22 21 22 10 13 5 3 17 10 21 14
split_gain=3.49925 6.94141 6.96697 10.0294 6.6793 6.65597 5.31631 5.34129 5.42543 5.37172 5.21376 9.99706 11.3932 9.48765
threshold=0.0031394545230130082 0.0092420802283824672 -0.011071741775213315 -0.029506454416010127 0.32432235501477152 0.0090451555060858686 1.5000000000000002 1.9504839045736471 0.0036000834266558921 -0.0081786694446910318 0.010479764971520479 1.5000000000000002 0.24948022007290455 -0.019960516007364312
decision_type=2 2 2 2 2 2 2 2 2 2 2 2 2 2
left_child=6 2 -2 4 -4 10 7 9 -9 -1 -5 -12 13 -13
right_child=1 -3 3 5 -6 -7 -8 8 -10 -11 11 12 -14 -15
leaf_value=0.0011207546897027843 0.0033949644138580089 -0.0004514646443272612 -0.0012331848709672512 0.00031262850106813963 -0.0070564422596228367 0.0052085300223591487 -0.00025579118637543072 -0.00074816561902806217 -0.0068765214963895371 8.7660970229845559e-05 -0.00075891862423570905 0.011221161223880963 0.0016269676837803945 0.0026865531510823384
leaf_weight=14352 1989 27030 2815 65975 596 748 183618 1199 516 102018 3154 635 5248 669
leaf_count=14352 1989 27030 2815 65975 596 748 183618 1199 516 102018 3154 635 5248 669
internal_value=2.06227e-07 0.000243216 0.000472687 0.000399845 -0.00225245 0.000518244 -8.74758e-05 0.000174249 -0.00259497 0.000215082 0.000471819 0.00155375 0.00266696 0.00684801
internal_weight=410562 108859 81829 79840 3411 76429 301703 118085 1715 116370 75681 9706 6552 1304
internal_count=410562 108859 81829 79840 3411 76429 301703 118085 1715 116370 75681 9706 6552 1304
is_linear=0
shrinkage=0.05


Tree=20
num_leaves=15
num_cat=0
split_feature=11 13 22 22 11 13 9 14 11 9 12 22 19 19
split_gain=3.42417 4.2382 4.57368 9.48162 3.26966 4.46553 3.21989 3.17144 6.16584 5.81214 6.5491 5.17101 5.10399 5.14505
threshold=0.38521310393701347 1.7202317707719303 0.00099928542957006283 0.0062182625879680939 -1.141949083518101 1.5335466921100804 0.39102564102564108 -0.023991525291294332 -0.5874491749650097 0.26282051282051283 -0.012266138667419433 0.001265526471560974 -0.0023815024937178238 -0.00025412436497296293
decision_type=2 2 2 2 2 2 2 2 2 2 2 2 2 2
left_child=4 -2 -3 -4 5 6 -1 8 9 10 -6 -12 -11 -14
right_child=1 2 3 -5 7 -7 -8 -9 -10 12 11 -13 13 -15
leaf_value=-0.00016946968390866437 -0.00024700557413600378 -0.00017280204348570994 -0.0082193711824522214 -0.00046899066842980616 0.0012079686219124551 0.0030881716514917531 -0.0029191881194424816 7.9665321113447221e-06 0.00018936652806725982 0.0019381722783055615 0.0096732672189520814 0.0031477364347935882 -0.0048787085440582341 0.00026453155989518369
leaf_weight=1854 55837 1506 727 862 1389 535 2500 277367 58276 4361 575 645 595 2640
leaf_count=1854 55837 1506 727 862 1389 535 2500 277367 58276 4361 575 645 595 2640
internal_value=5.79434e-06 -0.000346854 -0.00214756 -0.00401789 6.50483e-05 -0.00121881 -0.00174862 8.32008e-05 0.000387916 0.00152161 0.00355721 0.0062287 0.000822065 -0.000682658
internal_weight=409669 58932 3095 1589 350737 4889 4354 345848 68481 10205 2609 1220 7596 3235
internal_count=409669 58932 3095 1589 350737 4889 4354 345848 68481 10205 2609 1220 7596 3235
is_linear=0
shrinkage=0.05


Tree=21
num_leaves=15
num_cat=0
split_feature=20 22 21 19 19 22 19 18 22 18 17 22 21 10
split_gain=3.43966 6.11909 8.80501 4.62589 9.74996 17.9833 5.19085 8.74118 6.29556 6.06958 8.02909 6.67207 4.5504 4.6084
threshold=-0.0025215471220158543 -0.026534696288983469 -0.20215013170804366 -0.015770480814588091 -0.015369902406364875 -0.017615446075233184 -0.017798949852377007 0.09964731447651877 -0.047596385518319843 0.16441940697746146 0.0012340479769665793 -0.020409764768525348 0.032344759609110929 2.5000000000000004
decision_type=2 2 2 2 2 2 2 2 2 2 2 2 2 2
left_child=1 2 -1 6 5 -5 7 -2 -9 10 -8 -12 13 -3
right_child=3 12 -4 4 -6 -7 9 8 -10 -11 11 -13 -14 -15
leaf_value=0.0038423508277798842 0.0013268743725261718 8.3710804728555504e-05 -0.00018553287550882586 0.011341595028612411 0.00014312648389190247 -0.0013985848059483259 -0.0011230658905180531 -0.0062275417392100504 -0.00088410961667394574 -2.0414394008268389e-05 -0.010874600350342368 -0.0035763798744051925 -0.0012781612751022412 -0.00052963047403366736
leaf_weight=2251 5510 71509 3413 542 251452 565 1589 613 5398 2156 510 813 10181 53566
leaf_count=2251 5510 71509 3413 542 251452 565 1589 613 5398 2156 510 813 10181 53566
internal_value=5.84005e-06 -0.000194288 0.00141563 0.000110623 0.000163749 0.00484376 -0.000698157 -0.000111492 -0.00142998 -0.00203153 -0.00352 -0.00639584 -0.000261715 -0.000178968
internal_weight=410068 140920 5664 269148 252559 1107 16589 11521 6011 5068 2912 1323 135256 125075
internal_count=410068 140920 5664 269148 252559 1107 16589 11521 6011 5068 2912 1323 135256 125075
is_linear=0
shrinkage=0.05


Tree=22
num_leaves=15
num_cat=0
split_feature=10 20 20 22 20 19 19 18 10 22 7 19 19 20
split_gain=3.36298 9.44868 6.77483 6.17009 4.5109 5.81604 8.71381 6.00555 5.14157 5.11102 5.25077 5.02081 8.02019 10.5175
threshold=1.5000000000000002 0.022606724889857491 0.027853144365438291 -0.0046247653133465452 0.001039453524310008 -0.011059709807911154 -0.010304770249569826 -0.4282281257131042 3.5000000000000004 -0.023377291976868494 0.21588954507638577 0.0038022525697682945 0.007426239646269873 -0.0088904846050844571
decision_type=2 2 2 2 2 2 2 2 2 2 2 2 2 2
left_child=1 -1 4 -4 5 7 8 -2 -7 10 -6 -8 13 -13
right_child=2 -3 3 -5 9 6 11 -9 -10 -11 -12 12 -14 -15
leaf_value=0.00020170048048301381 0.0040282908431932751 -0.0051989405254522485 0.0068060006185565475 -0.00044701739797889725 -0.00046558066150523438 -0.005408600170040842 -0.00064232744706210277 0.0002877545145710824 -0.00085986874193664381 0.00017822791924811056 -0.0038572199056342502 0.0043893146496744081 -0.00048207178471289204 0.00045159872843378253
leaf_weight=160047 1153 813 671 520 4589 1383 73288 15303 1128 106231 1518 1928 27436 14027
leaf_count=160047 1153 813 671 520 4589 1383 73288 15303 1128 106231 1518 1928 27436 14027
internal_value=-3.84367e-06 0.000174373 -0.000118895 0.00364156 -0.00013697 -0.000331036 -0.000452689 0.000550066 -0.00336636 9.73605e-05 -0.00130912 -0.000389957 3.63065e-05 0.000927677
internal_weight=410035 160860 249175 1191 247984 135646 119190 16456 2511 112338 6107 116679 43391 15955
internal_count=410035 160860 249175 1191 247984 135646 119190 16456 2511 112338 6107 116679 43391 15955
is_linear=0
shrinkage=0.05


Tree=23
num_leaves=15
num_cat=0
split_feature=17 22 22 18 22 17 10 21 7 21 19 10 22 22
split_gain=3.12318 5.55142 8.74958 5.55429 8.42118 5.25694 8.35135 11.5001 4.91991 4.75124 4.43939 4.28973 5.19867 6.43301
threshold=0.0031394545230130082 0.0092420802283824672 0.0090451555060858686 0.07600094793097352 -0.029506454416010127 0.010479764971520479 1.5000000000000002 0.20908040046616874 0.35264493796423607 0.017794929986412477 0.0064658988157614292 2.5000000000000004 0.014380830103158051 0.0095209649417882253
decision_type=2 2 2 2 2 2 2 2 2 2 2 2 2 2
left_child=11 2 3 -2 8 9 -7 -8 -5 -6 -3 12 13 -1
right_child=1 10 -4 4 5 6 7 -9 -10 -11 -12 -13 -14 -15
leaf_value=7.1353127278642384e-05 0.0016277763145344213 -0.0029481792494352264 0.0057805051586939651 -0.0014358853690791633 -0.003762748232950051 -0.00068960157924421181 0.0083563622446990431 0.0017152699716515827 -0.0068242307761977932 0.00023383690864125009 -0.00023212116165989465 -0.00031903795840871571 0.00075315999714587107 -0.00097645306409500216
leaf_weight=142866 8075 1598 757 2393 752 3075 736 5653 514 59900 25455 118150 24011 16321
leaf_count=142866 8075 1598 757 2393 752 3075 736 5653 514 59900 25455 118150 24011 16321
internal_value=-1.19832e-06 0.000228281 0.000433503 0.000383521 0.000245909 0.000355253 0.0014512 0.0024815 -0.00239064 0.000184224 -0.00039266 -8.41331e-05 6.73651e-05 -3.6081e-05
internal_weight=410256 108908 81855 81098 73023 70116 9464 6389 2907 60652 27053 301348 183198 159187
internal_count=410256 108908 81855 81098 73023 70116 9464 6389 2907 60652 27053 301348 183198 159187
is_linear=0
shrinkage=0.05


Tree=24
num_leaves=15
num_cat=0
split_feature=19 22 22 10 19 22 18 22 21 4 22 22 13 22
split_gain=3.17255 11.6554 9.04973 7.6173 7.51425 6.6776 5.88365 10.84 5.77087 6.12471 5.45643 11.3687 5.00542 4.17388
threshold=-0.0030796110586879251 -0.013009787692178419 -0.001994881236451806 2.5000000000000004 -0.0027313307792880544 -0.0085634188366539004 -0.32986790042828629 -0.023954451333595025 0.49764379282014209 0.0022232358272786718 -0.001246851676829752 -1.0000000180025095e-35 1.1300857128979238 -0.0044739877203233127
decision_type=2 2 2 2 2 2 2 2 2 2 2 2 2 2
left_child=2 12 6 -4 10 -6 7 -1 9 -5 -3 -12 -2 -9
right_child=1 4 3 8 5 -7 -8 13 -10 -11 11 -13 -14 -15
leaf_value=0.005027925958536043 -0.0019944496928261126 -0.0008549090103037335 0.00093706763010601454 0.0037102257644925363 0.0037116600050037421 -4.6745643328061748e-05 5.6889758290843668e-07 0.00095034301749786208 0.0004221050265798357 0.010565501318464014 -0.0087698792797199325 -0.00082433172335306688 -0.0085116310036297393 -0.00266395112160117
leaf_weight=1617 631 5741 5578 861 1186 271047 112799 6807 594 525 742 1143 553 904
leaf_count=1617 631 5741 5578 861 1186 271047 112799 6807 594 525 742 1143 553 904
internal_value=-2.80758e-07 -9.46772e-05 0.000204287 0.00188315 -7.37244e-05 -3.03583e-05 0.000100374 0.00130713 0.0045466 0.00631267 -0.0016216 -0.00395496 -0.00504298 0.00052633
internal_weight=410728 281043 129685 7558 279859 272233 122127 9328 1980 1386 7626 1885 1184 7711
internal_count=410728 281043 129685 7558 279859 272233 122127 9328 1980 1386 7626 1885 1184 7711
is_linear=0
shrinkage=0.05


Tree=25
num_leaves=15
num_cat=0
split_feature=11 19 20 17 13 20 19 19 19 20 22 22 19 19
split_gain=3.41292 4.78345 4.41679 9.04826 3.83555 4.11941 3.97076 5.65782 3.81877 4.6043 4.00336 7.50728 4.75265 11.1315
threshold=0.38521310393701347 0.01215554638199823 -0.018061673247038165 -0.0080409320208080209 1.8035245739591506 0.0048739904828056799 -0.001678312209055066 -0.0034896276896106411 -0.0092689585092878262 -0.016067510752134469 -0.00030812269033381185 -0.0014157706227118092 0.003878626571206079 0.0037095677281956401
decision_type=2 2 2 2 2 2 2 2 2 2 2 2 2 2
left_child=-1 4 -3 -4 5 8 7 -6 9 -2 11 -10 13 -12
right_child=1 2 3 -5 6 -7 -8 -9 10 -11 12 -13 -14 -15
leaf_value=4.767117795335117e-05 0.0029024354842699697 0.0021674775564757211 -0.0085873582290206842 -0.001549884284185466 -0.0013472069393095738 0.00065292634134126858 0.00053256130059644907 -0.0080867327827583678 0.00011887862692746335 -0.0018893156777644354 -0.00098270925513862443 0.0041806017796098584 0.00014920316818221895 -0.0081693487999160604
leaf_weight=350820 546 620 512 4173 789 12494 762 514 11629 6016 9042 1260 9911 572
leaf_count=350820 546 620 512 4173 789 12494 762 514 11629 6016 9042 1260 9911 572
internal_value=-1.1433e-05 -0.000363823 -0.0017958 -0.00232064 -0.000221891 -0.000137097 -0.00233428 -0.00400994 -0.000390355 -0.00149023 -0.000167653 0.000516237 -0.000619112 -0.00141109
internal_weight=409660 58840 5305 4685 53535 51470 2065 1303 38976 6562 32414 12889 19525 9614
internal_count=409660 58840 5305 4685 53535 51470 2065 1303 38976 6562 32414 12889 19525 9614
is_linear=0
shrinkage=0.05


Tree=26
num_leaves=15
num_cat=0
split_feature=22 22 5 17 22 22 10 20 18 22 21 22 10 22
split_gain=2.9584 9.02518 3.03722 2.8267 5.11631 7.475 5.51229 5.81569 7.33989 5.42755 5.89634 5.35778 4.12653 5.6781
threshold=0.035940183515538189 0.034711730432517525 0.0044350078633972638 0.0031394545230130082 0.0092420802283824672 0.0090451555060858686 3.5000000000000004 0.012244024596977822 0.26818308136906627 -0.026534696288983469 0.39434596451107834 0.015520099466824535 1.5000000000000002 0.0207363876269866
decision_type=2 2 2 2 2 2 2 2 2 2 2 2 2 2
left_child=1 3 -2 12 5 9 7 11 -9 10 -5 -6 13 -1
right_child=2 -3 -4 4 6 -7 -8 8 -10 -11 -12 -13 -14 -15
leaf_value=8.4127386578557661e-05 0.0024111741819762443 -0.0044402278689819269 -0.0013520296180240098 -0.00053619075843601492 -0.001531420538170911 0.005293596377098678 0.00074125701152881398 -0.0013960762948985975 -0.0064802942828783468 0.00046507208701944007 -0.0054499383680961253 0.00045766337766744926 -0.00023432515909385006 0.0020965600095692841
leaf_weight=113298 2337 1150 695 4322 5920 774 7386 3135 917 75892 710 7905 181933 3616
leaf_count=113298 2337 1150 695 4322 5920 774 7386 3135 917 75892 710 7905 181933 3616
internal_value=-7.38186e-06 -1.89769e-05 0.00154841 -6.43679e-06 0.00021414 0.000406436 -0.000407718 -0.00088244 -0.00254799 0.000359628 -0.00123045 -0.000394131 -8.53842e-05 0.000146387
internal_weight=409990 406958 3032 405808 106961 81698 25263 17877 4052 80924 5032 13825 298847 116914
internal_count=409990 406958 3032 405808 106961 81698 25263 17877 4052 80924 5032 13825 298847 116914
is_linear=0
shrinkage=0.05


Tree=27
num_leaves=15
num_cat=0
split_feature=22 22 13 20 17 22 22 21 19 9 19 9 19 20
split_gain=3.23591 7.89973 2.76191 3.50532 10.1725 9.14554 7.11668 7.17382 4.83019 4.81793 4.43092 5.36904 6.25201 4.20197
threshold=0.035940183515538189 0.034711730432517525 0.67652901727694992 -0.011327859930278792 -0.0087495576860018281 -0.023954451333595025 -0.0051170110566151053 -0.20215013170804366 0.0026654302719062444 0.41666666666666669 0.010871596493919779 0.30128205128205138 -0.01361614488080015 -0.016648779787383102
decision_type=2 2 2 2 2 2 2 2 2 2 2 2 2 2
left_child=1 2 -1 5 6 9 7 -5 -8 -4 11 -7 -13 -12
right_child=-2 -3 3 4 -6 10 8 -9 -10 -11 13 12 -14 -15
leaf_value=-0.00021526133591566132 0.0016141512757518635 -0.0041423377586772836 -0.00026592686835426451 0.008712144023194637 9.7009940253484723e-05 0.0014870902432693805 -0.0015219582550698384 0.0018964684729411822 0.0035319280587041966 0.0046187183792146414 -0.00094272916937352975 -0.0040984119650538551 -0.00049293082664694126 -0.0039985917229854841
leaf_weight=108708 3084 1153 839 782 268650 3078 1036 763 868 1266 2887 1313 14157 1843
leaf_count=108708 3084 1153 839 782 268650 3078 1036 763 868 1266 2887 1313 14157 1843
internal_value=8.98849e-07 -1.1319e-05 4.17326e-07 7.92326e-05 0.000131655 -0.000482703 0.00282942 0.00534962 0.000782664 0.00267262 -0.000768138 -0.000419725 -0.000799187 -0.00213401
internal_weight=410427 407343 406190 297482 272099 25383 3449 1545 1904 2105 23278 18548 15470 4730
internal_count=410427 407343 406190 297482 272099 25383 3449 1545 1904 2105 23278 18548 15470 4730
is_linear=0
shrinkage=0.05


Tree=28
num_leaves=15
num_cat=0
split_feature=10 20 20 13 13 4 13 19 4 20 11 19 17 17
split_gain=2.8038 7.39093 6.72362 4.60545 3.73679 5.13125 4.59854 5.5901 9.37253 4.50231 5.65812 4.18161 6.60669 3.63967
threshold=1.5000000000000002 0.022606724889857491 0.027853144365438291 0.90677820225574379 2.2005069624301341 0.0021759317624174689 1.1753388276312158 -0.013258178936631058 0.0013657485644831854 -0.00087136062440867901 -0.28176047550691324 -0.015770480814588091 -0.012821596970904346 0.0084170882073911785
decision_type=2 2 2 2 2 2 2 2 2 2 2 2 2 2
left_child=1 4 -2 -4 6 -6 11 8 -8 -10 -11 12 -1 -13
right_child=2 -3 3 -5 5 -7 7 -9 9 10 -12 13 -14 -15
leaf_value=0.0043800274859347879 -0.00011598110385801634 -0.0045054100660340268 0.00094077151977769004 0.0072104400959901761 0.00018743298859231163 -0.0063564251286703276 -0.0015866907711765015 0.00048285441447248369 0.0060936646906549277 0.0066834837020125493 0.00090510738021008568 0.00022415230741407115 -0.0015459262606989754 -0.00097824633792350612
leaf_weight=507 247495 840 680 514 716 514 1119 21904 1237 563 1704 119370 6349 6643
leaf_count=507 247495 840 680 514 716 514 1119 21904 1237 563 1704 119370 6349 6643
internal_value=7.4208e-06 0.00016966 -9.79164e-05 0.00364355 0.000194136 -0.0025501 0.000215329 0.000816363 0.0023961 0.00366809 0.00234246 9.53281e-05 -0.00110713 0.000160758
internal_weight=410155 161466 248689 1194 160626 1230 159396 26527 4623 3504 2267 132869 6856 126013
internal_count=410155 161466 248689 1194 160626 1230 159396 26527 4623 3504 2267 132869 6856 126013
is_linear=0
shrinkage=0.05


Tree=29
num_leaves=15
num_cat=0
split_feature=10 20 12 22 18 22 9 19 18 13 22 19 22 22
split_gain=2.51216 5.88916 3.85855 3.76726 4.14019 3.98188 3.70867 3.82702 3.53314 3.81181 4.38911 5.16089 5.74416 5.05826
threshold=2.5000000000000004 -0.00050790040638554179 0.077087298858586242 0.027476766385362564 0.0042210434908187232 0.033548887810287871 0.28846153846153849 0.02854662016774057 -0.12617073339245619 1.0470653086992794 -0.0028981552043372823 -0.0030796110586879251 -0.00062522156579813959 -0.003171995616077949
decision_type=2 2 2 2 2 2 2 2 2 2 2 2 2 2
left_child=2 -2 3 -1 5 -5 -6 -8 -3 10 13 12 -12 -10
right_child=1 8 -4 4 6 -7 7 -9 9 -11 11 -13 -14 -15
leaf_value=9.0074166517458559e-05 -0.0004736162375781986 -0.0012234286260816433 -0.0020144017626829436 0.0062716560484721798 0.0035794745359968316 0.00065186493323212585 -0.0016354428922374664 0.0031176830746755891 0.00085492999646504463 -0.00033650448099926218 -0.00096989601418391753 -1.2205790378328045e-05 0.0056700119536622628 0.0052149941318116091
leaf_weight=238671 77012 4599 2142 759 762 539 1699 563 20124 23675 530 37312 843 687
leaf_count=238671 77012 4599 2142 759 762 539 1699 563 20124 23675 530 37312 843 687
internal_value=-3.54215e-06 -0.000154513 9.79417e-05 0.00011657 0.0015794 0.00394031 0.000565044 -0.00045156 0.000125481 0.000200083 0.000413608 9.86155e-05 0.00310806 0.000999105
internal_weight=409917 164782 245135 242993 4322 1298 3024 2262 87770 83171 59496 38685 1373 20811
internal_count=409917 164782 245135 242993 4322 1298 3024 2262 87770 83171 59496 38685 1373 20811
is_linear=0
shrinkage=0.05


Tree=30
num_leaves=15
num_cat=0
split_feature=19 22 22 10 9 19 18 22 22 21 10 20 11 17
split_gain=2.69853 10.8862 7.96447 6.45921 15.0688 6.1584 4.92482 7.20442 4.91225 4.01966 3.96579 7.62776 3.95313 3.86545
threshold=-0.0030796110586879251 -0.013009787692178419 -0.001994881236451806 2.5000000000000004 0.26282051282051283 -0.0027313307792880544 -0.32986790042828629 -0.023954451333595025 -0.0085634188366539004 0.31189833386613169 3.5000000000000004 0.00030412385422140536 -0.64520858799654657 -0.0025992089589464413
decision_type=2 2 2 2 2 2 2 2 2 2 2 2 2 2
left_child=2 -2 6 9 -5 10 7 -1 -7 -4 -3 13 -10 -12
right_child=1 5 3 4 -6 8 -8 -9 12 -11 11 -13 -14 -15
leaf_value=0.0042577869096283678 -0.0048399900569710249 -0.00072195324685402692 0.0013704507873207421 0.011715881765081012 0.0016694828386755911 0.0032252027975351498 7.0624165208207217e-06 0.00057051586337089481 -0.00097059027333360717 -0.0029820779450239715 -0.0035870091538986585 -0.007215139898795739 4.9130073321260225e-06 0.0015312403982180403
leaf_weight=1598 1195 5382 4961 501 1457 1160 112355 7726 10817 593 759 780 259708 716
leaf_count=1598 1195 5382 4961 501 1457 1160 112355 7726 10817 593 759 780 259708 716
internal_value=7.168e-06 -7.9915e-05 0.000196254 0.00177616 0.00424476 -5.95331e-05 9.87022e-05 0.00120285 -2.01683e-05 0.000905279 -0.00145974 -0.00321953 -3.40961e-05 -0.00110314
internal_weight=409708 280517 129191 7512 1958 279322 121679 9324 271685 5554 7637 2255 270525 1475
internal_count=409708 280517 129191 7512 1958 279322 121679 9324 271685 5554 7637 2255 270525 1475
is_linear=0
shrinkage=0.05


Tree=31
num_leaves=15
num_cat=0
split_feature=14 21 20 13 13 22 12 20 5 13 19 19 19 22
split_gain=2.46252 4.70909 3.45173 3.79864 3.18692 5.97106 10.7694 5.30169 3.87721 3.05541 2.98192 5.24726 5.21727 5.84098
threshold=-0.027136261080040299 -0.40579908613588073 -0.0060670566255973659 2.4639521342223616 1.3171897438633475 -0.015643102555330853 -0.026144391962287902 0.0041361712418087624 0.0047339488732453311 1.25849892062494 -0.015770480814588091 -0.019340890612886571 -0.012757287396889692 -0.022191097607884566
decision_type=2 2 2 2 2 2 2 2 2 2 2 2 2 2
left_child=1 -1 -2 10 9 6 7 -6 -9 -3 11 -4 -12 -14
right_child=2 4 3 -5 5 -7 -8 8 -10 -11 12 -13 13 -15
leaf_value=0.0023865598496628018 -0.00037242620213253757 0.00010404882894727308 0.000267330369467696 -0.003815931777748412 0.0027831583772007272 -0.0001870743202168984 0.00734253530487283 -0.0020821085233911204 0.0020853122030971448 -0.002064994684137969 0.0013213584933165175 -0.0021528443017523147 -0.0044221348070213251 4.148675896108166e-05
leaf_weight=2554 66561 51905 4819 640 2548 5740 834 1471 898 1675 8049 4183 734 257882
leaf_count=2554 66561 51905 4819 640 2548 5740 834 1471 898 1675 8049 4183 734 257882
internal_value=5.18789e-06 0.000280937 -4.91996e-05 2.86652e-05 0.000198257 0.000953805 0.00209234 0.00120051 -0.000502181 3.62036e-05 3.76048e-05 -0.000857377 6.78204e-05 2.88011e-05
internal_weight=410493 67625 342868 276307 65071 11491 5751 4917 2369 53580 275667 9002 266665 258616
internal_count=410493 67625 342868 276307 65071 11491 5751 4917 2369 53580 275667 9002 266665 258616
is_linear=0
shrinkage=0.05


Tree=32
num_leaves=15
num_cat=0
split_feature=11 22 22 14 13 11 13 14 11 13 9 9 13 22
split_gain=2.70659 3.63249 7.81509 4.66934 5.80128 3.73827 2.78758 4.27891 2.61263 3.087 2.82775 2.73378 2.99006 2.72969
threshold=0.38521310393701347 -0.00030812269033381185 -0.0014157706227118092 0.010983027396795244 1.7202317707719303 1.033669526554259 1.002705101660381 0.053353960408459751 -1.141949083518101 1.5335466921100804 0.37820512820512825 0.73717948717948734 0.95485386476082879 0.022928147465246743
decision_type=2 2 2 2 2 2 2 2 2 2 2 2 2 2
left_child=8 2 5 4 -3 -2 -7 -8 9 10 -1 12 -12 -10
right_child=1 3 -4 -5 -6 6 7 -9 13 -11 11 -13 -14 -15
leaf_value=6.2755048388936573e-06 -0.0003252816128755851 -0.0014056626130169274 0.0033753953881946828 -0.00036556866404206106 -0.0066331717724122012 0.0028668709820058548 0.0031302166182811592 -0.0029098920102503417 3.508096671446079e-05 0.002388484499885807 -0.0020418910962866194 0.00061055021707226952 -0.0060593011194762358 0.000693171377493662
leaf_weight=1741 23751 6150 1702 23808 580 1712 518 673 329781 561 1348 527 706 16547
leaf_count=1741 23751 6150 1702 23808 580 1712 518 673 329781 561 1348 527 706 16547
internal_value=-2.26914e-06 -0.000315943 9.15638e-05 -0.000694323 -0.00185709 -0.000118245 0.00157516 -0.000282454 5.0331e-05 -0.00109804 -0.00155104 -0.00260111 -0.00342503 6.65254e-05
internal_weight=410105 58894 28356 30538 6730 26654 2903 1191 351211 4883 4322 2581 2054 346328
internal_count=410105 58894 28356 30538 6730 26654 2903 1191 351211 4883 4322 2581 2054 346328
is_linear=0
shrinkage=0.05


Tree=33
num_leaves=15
num_cat=0
split_feature=10 20 20 22 13 11 13 12 17 22 22 17 17 17
split_gain=2.43771 8.01723 4.7346 4.36546 3.66098 4.54157 4.44107 5.11316 5.67828 4.33293 7.81831 6.01009 4.66012 4.5186
threshold=1.5000000000000002 0.022606724889857491 0.027853144365438291 -0.0077084033250290887 1.9504839045736471 0.58292777683649721 1.1753388276312158 0.00075102410597960312 -0.0024245085180100152 -0.016034149020032636 -0.016623826041353037 -0.012821596970904346 0.0055153546509075788 0.0086512714193213176
decision_type=2 2 2 2 2 2 2 2 2 2 2 2 2 2
left_child=1 4 -2 -4 6 -6 9 8 -8 10 11 -1 -13 -11
right_child=2 -3 3 -5 5 -7 7 -9 -10 13 -12 12 -14 -15
leaf_value=0.0047740490866529737 -0.00012256322757612763 -0.0047955879382757076 0.0062267772155771119 9.4974393550272302e-05 -0.00053898445770528887 -0.005589044690585309 0.0032708579232626073 9.7577676841222058e-05 0.00087388787643695497 0.00023543009059005779 -0.0059186472785828018 -0.0013047298181527776 0.0014624440009526432 -0.00120109447413666
leaf_weight=510 247374 817 564 597 1844 586 3383 12708 9160 116125 714 8108 1872 5744
leaf_count=510 247374 817 564 597 1844 586 3383 12708 9160 116125 714 8108 1872 5744
internal_value=-9.31874e-06 0.000141872 -0.000107607 0.00307653 0.000166995 -0.00175862 0.000196561 0.000804466 0.00152059 8.12035e-05 -0.000859722 -0.000514856 -0.000785582 0.000167714
internal_weight=410106 161571 248535 1161 160754 2430 158324 25251 12543 133073 11204 10490 9980 121869
internal_count=410106 161571 248535 1161 160754 2430 158324 25251 12543 133073 11204 10490 9980 121869
is_linear=0
shrinkage=0.05


Tree=34
num_leaves=15
num_cat=0
split_feature=22 22 11 19 13 11 4 22 13 19 22 13 17 10
split_gain=2.63424 6.88575 2.29033 4.14392 3.04659 3.02588 2.99513 2.87063 3.30607 2.35925 10.7541 6.45307 7.27465 8.925
threshold=0.035940183515538189 0.034711730432517525 0.41674857223619416 0.01215554638199823 2.2005069624301341 0.70377215511576685 0.0049929225163561786 0.030750262930672626 0.86197580788583628 -0.0031689393508829151 -0.013009787692178419 1.002705101660381 -0.0032131904716193867 3.5000000000000004
decision_type=2 2 2 2 2 2 2 2 2 2 2 2 2 2
left_child=1 2 7 4 5 6 -4 9 -9 11 -11 -1 13 -13
right_child=-2 -3 3 -5 -6 -7 -8 8 -10 10 -12 12 -14 -15
leaf_value=-9.7212012076895843e-05 0.0014516561676330992 -0.0039331470163158893 -0.00032720144007551271 -0.0017765140988823551 -0.0031501610080700523 0.00046690022285257658 -0.0034173369604041399 0.0040161641640245882 0.00042671655941029581 -0.0050507694536822438 -4.334215530232385e-05 0.0028332577146230435 0.00030730524262757576 -0.00013253498347146802
leaf_weight=65908 3056 1121 30305 4479 849 14523 804 950 1972 1076 241577 7214 32161 3912
leaf_count=65908 3056 1121 30305 4479 849 14523 804 950 1972 1076 241577 7214 32161 3912
internal_value=-1.06041e-05 -2.15912e-05 -1.07742e-05 -0.000324214 -0.000184233 -0.000128983 -0.000407172 3.42498e-05 0.00159469 2.12863e-05 -6.55674e-05 0.000214291 0.000688572 0.00179054
internal_weight=409907 406851 405730 50960 46481 45632 31109 354770 2922 351848 242653 109195 43287 11126
internal_count=409907 406851 405730 50960 46481 45632 31109 354770 2922 351848 242653 109195 43287 11126
is_linear=0
shrinkage=0.05


Tree=35
num_leaves=15
num_cat=0
split_feature=11 13 14 11 9 12 19 19 19 20 19 19 20 20
split_gain=2.29458 4.4259 2.27755 4.43286 4.44482 6.87357 4.38936 4.00736 3.84464 3.75477 5.17459 7.35106 7.71447 6.92859
threshold=-1.141949083518101 1.5335466921100804 -0.027136261080040299 -0.5874491749650097 0.26282051282051283 -0.022394124389591371 -0.0023815024937178238 -0.0032589315379248913 -0.00025412436497296293 -0.003456695966597811 0.003878626571206079 0.0047185624001317992 -0.0070307766782528027 -0.012571112126123938
decision_type=2 2 2 2 2 2 2 2 2 2 2 2 2 2
left_child=1 -1 3 4 5 -2 -6 -7 -8 10 -4 12 -12 -13
right_child=2 -3 9 -5 6 7 8 -9 -10 -11 11 13 -14 -15
leaf_value=-0.0016102581316930608 -0.00029020469560503301 0.0030342625447656326 -0.00056625365098810952 0.00011460964073196564 0.001695499174036094 0.0083947831746020007 -0.0044631015880179188 0.0031333025385989694 7.1043884387081692e-05 6.9709075649448057e-05 0.0053267009727986699 -0.0012475771537419594 0.00048789439960459779 0.00040181403562752666
leaf_weight=4381 921 580 63438 54087 4145 592 583 934 2344 242726 1350 8760 2111 23300
leaf_count=4381 921 580 63438 54087 4145 592 583 934 2344 242726 1350 8760 2111 23300
internal_value=1.93243e-06 -0.00106676 1.50164e-05 0.00028973 0.00128465 0.00312099 0.000648902 0.00517861 -0.000833283 -3.61233e-05 -0.000295706 0.000187474 0.00237632 -4.88866e-05
internal_weight=410252 4961 405291 63606 9519 2447 7072 1526 2927 341685 98959 35521 3461 32060
internal_count=410252 4961 405291 63606 9519 2447 7072 1526 2927 341685 98959 35521 3461 32060
is_linear=0
shrinkage=0.05


Tree=36
num_leaves=15
num_cat=0
split_feature=22 22 9 18 10 20 22 22 20 22 22 22 22 18
split_gain=2.3407 5.85045 2.56935 3.26454 2.23069 5.42189 3.6165 4.10303 9.87031 11.0322 7.84775 7.85244 5.13303 5.0837
threshold=0.035940183515538189 0.034711730432517525 0.37820512820512825 0.054365618071769199 2.5000000000000004 0.00096783391035726318 0.027476766385362564 0.0095209649417882253 0.0094449370199337652 0.012564574239471217 0.0090451555060858686 0.0092420802283824672 0.012115365059207963 -0.26348245583554136
decision_type=2 2 2 2 2 2 2 2 2 2 2 2 2 2
left_child=1 4 -2 -4 6 -6 7 10 9 12 -1 -12 13 -9
right_child=2 -3 3 -5 5 -7 -8 8 -10 -11 11 -13 -14 -15
leaf_value=0.00015079235753313744 -0.00036876970623140427 -0.0036186632311505547 0.0055302350991156355 0.0010565830308893263 -0.00040953200603548694 0.00017110307460884707 0.0017041802406901091 0.0032997187862457578 -0.0026761512117527454 0.00042624069330945849 0.0074017258274427546 0.00082982357153661603 -0.0029449902974412953 -0.00099784115748820473
leaf_weight=188413 1242 1116 618 1197 86348 75236 3464 733 4099 30859 739 1179 3362 11020
leaf_count=188413 1242 1116 618 1197 86348 75236 3464 733 4099 30859 739 1179 3362 11020
internal_value=5.30819e-06 -5.05756e-06 0.00138346 0.00258205 4.89773e-06 -0.00013918 0.000100362 7.72455e-05 -0.000325471 -0.000115833 0.000183195 0.0033645 -0.00122249 -0.000729557
internal_weight=409625 406568 3057 1815 405452 161584 243868 240404 50073 45974 190331 1918 15115 11753
internal_count=409625 406568 3057 1815 405452 161584 243868 240404 50073 45974 190331 1918 15115 11753
is_linear=0
shrinkage=0.05


Tree=37
num_leaves=15
num_cat=0
split_feature=10 20 17 19 19 21 11 14 19 22 19 11 19 22
split_gain=1.87429 5.96113 4.34518 9.04633 5.60274 4.76646 4.32133 4.03337 2.62722 5.07024 6.22345 5.36265 3.36238 3.2773
threshold=1.5000000000000002 0.022606724889857491 0.011481856311468254 -0.015369902406364875 0.010008584111975806 0.16700994173500236 -0.39578749640021466 0.13329310861609503 0.0042134994304853244 0.015776097802743475 0.014216051052851399 0.15376734177882784 0.0020369060573878221 0.011390091444814733
decision_type=2 2 2 2 2 2 2 2 2 2 2 2 2 2
left_child=1 7 -2 6 -5 -6 -4 8 12 10 13 -12 -1 -10
right_child=2 -3 3 4 5 -7 -8 -9 9 -11 11 -13 -14 -15
leaf_value=0.00019845392242200674 -0.00012738315328701712 -0.0041424730149222802 0.0021386526309925104 0.0011503013309784858 0.00089148633231493082 -0.0051257405711439795 0.0085911993422683706 -0.0039318108819797115 -1.4598796424150023e-05 0.00055040600899163906 -0.0011149808106409608 -0.0064689522183868963 0.0010078955193570693 -0.0011091842898346103
leaf_weight=87103 241351 812 511 5117 586 749 528 602 27210 19592 1220 758 15045 9133
leaf_count=87103 241351 812 511 5117 586 749 528 602 27210 19592 1220 758 15045 9133
internal_value=-4.48859e-06 0.00012817 -9.0572e-05 0.0010953 0.000397682 -0.00248578 0.00542282 0.00014978 0.000165156 -0.000103874 -0.000438387 -0.00316894 0.000317682 -0.000289691
internal_weight=410317 161475 248842 7491 6452 1335 1039 160663 160061 57913 38321 1978 102148 36343
internal_count=410317 161475 248842 7491 6452 1335 1039 160663 160061 57913 38321 1978 102148 36343
is_linear=0
shrinkage=0.05


Tree=38
num_leaves=15
num_cat=0
split_feature=11 22 22 19 19 10 13 14 19 20 17 19 19 8
split_gain=2.13988 3.25291 7.15879 4.64701 4.2419 11.4661 8.86675 8.33234 3.99823 4.35563 6.17285 3.90547 2.86521 3.91354
threshold=0.41674857223619416 -0.00030812269033381185 -0.0014157706227118092 -0.0092689585092878262 0.003878626571206079 1.0000000180025095e-35 0.98684270255706996 0.00096079111135005679 0.01215554638199823 -0.018061673247038165 -0.0078139471402740562 -0.017798949852377007 -0.016174184498371321 0.42112687477723482
decision_type=2 2 2 2 2 2 2 2 2 2 2 2 2 2
left_child=-1 2 3 11 5 -3 -7 -8 -6 -10 -11 -2 13 -13
right_child=1 4 -4 -5 8 6 7 -9 9 10 -12 12 -14 -15
leaf_value=5.1546105828946163e-05 0.00098279978712303528 0.0018994581407272195 0.0032841586145879046 0.00043761779672010851 0.00033237863812192697 -0.0010118360663397216 -0.010150070303101022 -0.0032369634874557826 0.0024920747922655574 -0.0071749848907584016 -0.0012609525954710467 -0.0011948927170258644 -0.00098601045488823261 -0.0059719024300296337
leaf_weight=359120 1876 2023 1665 14424 11439 5103 522 2630 627 501 3651 952 4954 780
leaf_count=359120 1876 2023 1665 14424 11439 5103 522 2630 627 501 3651 952 4954 780
internal_value=8.45137e-06 -0.000294126 0.000119272 -0.000110111 -0.000678728 -0.00147338 -0.00230007 -0.00438469 -0.000175067 -0.0013895 -0.00197612 -0.00103279 -0.0015984 -0.00334841
internal_weight=410267 51147 24651 22986 26496 10278 8255 3152 16218 4779 4152 8562 6686 1732
internal_count=410267 51147 24651 22986 26496 10278 8255 3152 16218 4779 4152 8562 6686 1732
is_linear=0
shrinkage=0.05


Tree=39
num_leaves=15
num_cat=0
split_feature=19 22 22 10 19 13 19 13 17 5 10 17 22 10
split_gain=2.05552 9.69845 7.09118 5.70583 4.97532 8.16449 5.37986 4.09398 8.19574 5.46841 6.30157 4.10975 3.8428 4.32505
threshold=-0.0031689393508829151 -0.013009787692178419 -0.001994881236451806 2.5000000000000004 -0.0017476816039254104 1.6815951236703517 -0.001678312209055066 1.0063066912393439 -0.0031363134665250421 0.0059175698515808112 3.5000000000000004 0.0031394545230130082 -0.0093947345948580657 3.5000000000000004
decision_type=2 2 2 2 2 2 2 2 2 2 2 2 2 2
left_child=2 -2 7 -4 5 -3 -6 11 9 10 -9 -1 13 -13
right_child=1 4 3 -5 6 -7 -8 8 -10 -11 -12 12 -14 -15
leaf_value=-0.00040833510824843117 -0.0045685284889308182 -0.0005190886952289635 0.00081770584626392499 0.0039594591455035695 0.0029614647220475858 -0.0051867082068151917 -2.8711325570086954e-06 0.0021087425723614246 5.354159205178235e-05 0.0052806093795755935 -0.00037635968485989795 -0.00056882364956614337 0.001314991502136069 0.0015378277389447837
leaf_weight=50807 1195 28271 5212 1999 1539 968 250232 7390 36279 909 3895 10560 7660 3166
leaf_count=50807 1195 28271 5212 1999 1539 968 250232 7390 36279 909 3895 10560 7660 3166
internal_value=-2.04976e-07 -7.55595e-05 0.00016609 0.00168908 -5.64369e-05 -0.000673789 1.52606e-05 7.50634e-05 0.000430484 0.00155185 0.00125106 -0.000163581 0.000417876 -8.28328e-05
internal_weight=410082 282205 127877 7211 281010 29239 251771 120666 48473 12194 11285 72193 21386 13726
internal_count=410082 282205 127877 7211 281010 29239 251771 120666 48473 12194 11285 72193 21386 13726
is_linear=0
shrinkage=0.05


Tree=40
num_leaves=15
num_cat=0
split_feature=19 22 22 19 22 22 22 20 20 18 22 11 22 22
split_gain=2.0479 7.83818 6.84298 4.15867 5.10826 4.74053 7.52086 7.58371 4.34101 6.99765 4.96274 3.77703 3.69414 9.06322
threshold=-0.0031689393508829151 -0.013009787692178419 -0.00062522156579813959 -0.0017476816039254104 -0.0044739877203233127 0.0017890624237700827 0.0029463942253435964 -0.014086630861860015 -0.0011562184292124853 -0.12367118972336145 -0.0069106714129071869 -0.2368364197170372 -0.003171995616077949 -0.0035507500699033519
decision_type=2 2 2 2 2 2 2 2 2 2 2 2 2 2
left_child=2 11 -1 5 8 -3 7 -7 9 -5 -10 -2 13 -6
right_child=1 3 -4 4 12 6 -8 -9 10 -11 -12 -13 -14 -15
leaf_value=9.3177647661703584e-05 -0.0012131673209176835 -0.00040123248150689876 0.001939111855999996 0.0027158408342132581 0.00022129449971309032 -0.0018953615840011204 -0.0005999324910183479 -0.010129002718621667 0.0057919460206411894 -0.0024569156703972469 0.0014898970447611026 -0.0068498657837648379 3.4642385571614248e-06 -0.0036931580310366318
leaf_weight=122574 577 26186 5234 1133 4023 601 1954 523 820 1543 3661 613 238455 2337
leaf_count=122574 577 26186 5234 1133 4023 601 1954 523 820 1543 3661 613 238455 2337
internal_value=2.72126e-06 -7.24299e-05 0.000168787 -5.52883e-05 1.02369e-05 -0.000619462 -0.00247531 -0.00573209 0.00132683 -0.00026661 0.00227827 -0.00412009 -2.82581e-05 -0.00121744
internal_weight=410234 282426 127808 281236 251972 29264 3078 1124 7157 2676 4481 1190 244815 6360
internal_count=410234 282426 127808 281236 251972 29264 3078 1124 7157 2676 4481 1190 244815 6360
is_linear=0
shrinkage=0.05


Tree=41
num_leaves=15
num_cat=0
split_feature=10 20 20 22 14 7 20 22 21 21 10 11 18 20
split_gain=2.19626 6.38248 3.89915 4.16572 3.73155 3.03065 2.64666 5.2792 7.02107 5.77072 4.14898 3.22431 3.11477 2.80627
threshold=1.5000000000000002 0.022606724889857491 0.027853144365438291 -0.0046247653133465452 0.13329310861609503 -0.62196728785992172 0.001039453524310008 -0.023377291976868494 -0.14470815963006797 0.1056575425048929 3.5000000000000004 -0.6693592070234472 -0.038628886969056163 0.0059618887443860799
decision_type=2 2 2 2 2 2 2 2 2 2 2 2 2 2
left_child=1 4 6 -4 5 -1 11 9 -9 13 -11 12 -2 -8
right_child=2 -3 3 -5 -6 -7 7 8 -10 10 -12 -13 -14 -15
leaf_value=0.0034868212625153595 -0.00070982975116038014 -0.0041950147704316303 0.0054572992711081191 -0.00061003185452615939 -0.0037290797824209134 0.00017785144017963604 0.0019896003745558072 -0.0029854450244548077 0.00021792185613124152 -0.0044697376271180525 -0.0010897066671362394 -0.00019573222680548564 -0.0034376730130925093 -0.0015018823303560365
leaf_weight=694 3811 838 650 500 608 159082 1410 1738 104484 1635 2042 129965 1442 971
leaf_count=694 3811 838 650 500 608 159082 1410 1738 104484 1635 2042 129965 1442 971
internal_value=1.08682e-05 0.000154605 -8.233e-05 0.00282109 0.000177357 0.000192246 -9.58321e-05 8.35993e-05 0.000165481 -0.00135192 -0.00259346 -0.000244825 -0.00145916 0.0005657
internal_weight=409870 161222 248648 1150 160384 159776 247498 112280 106222 6058 3677 135218 5253 2381
internal_count=409870 161222 248648 1150 160384 159776 247498 112280 106222 6058 3677 135218 5253 2381
is_linear=0
shrinkage=0.05


Tree=42
num_leaves=15
num_cat=0
split_feature=22 22 9 11 18 13 9 20 22 9 19 19 19 8
split_gain=2.03991 6.14136 2.77474 4.68618 3.5122 2.15024 2.82641 2.55026 6.36726 4.50323 3.7857 4.36088 4.93547 4.56638
threshold=0.035940183515538189 0.034711730432517525 0.37820512820512825 -0.15311608876111596 0.084090703705660061 0.67652901727694992 0.18589743589743593 -0.011902157508864307 -0.023954451333595025 0.41666666666666669 -0.01361614488080015 0.0052198250514123865 0.0039402040682191561 0.14630009953217119
decision_type=2 2 2 2 2 2 2 2 2 2 2 2 2 2
left_child=1 5 3 -2 -4 6 -1 8 9 -7 -10 12 -12 -13
right_child=2 -3 4 -5 -6 7 -8 -9 10 -11 11 13 -14 -15
leaf_value=-0.00079505831861316251 -0.004263597827944666 -0.0036647845925478549 0.0053407319662400754 0.0019899050297172024 0.00079797659283822669 -0.00076859785204597185 -8.6197678517693232e-05 0.00010818513155667187 -0.0032222076421032073 0.0043060288394421199 -0.00013429508105296248 -0.0003852119421952064 0.0046212762414724008 -0.0028157625193168815
leaf_weight=16587 501 1148 689 742 1111 706 92354 273650 1373 1146 11403 4540 572 3364
leaf_count=16587 501 1148 689 742 1111 706 92354 273650 1373 1146 11403 4540 572 3364
internal_value=-4.84023e-06 -1.44885e-05 0.0012847 -0.000532015 0.00253884 -4.15025e-06 -0.000194133 6.55944e-05 -0.000438844 0.00237216 -0.000683909 -0.000508441 9.32273e-05 -0.0014199
internal_weight=409886 406843 3043 1243 1800 405695 108941 296754 23104 1852 21252 19879 11975 7904
internal_count=409886 406843 3043 1243 1800 405695 108941 296754 23104 1852 21252 19879 11975 7904
is_linear=0
shrinkage=0.05


Tree=43
num_leaves=15
num_cat=0
split_feature=11 19 20 20 20 19 7 22 22 19 13 19 9 13
split_gain=2.20844 2.84357 5.07506 6.08914 2.79153 3.4356 4.63907 4.22394 6.05258 5.40055 8.29302 5.31981 3.53676 2.97864
threshold=0.38521310393701347 0.013455397514045455 -0.016648779787383102 -0.010100514655278834 0.0047913484155245331 -0.0092689585092878262 -0.045382141242325896 -0.00030812269033381185 -0.0014157706227118092 0.003878626571206079 0.98684270255706996 0.0026159769502629442 0.26282051282051283 1.3384811210997014
decision_type=2 2 2 2 2 2 2 2 2 2 2 2 2 2
left_child=-1 4 -3 -4 5 6 -2 8 -7 10 -9 12 -12 -14
right_child=1 2 3 -5 -6 7 -8 9 -10 -11 11 -13 13 -15
leaf_value=4.7344735360989996e-05 -0.00024802937445821799 0.0025458286708155758 -0.0072054138702112025 -0.0014108988242991147 0.00043778799261646014 0.00016359404470044607 -0.0028277586997211947 -0.00042977983906944807 0.0037751137464961831 0.0001370638313281971 0.00037094300557789073 -0.0082102448726165313 -0.0021150219311740557 -0.0058737667731305421
leaf_weight=350498 3912 634 537 2888 13405 11938 3142 6580 1284 11026 729 503 1293 891
leaf_count=350498 3912 634 537 2888 13405 11938 3142 6580 1284 11026 729 503 1293 891
internal_value=-2.1291e-07 -0.000283876 -0.00156059 -0.00232125 -0.000189116 -0.00039261 -0.00139733 -0.00018561 0.000514571 -0.000626 -0.00146762 -0.00346603 -0.00264429 -0.00365045
internal_weight=409260 58762 4059 3425 54703 41298 7054 34244 13222 21022 9996 3416 2913 2184
internal_count=409260 58762 4059 3425 54703 41298 7054 34244 13222 21022 9996 3416 2913 2184
is_linear=0
shrinkage=0.05


Tree=44
num_leaves=15
num_cat=0
split_feature=22 22 9 11 18 22 22 17 22 21 18 22 17 17
split_gain=1.62474 5.0991 2.86449 3.90536 2.69115 1.94309 2.35058 7.62168 2.20176 5.26984 3.946 2.10954 3.48745 3.03749
threshold=0.035940183515538189 0.034711730432517525 0.37820512820512825 -0.14370029173071339 0.054365618071769199 0.030750262930672626 0.033548887810287871 -0.0010080138519906743 0.027981785824742315 -0.071386328885539072 0.095661719350738375 0.02110561493580099 0.011481856311468254 -0.0049240434058655516
decision_type=2 2 2 2 2 2 2 2 2 2 2 2 2 2
left_child=1 5 3 -2 -4 8 7 -7 11 -10 -11 -1 13 -13
right_child=2 -3 4 -5 -6 6 -8 -9 9 10 -12 12 -14 -15
leaf_value=-1.7352989207389954e-05 -0.0040032003854710658 -0.0033285029212615004 0.0050084682411167328 0.0016852438530047368 0.00099713304287890494 0.006944472196423696 -0.00065379146239912076 0.00037876558023055255 -0.0043525412771964721 0.0025680677279842127 -0.0028695330636645498 -0.0011458253866101233 -0.0021026357680544749 0.0010416039129490118
leaf_weight=384353 520 1148 643 716 1194 602 1139 1656 970 852 547 1807 1133 12993
leaf_count=384353 520 1148 643 716 1194 602 1139 1656 970 852 547 1807 1133 12993
internal_value=6.30225e-06 -2.3429e-06 0.00115149 -0.000709254 0.00240317 7.06907e-06 0.00119771 0.00213153 -2.9787e-06 -0.00152247 0.00044147 6.01786e-06 0.00056976 0.000774471
internal_weight=410273 407200 3073 1236 1837 406052 3397 2258 402655 2369 1399 400286 15933 14800
internal_count=410273 407200 3073 1236 1837 406052 3397 2258 402655 2369 1399 400286 15933 14800
is_linear=0
shrinkage=0.05


Tree=45
num_leaves=15
num_cat=0
split_feature=10 20 12 13 22 22 21 13 5 17 22 13 21 22
split_gain=1.63914 3.78658 3.73687 3.6281 3.39877 4.16382 4.71989 3.24172 5.44497 4.05773 5.06761 3.62616 3.53731 3.31788
threshold=2.5000000000000004 -0.00050790040638554179 0.077087298858586242 1.0470653086992794 -0.010906867470803659 -0.012384787387603456 0.26174543663222288 0.94664882014601481 0.0016772689584063441 -0.0054705938686991354 -0.0051170110566151053 1.5942810777849383 -0.3844998014660484 -0.0085634188366539004
decision_type=2 2 2 2 2 2 2 2 2 2 2 2 2 2
left_child=2 -2 7 -3 5 6 -5 12 -9 10 -10 -12 -1 -14
right_child=1 3 -4 4 -6 -7 -8 8 9 -11 11 -13 13 -15
leaf_value=0.001204332302917522 -0.00037300807350955107 0.00031055197554156946 -0.0020137806750991018 5.1339671360244068e-05 -6.3930927042701997e-06 -0.0042599148288210769 -0.0027863948256160731 -0.00017726620469582787 0.0033419525512461226 0.00050018130749370242 0.0012167419442235155 -0.0033060620077792202 -0.00057735185061658686 3.3860921641257477e-05
leaf_weight=5620 77314 62591 2100 4770 17150 1008 2114 30341 2997 46568 2903 522 26885 127479
leaf_count=5620 77314 62591 2100 4770 17150 1008 2114 30341 2997 46568 2903 522 26885 127479
internal_value=3.93097e-06 -0.00011796 8.58557e-05 0.000107058 -0.000401557 -0.00126017 -0.000820375 0.000103985 0.00035686 0.000662687 0.00184081 0.000526663 -2.7731e-05 -7.25948e-05
internal_weight=410362 164947 245415 87633 25042 7892 6884 243315 83331 52990 6422 3425 159984 154364
internal_count=410362 164947 245415 87633 25042 7892 6884 243315 83331 52990 6422 3425 159984 154364
is_linear=0
shrinkage=0.05


Tree=46
num_leaves=15
num_cat=0
split_feature=11 13 17 12 9 17 13 12 21 11 11 14 6 13
split_gain=1.61195 3.63037 2.6721 2.37341 2.42327 4.30642 3.99963 2.55466 2.02935 2.34373 1.81198 1.73223 1.8732 1.7162
threshold=0.49925388488819228 1.7202317707719303 -0.015599746233199206 0.0017672407232338652 0.27564102564102572 0.00058387316725860849 0.66228150263385677 -0.0013882442679910565 0.063290367426410574 0.72994477420974502 0.61510279239899901 0.015722498986729842 1.0878797210646771 0.67652901727694992
decision_type=2 2 2 2 2 2 2 2 2 2 2 2 2 2
left_child=13 2 -2 4 5 6 -4 -6 -5 -10 -7 12 -8 -1
right_child=1 -3 3 8 7 10 11 -9 9 -11 -12 -13 -14 -15
leaf_value=-0.00014007167344909228 0.002759326342671304 -0.0024198487866741469 -0.00094747066207049072 -0.0011995534430030673 -0.00047017856336888423 -0.0024315809409186234 0.004317504521687352 0.001876404918306492 -0.00090562344273857989 0.00096702562003563031 0.00056629485222366995 0.0056338167959557655 0.00023345293185052926 0.00010085131923793548
leaf_weight=101340 747 1940 613 8952 10968 776 627 1296 3658 3074 1434 717 508 273166
leaf_count=101340 747 1940 613 8952 10968 776 627 1296 3658 3074 1434 717 508 273166
internal_value=5.20911e-06 -0.000317733 -0.000195455 -0.000263196 0.000147176 0.00111566 0.00255213 -0.00022207 -0.000706387 -5.05083e-05 -0.000486977 0.00371036 0.00249139 3.56582e-05
internal_weight=409816 35310 33370 32623 16939 4675 2465 12264 15684 6732 2210 1852 1135 374506
internal_count=409816 35310 33370 32623 16939 4675 2465 12264 15684 6732 2210 1852 1135 374506
is_linear=0
shrinkage=0.05


Tree=47
num_leaves=15
num_cat=0
split_feature=19 22 22 10 9 19 22 21 22 22 22 19 10 19
split_gain=2.06591 7.53152 5.88644 5.60469 14.1065 4.89149 5.15382 4.38896 7.49659 4.05167 9.87594 3.90645 8.3191 5.97061
threshold=-0.0030796110586879251 -0.013009787692178419 -0.001994881236451806 2.5000000000000004 0.27564102564102572 -0.0027313307792880544 -0.0085634188366539004 -0.31143932449797945 -0.023954451333595025 -0.001246851676829752 0.00062951866589167082 -0.0041530809849009689 3.5000000000000004 -0.0035747507061648638
decision_type=2 2 2 2 2 2 2 2 2 2 2 2 2 2
left_child=2 -2 7 -4 -5 9 -7 8 -1 -3 -11 -9 13 -13
right_child=1 5 3 4 -6 6 -8 11 -10 10 -12 12 -14 -15
leaf_value=0.0046595943215403798 -0.0040792358168794257 -0.00066189592889525067 0.00068737817401492974 0.010712203022579962 0.0012269499551840393 0.0032518593776423078 -5.5564654319789592e-05 -0.00012717213381159477 0.00054871590912802749 -0.0077648207315957687 -0.00039413132571650112 0.0026660439442560122 -0.0020993229260516436 5.0856734985317266e-05
leaf_weight=1254 1179 5733 5581 535 1460 1182 270447 99895 9537 754 1142 4986 1931 3881
leaf_count=1254 1179 5733 5581 535 1460 1182 270447 99895 9537 754 1142 4986 1931 3881
internal_value=-1.68898e-05 -9.30763e-05 0.000148657 0.00150076 0.00377471 -7.62326e-05 -4.11604e-05 6.43252e-05 0.00102682 -0.0013248 -0.00332785 -2.95128e-05 0.000873886 0.00152154
internal_weight=409497 280437 129060 7576 1995 279258 271629 121484 10791 7629 1896 110693 10798 8867
internal_count=409497 280437 129060 7576 1995 279258 271629 121484 10791 7629 1896 110693 10798 8867
is_linear=0
shrinkage=0.05


Tree=48
num_leaves=15
num_cat=0
split_feature=14 21 9 7 22 17 22 22 20 22 9 22 22 9
split_gain=1.69288 4.11477 9.72666 3.66783 2.79141 2.56777 5.40972 3.75773 6.05056 5.44471 4.69737 3.55282 3.44924 5.02599
threshold=-0.027136261080040299 -0.32550800276039832 0.31410256410256415 0.67949542933190676 -0.0021119001818480916 0.0043100914085993933 0.0092420802283824672 0.012564574239471217 -0.011902157508864307 0.015520099466824535 0.53205128205128216 0.011667948686343356 -0.020409764768525348 0.31410256410256415
decision_type=2 2 2 2 2 2 2 2 2 2 2 2 2 2
left_child=1 2 -1 -3 -4 7 12 11 9 10 -9 -2 13 -7
right_child=5 3 4 -5 -6 6 -8 8 -10 -11 -12 -13 -14 -15
leaf_value=0.0059020346116243141 -0.00016594253356020571 0.00014655009405611721 0.0014452437185647144 -0.0037402193215455358 -0.0012606205661361601 -0.0041526206900770624 -0.00046477535843371148 -0.00083746672573647291 0.000492465407061681 -0.0019120254291559689 0.0053807822406652991 -0.0012769579370329586 0.00068247024293918192 0.00011772175256344784
leaf_weight=1037 223594 61781 2710 612 1469 901 19100 720 42772 4992 524 7434 39726 2918
leaf_count=1037 223594 61781 2710 612 1469 901 19100 720 42772 4992 524 7434 39726 2918
internal_value=-7.49244e-06 0.00022116 0.00157011 0.000108366 0.000494006 -5.26049e-05 0.000236771 -0.00011734 0.000280328 -0.00117455 0.00178401 -0.000201698 0.000544492 -0.000890585
internal_weight=410290 67609 5216 62393 4179 342681 62645 280036 49008 6236 1244 231028 43545 3819
internal_count=410290 67609 5216 62393 4179 342681 62645 280036 49008 6236 1244 231028 43545 3819
is_linear=0
shrinkage=0.05


Tree=49
num_leaves=15
num_cat=0
split_feature=22 22 5 21 13 19 22 22 19 19 21 10 19 11
split_gain=1.50508 5.64664 2.0011 2.24862 1.5373 2.61863 4.47186 3.7919 2.71904 4.80792 5.9708 2.46308 2.13619 2.19804
threshold=0.035940183515538189 0.034711730432517525 0.0046521008132936453 0.18874759673341943 0.67652901727694992 0.0041566468938042398 0.0021272224553338108 0.0013730800263319633 0.0035973437325874662 0.0038022525697682945 -0.22775094301884899 3.5000000000000004 0.0023687743997033999 1.1144467114136523
decision_type=2 2 2 2 2 2 2 2 2 2 2 2 2 2
left_child=1 4 3 -2 5 8 7 -7 12 10 -10 -8 13 -1
right_child=2 -3 -4 -5 -6 6 11 -9 9 -11 -12 -13 -14 -15
leaf_value=-0.00039707993514642411 0.0029059869298980962 -0.0035234544113419714 -0.0015085516590853194 -0.0002113848785840893 6.2394519444099007e-05 0.00081930244083103861 -0.00013772099737734451 0.0058822819099891366 -0.0009078299694853585 -0.00032556895705813834 -0.0082835655701353327 0.00089095335883904484 0.00061243521444692792 0.0022526776188066845
leaf_weight=60030 1537 1137 589 927 297015 945 29787 607 573 1997 526 7231 6189 792
leaf_count=60030 1537 1137 589 927 297015 945 29787 607 573 1997 526 7231 6189 792
internal_value=1.95501e-06 -6.34631e-06 0.00110779 0.00173357 3.51946e-06 -0.000157386 0.000173509 0.00280199 -0.00033943 -0.00178787 -0.0044423 6.32362e-05 -0.000272485 -0.000362539
internal_weight=409882 406829 3053 2464 405692 108677 38570 1552 70107 3096 1099 37018 67011 60822
internal_count=409882 406829 3053 2464 405692 108677 38570 1552 70107 3096 1099 37018 67011 60822
is_linear=0
shrinkage=0.05


Tree=50
num_leaves=15
num_cat=0
split_feature=7 11 5 22 22 5 21 22 22 17 19 22 19 13
split_gain=1.76168 3.87506 1.98143 1.71595 4.07387 1.92653 2.06801 1.77578 2.1992 6.51867 2.63571 2.0042 4.34485 2.07642
threshold=0.67949542933190676 0.071010480522050085 0.0028339282028998244 0.035940183515538189 0.034711730432517525 0.0046521008132936453 -0.022756549395362088 0.030750262930672626 0.033548887810287871 -0.0010080138519906743 0.024298371360188867 0.027981785824742315 0.022276465748533817 0.81058276631623138
decision_type=2 2 2 2 2 2 2 2 2 2 2 2 2 2
left_child=3 2 -2 4 7 6 -5 11 9 -9 -11 -1 13 -13
right_child=1 -3 -4 5 -6 -7 -8 8 -10 10 -12 12 -14 -15
leaf_value=1.4532193506486146e-06 -0.00135136240419904 0.0013308072232809977 -0.0057929404214829075 0.0042032471027642019 -0.0029958013490885877 -0.0013928588444112593 0.00092285985199112028 0.0063684284697494908 -0.0006678228023839762 -0.0016303517902293608 0.0023059667214162844 -0.0016788186539663137 0.0015282417088795343 -0.0055345070524279519
leaf_weight=399003 501 667 504 656 1135 583 1791 626 1142 822 879 1013 799 533
leaf_count=399003 501 667 504 656 1135 583 1791 626 1142 822 879 1013 799 533
internal_value=-3.54157e-06 -0.00162274 -0.00358232 3.08198e-06 -5.76764e-06 0.00118834 0.00180363 2.623e-06 0.00112886 0.00201051 0.00040392 -7.11429e-06 -0.00146426 -0.00301083
internal_weight=410654 1672 1005 408982 405952 3030 2447 404817 3469 2327 1701 401348 2345 1546
internal_count=410654 1672 1005 408982 405952 3030 2447 404817 3469 2327 1701 401348 2345 1546
is_linear=0
shrinkage=0.05


Tree=51
num_leaves=15
num_cat=0
split_feature=17 11 11 18 4 17 20 21 11 10 7 13 17 4
split_gain=1.47446 3.1826 3.21412 4.07225 6.39726 3.81675 3.34215 2.59089 2.46979 2.98436 3.63647 2.95927 3.32302 4.46827
threshold=0.0043100914085993933 -0.075240550904997497 -0.64520858799654657 0.33359062320982713 0.0026521782379696789 0.0076956741348659383 0.006595302005008242 0.34582203921276311 0.33895810764962914 1.5000000000000002 -0.53168402709988627 0.85018720701577755 -0.0010080138519906743 0.001409179166820257
decision_type=2 2 2 2 2 2 2 2 2 2 2 2 2 2
left_child=8 2 3 4 -2 7 -7 -4 9 10 -1 -12 13 -13
right_child=1 -3 5 -5 -6 6 -8 -9 -10 -11 11 12 -14 -15
leaf_value=0.0031222078301719348 9.3722699683081135e-05 0.00045443627528350016 -0.00020169586505105086 -0.00077240956357761377 0.0045831306711671517 -0.0050726475341248516 -0.00092240747666360093 0.0014538361105398763 -0.00035034278090565244 -0.00012182009441072274 -4.4695720556528328e-05 2.7402401440827675e-05 0.00011006443825981529 0.0015406610639816199
leaf_weight=1065 1815 46741 13837 2100 1409 507 10789 2849 56972 165389 60055 7915 25981 12713
leaf_count=1065 1815 46741 13837 2100 1409 507 10789 2849 56972 165389 60055 7915 25981 12713
internal_value=-4.20779e-06 0.000188306 -0.000185178 0.000940767 0.00205656 -0.000399432 -0.00110912 8.10431e-05 -5.08929e-05 1.15729e-05 0.000216361 0.000187319 0.00048626 0.000960051
internal_weight=410137 80047 33306 5324 3224 27982 11296 16686 330090 273118 107729 106664 46609 20628
internal_count=410137 80047 33306 5324 3224 27982 11296 16686 330090 273118 107729 106664 46609 20628
is_linear=0
shrinkage=0.05


Tree=52
num_leaves=15
num_cat=0
split_feature=11 10 21 8 22 14 11 17 11 12 19 12 20 22
split_gain=2.06754 2.10514 2.22092 1.79371 1.91986 1.65378 3.63539 3.07978 3.01615 3.02655 2.90998 2.8072 2.77076 3.00682
threshold=-1.141949083518101 3.5000000000000004 -0.28544799854585096 0.51207871805602012 -0.0040008734062936249 -0.027136261080040299 -0.69315592758838906 -0.0039889423721715103 -0.69315592758838906 0.025793417938678068 -0.025671841720712293 -0.027287646222226011 -0.0015810412737687349 -0.024462374047519938
decision_type=2 2 2 2 2 2 2 2 2 2 2 2 2 2
left_child=1 2 -1 4 -4 6 10 12 9 -7 -2 -9 13 -8
right_child=5 -3 3 -5 -6 8 7 11 -10 -11 -12 -13 -14 -15
leaf_value=0.0023431667607567751 -0.0014882399957378278 -0.0033428738585579657 -0.0046846406436241699 -3.4075559467094175e-05 -0.00099104630540075805 -0.00061998402216855667 0.0020594253870558563 -0.00055970471362419723 -9.3391884240712827e-06 -0.0036070555181062637 0.0018206843839361072 0.00026122621669262156 0.0043437488456581274 0.00025829701774149057
leaf_weight=568 758 811 546 1994 988 4429 2877 18310 336015 1048 5344 24144 513 11893
leaf_count=568 758 811 546 1994 988 4429 2877 18310 336015 1048 5344 24144 513 11893
internal_value=3.00365e-06 -0.00101707 -0.000555861 -0.00102313 -0.00230791 1.53553e-05 0.000248942 0.000126268 -2.83123e-05 -0.0011921 0.00140947 -9.28382e-05 0.000734879 0.000609249
internal_weight=410238 4907 4096 3528 1534 405331 63839 57737 341492 5477 6102 42454 15283 14770
internal_count=410238 4907 4096 3528 1534 405331 63839 57737 341492 5477 6102 42454 15283 14770
is_linear=0
shrinkage=0.05


Tree=53
num_leaves=15
num_cat=0
split_feature=9 21 11 10 20 9 17 22 14 11 11 12 21 9
split_gain=1.77967 3.99556 2.38772 2.77022 3.25277 3.04116 2.56279 3.15634 2.22969 6.73227 2.90886 2.6867 2.61307 2.97746
threshold=0.77564102564102577 -0.51612607342665495 -0.92473859748151066 3.5000000000000004 0.0033995279293042029 0.59615384615384626 -0.0052555855365268292 0.005395378730465584 -0.027136261080040299 -0.69315592758838906 -0.69315592758838906 0.011517719425913177 -0.40579908613588073 0.5064102564102565
decision_type=2 2 2 2 2 2 2 2 2 2 2 2 2 2
left_child=2 -2 3 5 -5 6 -1 -8 9 -4 11 -10 13 -11
right_child=1 -3 8 4 -6 -7 7 -9 10 12 -12 -13 -14 -15
leaf_value=0.0029830679670243762 -0.0034577062181790647 -0.00026324104438728372 0.0023687379914284629 -0.0052405273014946236 -0.0001753771110454254 -0.0022708096615684441 0.00050825972886706431 -0.0028375012338208699 -0.00032566607019077649 0.0042991805367854994 1.7117380718894604e-05 -0.0030372388516584034 0.00012851861208153708 0.00025029943309115278
leaf_weight=717 1015 26788 3813 704 576 1633 3058 915 2390 815 313445 1478 51664 1024
leaf_count=717 1015 26788 3813 704 576 1633 3058 915 2390 815 313445 1478 51664 1024
internal_value=6.24286e-06 -0.000379981 3.43371e-05 -0.000842821 -0.00296313 -0.000413195 0.00023395 -0.000262804 5.2141e-05 0.000339148 2.98224e-07 -0.0013623 0.000194464 0.00204603
internal_weight=410035 27803 382232 7603 1280 6323 4690 3973 374629 57316 317313 3868 53503 1839
internal_count=410035 27803 382232 7603 1280 6323 4690 3973 374629 57316 317313 3868 53503 1839
is_linear=0
shrinkage=0.05


Tree=54
num_leaves=15
num_cat=0
split_feature=21 22 17 17 22 22 22 22 9 18 19 9 19 19
split_gain=1.47405 7.19336 4.02727 4.7317 4.57126 4.31316 6.44369 3.78173 6.7373 5.04612 3.26113 5.49966 5.83872 2.9557
threshold=-0.3482479493361792 -0.023954451333595025 -0.00086049113452002491 -0.012181110908816793 0.019639473328594285 -0.0051170110566151053 -0.0066875411980450985 -0.0032446083659201648 0.62179487179487192 -0.2221191026706599 0.0092849919752640026 0.58333333333333337 0.010200166289976999 0.0054412354424496776
decision_type=2 2 2 2 2 2 2 2 2 2 2 2 2 2
left_child=1 -1 3 -3 5 6 -5 8 -7 10 13 12 -12 -9
right_child=-2 2 -4 4 -6 7 -8 9 -10 -11 11 -13 -14 -15
leaf_value=0.0046759719087619746 -1.8369895232495678e-05 -0.00074461411543640945 -0.004135015724436291 0.0011183360419978088 0.0053544046226740583 0.00093276489851885523 0.0062881742279561909 0.00054274752738888094 -0.0063367368878557637 -0.0036495896441254162 -0.006672033629530655 0.0023120653022687026 0.00033915237524935119 0.0026372150997756557
leaf_weight=932 382437 7687 522 4231 519 682 702 6740 597 720 614 694 574 2245
leaf_count=932 382437 7687 522 4231 519 682 702 6740 597 720 614 694 574 2245
internal_value=7.03739e-06 0.000360887 0.00020911 0.000296465 0.000733363 0.000598325 0.00185517 0.000116329 -0.00246273 0.000401199 0.000669897 -0.0012222 -0.00328704 0.00106631
internal_weight=409896 27459 26527 26005 18318 17799 4933 12866 1279 11587 10867 1882 1188 8985
internal_count=409896 27459 26527 26005 18318 17799 4933 12866 1279 11587 10867 1882 1188 8985
is_linear=0
shrinkage=0.05


Tree=55
num_leaves=15
num_cat=0
split_feature=11 22 22 4 14 4 22 17 22 21 22 12 10 20
split_gain=1.62911 3.04346 5.6581 3.58743 3.37347 4.93826 4.04157 2.64195 2.4937 3.47198 2.16464 2.0414 1.9593 1.88861
threshold=0.49925388488819228 -0.00030812269033381185 -0.0014157706227118092 0.0016371367157861445 0.0024302923093105781 0.0012841426663975513 0.0064263048561441502 -0.0025424988914409248 -0.023377291976868494 -0.089543350499877147 -0.011520512390514602 -0.013493057290784148 1.0000000180025095e-35 -0.016648779787383102
decision_type=2 2 2 2 2 2 2 2 2 2 2 2 2 2
left_child=-1 2 3 10 5 -3 -7 -4 9 -5 11 12 -2 -6
right_child=1 4 7 8 13 6 -8 -9 -10 -11 -12 -13 -14 -15
leaf_value=2.6298446252727399e-05 0.00067348676880245729 0.00070847336279837407 0.0061197871774995236 0.0015779854076541811 0.0016523216493200819 -0.0067638581783625099 -0.0010713962830777746 0.0014750539551463802 0.00098372003764600219 -0.0033498078084478831 -0.00028049727256147241 -0.0044206661843137198 -0.0025860009612037934 -0.00067020482035629351
leaf_weight=374499 786 689 515 615 927 791 515 755 7023 851 4691 685 1113 15431
leaf_count=374499 786 689 515 615 927 791 515 755 7023 851 4691 685 1113 15431
internal_value=-4.34336e-06 -0.000328616 0.000152695 -0.000106044 -0.00077532 -0.00271592 -0.00452167 0.00336188 0.000592185 -0.00128289 -0.000920759 -0.00208253 -0.00123725 -0.000538495
internal_weight=409886 35387 17034 15764 18353 1995 1306 1270 8489 1466 7275 2584 1899 16358
internal_count=409886 35387 17034 15764 18353 1995 1306 1270 8489 1466 7275 2584 1899 16358
is_linear=0
shrinkage=0.05


Tree=56
num_leaves=15
num_cat=0
split_feature=22 10 3 22 22 22 17 19 19 19 6 17 9 10
split_gain=1.46 1.62857 2.97813 4.55207 3.14351 4.17737 2.83953 2.83587 2.87708 6.49427 5.6621 4.79454 5.54541 6.64924
threshold=0.038391206432345622 2.5000000000000004 -0.0070527016114840238 -0.034417383641141601 -0.047596385518319843 -0.037374638252356367 0.0042331590958286655 0.02854662016774057 0.0046444885170490178 0.0026654302719062444 2.3598337826256448 0.0057125171661043259 0.30128205128205138 1.5000000000000002
decision_type=2 2 2 2 2 2 2 2 2 2 2 2 2 2
left_child=1 7 3 -3 -4 -6 -5 8 9 -1 -11 -10 -13 -14
right_child=-2 2 4 6 5 -7 -8 -9 11 10 -12 12 13 -15
leaf_value=6.6963093600703864e-05 0.0013638567237676427 0.0035342466325414068 -0.0031946641128954229 -0.0009104714276901443 0.0031435964459583126 -4.9395488196537921e-05 0.0014854019391821475 0.0031370140336364309 -4.569810020644264e-05 0.00089282903763163732 0.0060393751914247827 0.0010622744493549118 -0.0012394142286154212 -0.0053465133394310325
leaf_weight=148192 1947 630 786 21307 1031 138163 1312 752 67434 18921 549 1980 5835 1185
leaf_count=148192 1947 630 786 21307 1031 138163 1312 752 67434 18921 549 1980 5835 1185
internal_value=-1.72635e-06 -8.24509e-06 -0.00013058 -0.000654619 -4.35394e-05 -2.57228e-05 -0.000771441 7.33102e-05 6.38589e-05 0.000179761 0.00103825 -0.000190377 -0.00127428 -0.00193337
internal_weight=410024 408077 163229 23249 139980 139194 22619 244848 244096 167662 19470 76434 9000 7020
internal_count=410024 408077 163229 23249 139980 139194 22619 244848 244096 167662 19470 76434 9000 7020
is_linear=0
shrinkage=0.05


Tree=57
num_leaves=15
num_cat=0
split_feature=21 22 18 19 19 20 22 22 9 17 10 17 19 21
split_gain=1.56537 6.71697 3.45033 4.13613 8.52369 6.09356 3.45224 7.52579 6.00208 3.03964 5.79966 3.01322 2.83577 2.75064
threshold=-0.3482479493361792 -0.023954451333595025 -0.51865779980633353 0.0086974433563609139 0.010008584111975806 -0.010626602643653336 0.017087195569719386 0.0065181798369787778 0.72435897435897445 -0.0082623301224157269 2.5000000000000004 -0.017055519002471872 0.013455397514045455 -0.54707133605556557
decision_type=2 2 2 2 2 2 2 2 2 2 2 2 2 2
left_child=1 -1 6 -4 -5 11 7 8 9 10 -3 -6 -13 -10
right_child=-2 2 3 4 5 -7 -8 -9 13 -11 -12 12 -14 -15
leaf_value=0.0045125442535562058 -1.3806447025966577e-05 0.0036839322424582627 0.00094206294119928704 -0.0060022488896637168 0.001397385774523905 0.0045744128404967433 -0.0039688823177925448 0.0025622178267215813 -0.0056968829300729591 -0.002866834641470052 -0.0010475384746606818 -0.00052596503688026629 -0.0051803653290647036 -0.0013933654022977283
leaf_weight=947 382253 991 15422 676 810 630 717 1699 890 814 1865 788 559 638
leaf_count=947 382253 991 15422 676 810 630 717 1699 890 814 1865 788 559 638
internal_value=1.23825e-05 0.000377115 0.000229161 0.000591425 -0.000969913 0.000252419 -0.000669322 -0.00032578 -0.00127005 -0.000173445 0.000594944 -0.00101145 -0.00245993 -0.00390208
internal_weight=409699 27446 26499 18885 3463 2787 7614 6897 5198 3670 2856 2157 1347 1528
internal_count=409699 27446 26499 18885 3463 2787 7614 6897 5198 3670 2856 2157 1347 1528
is_linear=0
shrinkage=0.05


Tree=58
num_leaves=15
num_cat=0
split_feature=13 19 9 20 10 11 12 11 13 19 11 20 17 19
split_gain=1.51904 3.51209 2.51004 2.28311 3.56009 3.8822 3.41455 2.46872 2.10399 1.95056 2.19762 1.91019 6.96486 4.70001
threshold=0.67652901727694992 0.026478664209438677 0.19871794871794876 -0.0026073344536159944 1.0000000180025095e-35 -0.38775743401024576 -0.010096230689841888 0.43175554901003638 0.64137527686827378 -0.001328707659335848 0.13524279393309308 -0.011902157508864307 -0.0092704104127101488 -0.0029097576167193546
decision_type=2 2 2 2 2 2 2 2 2 2 2 2 2 2
left_child=1 2 3 6 -5 -6 -1 -7 -4 10 -8 -2 13 -13
right_child=11 -3 8 4 5 7 9 -9 -10 -11 -12 12 -14 -15
leaf_value=0.00070192979676310927 -0.00037527842072774924 0.00341541202001641 3.8115128602174574e-05 -0.0019588085533585038 0.0031260808032864055 2.3426735030798639e-05 -0.0060060864182117021 -0.0027765053252245338 -0.00059104316492081428 -0.0015865840033458083 -0.0016647942541073498 0.0045885911430730737 6.698180021675507e-05 0.00060063100558148885
leaf_weight=1268 23630 681 73885 2730 944 8463 627 867 16201 3029 546 1413 274208 1548
leaf_count=1268 23630 681 73885 2730 944 8463 627 867 16201 3029 546 1413 274208 1548
internal_value=-1.75419e-06 -0.000161447 -0.000183916 -0.000714812 -0.000354255 7.22553e-05 -0.00157175 -0.00023703 -7.50375e-05 -0.00225787 -0.00398847 5.62415e-05 9.30319e-05 0.00250461
internal_weight=410040 109241 108560 18474 13004 10274 5470 9330 90086 4202 1173 300799 277169 2961
internal_count=410040 109241 108560 18474 13004 10274 5470 9330 90086 4202 1173 300799 277169 2961
is_linear=0
shrinkage=0.05


Tree=59
num_leaves=15
num_cat=0
split_feature=19 19 17 4 21 13 20 22 18 19 13 17 19 19
split_gain=1.34166 8.81984 14.7856 6.65483 6.93457 5.84893 4.92354 6.00619 3.19266 4.04453 6.34089 3.83442 2.93709 3.3586
threshold=-0.015770480814588091 -0.015240296813500585 0.011481856311468254 0.00168755964557082 -0.20215013170804366 0.98982610880385813 0.0039076107014520698 -0.014169311429866936 0.54484678871579062 -0.017798949852377007 1.0150225761482494 0.0012340479769665793 -0.022957146497341426 -0.028811006006034808
decision_type=2 2 2 2 2 2 2 2 2 2 2 2 2 2
left_child=3 2 6 12 5 -5 7 -2 9 -6 -11 -12 13 -1
right_child=1 -3 -4 4 8 -7 -8 -9 -10 10 11 -13 -14 -15
leaf_value=-0.0025610570976346094 0.0059449863671216007 -1.6429031326250633e-05 0.0095974594239181116 0.0004940469351081432 0.00036150767799789221 0.0048701482979852783 -0.0014017164929050871 0.00027549199610421121 -0.0041786718254110435 -0.0035776031608646184 0.002370960335400183 -0.0023472668561225875 -0.0020268771291782925 0.0018514055041173743
leaf_weight=681 799 379854 601 1837 10652 1306 1244 1123 504 1895 1118 699 6508 1172
leaf_count=681 799 379854 601 1837 10652 1306 1244 1123 504 1895 1118 699 6508 1172
internal_value=-1.62666e-05 7.44881e-06 0.00241459 -0.000361231 0.000179943 0.0023134 0.00104847 0.00263424 -0.000271182 -0.000133796 -0.00155484 0.000555565 -0.00152689 0.000229265
internal_weight=409993 383621 3767 26372 18011 3143 3166 1922 14868 14364 3712 1817 8361 1853
internal_count=409993 383621 3767 26372 18011 3143 3166 1922 14868 14364 3712 1817 8361 1853
is_linear=0
shrinkage=0.05


Tree=60
num_leaves=15
num_cat=0
split_feature=7 11 17 22 18 22 19 22 17 11 10 9 22 17
split_gain=1.67027 3.08197 1.6384 4.36649 6.45903 6.71412 5.35977 6.62924 6.48745 3.72605 3.67024 3.56323 3.33782 4.01189
threshold=0.67949542933190676 0.041244707713920678 0.0043100914085993933 0.0092420802283824672 0.077876571767525785 -0.020017855619632815 -0.011357258456344608 -0.010125440016726659 0.012730570588721736 -0.35502573030037915 3.5000000000000004 0.31410256410256415 0.022259494425243446 0.005612666312181048
decision_type=2 2 2 2 2 2 2 2 2 2 2 2 2 2
left_child=2 -2 -1 4 -4 9 8 -8 -7 -6 12 -11 13 -5
right_child=1 -3 3 10 5 6 7 -9 -10 11 -12 -13 -14 -15
leaf_value=-5.5382268553250051e-05 -0.0035402846494690223 0.00083140349055445251 0.0021274987199469452 0.00015530157683582357 0.0008508865800948345 0.0013040667019938005 -0.0013215742727574207 0.000541011581673354 0.0065205517112008242 -0.0039642330928258722 0.00059068552740642092 -0.0010470189754803341 0.00022515411028602375 -0.0020677356160835928
leaf_weight=329475 911 722 5047 2901 1836 4834 5535 34852 679 1367 6163 4463 4697 6754
leaf_count=329475 911 722 5047 2901 1836 4834 5535 34852 679 1367 6163 4463 4697 6754
internal_value=-1.2696e-05 -0.0016081 -6.31597e-06 0.000197986 0.000417725 0.000256593 0.000485366 0.00028572 0.00194761 -0.00111307 -0.000429816 -0.0017316 -0.000868048 -0.00139984
internal_weight=410236 1633 408603 79128 58613 53566 45900 40387 5513 7666 20515 5830 14352 9655
internal_count=410236 1633 408603 79128 58613 53566 45900 40387 5513 7666 20515 5830 14352 9655
is_linear=0
shrinkage=0.05


Tree=61
num_leaves=15
num_cat=0
split_feature=19 22 22 19 22 13 21 22 19 20 13 22 22 6
split_gain=1.40762 6.51914 6.41015 4.68325 4.61376 4.1698 5.71614 6.04244 4.39833 8.49191 4.14656 3.94142 9.48109 3.78772
threshold=-0.0030796110586879251 -0.013009787692178419 -0.0020447367530080358 -0.0027313307792880544 -0.0085634188366539004 1.3171897438633475 -0.097722185883957993 -0.020409764768525348 -0.028811006006034808 0.015710745180015476 1.1300857128979238 -0.001246851676829752 -1.0000000180025095e-35 0.87471811345027639
decision_type=2 2 2 2 2 2 2 2 2 2 2 2 2 2
left_child=2 10 5 11 -5 -1 7 -7 -8 -10 -2 -3 -13 -4
right_child=1 3 13 4 -6 6 8 -9 9 -11 -12 12 -14 -15
leaf_value=-8.5101331612189826e-05 -0.00085731203680807985 -0.00061856059887872156 0.00031838825033073874 0.0030639464372340724 -2.2823378695810616e-05 0.0042040975292433197 -0.0030785436301791085 0.00074853839124959163 0.00013829757830414923 0.0053924944029853719 -0.0067754654481080511 -0.0076203037417300161 -0.0003435657376102242 0.0025041850893640139
leaf_weight=100067 604 5743 3631 1215 270598 2085 953 3216 14214 812 580 747 1115 4364
leaf_count=100067 604 5743 3631 1215 270598 2085 953 3216 14214 812 580 747 1115 4364
internal_value=3.95232e-06 -5.89511e-05 0.000140418 -4.32563e-05 -9.01434e-06 5.00622e-05 0.000685629 0.00210822 0.000213584 0.000422573 -0.00375968 -0.00126695 -0.00326538 0.00151165
internal_weight=409944 280602 129342 279418 271813 121347 21280 5301 15979 15026 1184 7605 1862 7995
internal_count=409944 280602 129342 279418 271813 121347 21280 5301 15979 15026 1184 7605 1862 7995
is_linear=0
shrinkage=0.05


Tree=62
num_leaves=15
num_cat=0
split_feature=13 19 22 19 22 8 9 12 11 14 11 4 11 19
split_gain=1.31758 3.19042 2.2494 3.89515 2.8159 2.69596 2.51955 2.40463 2.26191 1.9795 2.41337 1.89062 1.87665 1.69493
threshold=0.67652901727694992 0.026478664209438677 0.025661183302624017 0.020245708085948947 0.012286657844000961 0.30602928957207681 0.16025641025641027 0.0030829291058497303 0.20906841613908997 -0.049052782957259615 -0.13133292078348796 0.0037834764269276604 -0.31859213564308236 -0.00042026524274751948
decision_type=2 2 2 2 2 2 2 2 2 2 2 2 2 2
left_child=1 2 4 -4 6 -6 -1 -7 -5 11 13 -8 -9 -11
right_child=-2 -3 3 8 5 7 9 12 -10 10 -12 -13 -14 -15
leaf_value=-0.00095496623404189005 5.6643459798779332e-05 0.003341180140599532 -0.0046956813082055663 0.0014071996769469629 0.0015627196388150822 -0.0022247502605566185 0.00053619219614386201 -0.0016064141584220878 -0.0021094797107524886 -0.0011644662741091289 -1.8661325988471707e-05 0.0038049274774887877 0.00056309889567712637 -0.00026572042125421017
leaf_weight=10774 300865 651 737 893 4270 1023 3068 1122 935 9041 54994 516 8869 12497
leaf_count=10774 300865 651 737 893 4270 1023 3068 1122 935 9041 54994 516 8869 12497
internal_value=2.61351e-06 -0.000145989 -0.000166897 -0.00162972 -0.000131542 0.000496363 -0.000237135 8.28452e-05 -0.000391709 -0.00014059 -0.000194378 0.00100773 0.000319324 -0.000643023
internal_weight=410255 109390 108739 2565 106174 15284 90890 11014 1828 80116 76532 3584 9991 21538
internal_count=410255 109390 108739 2565 106174 15284 90890 11014 1828 80116 76532 3584 9991 21538
is_linear=0
shrinkage=0.05


Tree=63
num_leaves=15
num_cat=0
split_feature=22 17 20 11 20 19 10 22 19 17 17 17 17 19
split_gain=1.39738 6.03525 4.98133 3.80455 3.28915 3.66748 4.49871 3.29812 3.14405 6.24066 4.47136 6.26568 5.92981 3.82057
threshold=0.019639473328594285 0.010928854691948266 -0.010626602643653336 -0.24636497651756573 0.013300871955522988 0.011625407696339353 2.5000000000000004 0.022259494425243446 0.014673872719699223 -0.012821596970904346 -0.0021736087613382633 -0.0050316952693857933 0.0055153546509075788 0.017120612143180506
decision_type=2 2 2 2 2 2 2 2 2 2 2 2 2 2
left_child=8 2 -2 -3 5 6 -4 -6 -1 -10 11 13 -12 -11
right_child=1 3 4 -5 7 -7 -8 -9 9 10 12 -13 -14 -15
leaf_value=-5.9150894994028739e-07 -0.0010841365667182564 -0.0059061220307453305 0.0004411205447454518 -0.0010461404408890508 -0.0044829814756178789 0.00078352318773753271 0.0055581368086311533 4.9405519491561617e-05 0.003555806892060435 -0.0051130332635193482 0.00099314221131186257 -0.0077459039923363036 -0.0051136474363407038 -7.2837491207236191e-06
leaf_weight=373180 4129 510 803 1903 535 21352 923 1598 597 568 1814 620 508 1029
leaf_count=373180 4129 510 803 1903 535 21352 923 1598 597 568 1814 620 508 1029
internal_value=9.2375e-06 0.000327824 0.00052553 -0.00207534 0.000789191 0.000962821 0.00317914 -0.00108898 -1.7503e-05 -0.00124605 -0.00187826 -0.00348378 -0.000344509 -0.00182529
internal_weight=410069 31753 29340 2413 25211 23078 1726 2133 378316 5136 4539 2217 2322 1597
internal_count=410069 31753 29340 2413 25211 23078 1726 2133 378316 5136 4539 2217 2322 1597
is_linear=0
shrinkage=0.05


Tree=64
num_leaves=15
num_cat=0
split_feature=21 19 18 9 8 21 19 9 22 17 21 17 5 22
split_gain=1.48208 2.5381 2.42807 10.3084 2.17283 1.53006 5.03621 8.06939 3.62464 4.67799 3.64885 2.22506 2.2198 2.38063
threshold=-0.78301207392202421 0.0043137439807473541 -0.678561024072874 0.69871794871794879 0.077519379844959643 -0.3482479493361792 0.0086974433563609139 0.2371794871794872 0.018468896356771961 -0.012181110908816793 -0.45160255518752329 -0.018986185581955192 0.0017945268978942308 -0.015643102555330853
decision_type=2 2 2 2 2 2 2 2 2 2 2 2 2 2
left_child=1 4 3 -2 -1 6 11 -8 10 -10 -9 -4 13 -13
right_child=2 -3 5 -5 -6 -7 7 8 9 -11 -12 12 -14 -15
leaf_value=0.0023352722820150413 0.00085033901535698704 0.0044312174685721519 -0.0021052402502176543 -0.0072005199927244181 -0.0021895545159057424 -3.11472677605992e-05 -0.0070393378874717936 0.00014306621198169404 -0.00055424982312051103 0.0054118306267954093 -0.0038151384143430092 -0.0031086385175300834 0.0012440671422649261 0.00038690101549198317
leaf_weight=544 1182 507 676 598 516 382520 515 1346 898 517 1025 522 11684 7092
leaf_count=544 1182 507 676 598 516 382520 515 1346 898 517 1025 522 11684 7092
internal_value=-8.89587e-06 0.00152537 -1.47839e-05 -0.00185691 0.000132633 -6.71884e-06 0.000378204 -0.00117361 -0.00037406 0.00162787 -0.00156898 0.000712398 0.000811202 0.000146877
internal_weight=410142 1567 408575 1780 1060 406795 24275 4301 3786 1415 2371 19974 19298 7614
internal_count=410142 1567 408575 1780 1060 406795 24275 4301 3786 1415 2371 19974 19298 7614
is_linear=0
shrinkage=0.05


Tree=65
num_leaves=15
num_cat=0
split_feature=10 20 17 19 11 19 12 11 14 22 19 22 20 10
split_gain=1.28452 5.64676 3.78426 7.65363 6.20569 4.07573 2.6757 2.55528 2.91963 2.45473 6.25128 5.70971 7.26955 6.79746
threshold=1.5000000000000002 0.022606724889857491 0.011481856311468254 -0.015369902406364875 -0.36139260232689646 0.015508595461780407 0.088211248814122359 -0.69315592758838906 -0.03214541308766105 0.0085036783938022848 0.0072651131711672931 0.0081130223384630069 -0.00044285326003051789 2.5000000000000004
decision_type=2 2 2 2 2 2 2 2 2 2 2 2 2 2
left_child=1 6 9 4 -4 7 -1 -5 -9 11 -11 -2 13 -13
right_child=2 -3 3 5 -6 -7 -8 8 -10 10 -12 12 -14 -15
leaf_value=0.00015064505439126166 -0.00015405707349980689 -0.0040780290358244401 0.0013670443411979332 0.0041328789926620675 0.0090135704077418458 -0.0026224720779031612 -0.0026770646015556437 -0.0019070766753470994 0.0011489838042173961 0.0012325158174765138 -7.4739661822663557e-05 0.0046037768936812995 -0.0051923044865602565 -0.0022091164843674222
leaf_weight=159333 180081 798 565 553 500 956 840 970 4005 11394 46316 511 1286 1284
leaf_count=159333 180081 798 565 553 500 956 840 970 4005 11394 46316 511 1286 1284
internal_value=4.85952e-06 0.000114884 -6.6434e-05 0.00103583 0.00496205 0.00039028 0.000135799 0.000911679 0.000552865 -0.000100983 0.000183376 -0.000190579 -0.00232449 -0.000268141
internal_weight=409392 160971 248421 7549 1065 6484 160173 5528 4975 240872 57710 183162 3081 1795
internal_count=409392 160971 248421 7549 1065 6484 160173 5528 4975 240872 57710 183162 3081 1795
is_linear=0
shrinkage=0.05


Tree=66
num_leaves=15
num_cat=0
split_feature=9 21 21 22 11 9 21 22 22 6 14 22 22 9
split_gain=1.21736 3.0943 2.06547 5.03596 1.97526 2.19068 2.80401 2.01762 4.48203 2.11816 1.91466 2.90482 5.039 2.9033
threshold=0.77564102564102577 -0.54707133605556557 -0.34002485475271937 -0.023954451333595025 -1.141949083518101 0.55769230769230782 -0.055090718609163147 -0.015643102555330853 -0.0021975266398334688 1.6662057558671755 0.0074442889589125824 -0.0084369770417030959 -0.0044739877203233127 0.22435897435897439
decision_type=2 2 2 2 2 2 2 2 2 2 2 2 2 2
left_child=2 -2 3 -1 5 7 -7 -4 -9 -10 -5 -12 -13 -14
right_child=1 -3 4 10 -6 6 -8 8 9 -11 11 12 13 -15
leaf_value=0.0040460722021523239 -0.003322615732811287 -0.00023183221262381969 0.0021457715871247996 0.00068468637599187988 -4.3278279007800511e-07 -0.0056865522289847583 -0.00081109301605949253 -0.004240928569431467 -0.0014883165586854256 0.0022196423961733723 -0.0025861365833458275 0.004908926586442256 -0.0025345159176203822 0.0001569968175315952
leaf_weight=936 834 26817 629 14627 351763 514 691 742 723 822 1135 512 1147 7874
leaf_count=936 834 26817 629 14627 351763 514 691 742 723 822 1135 512 1147 7874
internal_value=-4.80708e-06 -0.000325172 1.83763e-05 0.000446551 -1.31841e-05 -0.00110136 -0.00289374 -0.000359941 -0.00104973 0.000484621 0.000313202 -0.000196161 8.86307e-05 -0.000185466
internal_weight=409766 27651 382115 26231 355884 4121 1205 2916 2287 1545 25295 10668 9533 9021
internal_count=409766 27651 382115 26231 355884 4121 1205 2916 2287 1545 25295 10668 9533 9021
is_linear=0
shrinkage=0.05


Tree=67
num_leaves=15
num_cat=0
split_feature=13 9 22 22 19 11 20 20 17 22 18 22 9 19
split_gain=1.38529 2.54047 3.15878 4.3944 3.01604 2.26631 2.16896 1.82904 6.21874 6.80204 8.68774 4.19667 4.54367 3.99862
threshold=0.67652901727694992 0.19871794871794876 0.024794861960956153 0.018089533666951988 0.026478664209438677 -0.15701458788404141 0.0084755498404741631 -0.011902157508864307 -0.0092704104127101488 -0.0051170110566151053 -0.31633882926644019 -0.023954451333595025 0.41666666666666669 -0.01361614488080015
decision_type=2 2 2 2 2 2 2 2 2 2 2 2 2 2
left_child=1 2 3 6 5 -3 -1 11 9 10 -9 12 -2 -13
right_child=7 4 -4 -5 -6 -7 -8 8 -10 -11 -12 13 -14 -15
leaf_value=-0.00089454577541885202 -0.0012055244727671381 -0.00046776487315469987 -0.0041414114443160495 0.0026892050658237207 0.0037074707874760805 9.0939925905924825e-05 0.0014475647710947752 0.0094195145712944392 6.754224943317397e-05 0.00023964664419737957 0.0012389118657461238 -0.0030995880337353716 0.0038427658525217534 -0.00038032927881800904
leaf_weight=15932 724 25165 637 982 532 65112 1053 610 274055 1648 693 1447 1157 20382
leaf_count=15932 724 25165 637 982 532 65112 1053 610 274055 1648 693 1447 1157 20382
internal_value=6.24223e-07 -0.000151718 -0.000683999 -0.000561196 -4.2664e-05 -6.48043e-05 -0.000749268 5.60531e-05 9.213e-05 0.00237476 0.00507295 -0.000365423 0.00190006 -0.000560717
internal_weight=410129 109413 18604 17967 90809 90277 16985 300716 277006 2951 1303 23710 1881 21829
internal_count=410129 109413 18604 17967 90809 90277 16985 300716 277006 2951 1303 23710 1881 21829
is_linear=0
shrinkage=0.05


Tree=68
num_leaves=15
num_cat=0
split_feature=11 22 22 13 19 4 22 18 10 19 13 20 19 13
split_gain=1.242 2.69748 3.87195 3.09801 3.65855 2.92387 2.37854 2.60908 1.9096 3.40879 4.53933 3.21942 3.07462 2.98236
threshold=0.49925388488819228 -0.0001493420582179272 -0.0014157706227118092 1.5942810777849383 0.0043137439807473541 0.0016371367157861445 -0.023377291976868494 -0.15274438437922147 1.0000000180025095e-35 0.003878626571206079 0.94259439711625448 -0.0098947708502991043 0.0029609071284547599 1.1467397616640509
decision_type=2 2 2 2 2 2 2 2 2 2 2 2 2 2
left_child=-1 2 5 8 -5 -2 7 -7 12 10 11 -10 -3 -12
right_child=1 3 -4 4 -6 6 -8 -9 9 -11 13 -13 -14 -15
leaf_value=2.1280206859583824e-05 -0.00081537289872523309 0.0026345985252359582 0.0024911439344007828 -0.0053198450462742762 -2.5581674622323118e-05 0.0015272512552621635 0.00092618850071404454 -0.0028467069118257651 0.0029784252357212683 -0.00021715563634381281 -0.0053731984919824531 -0.0014329472089624246 -0.00051229159731645899 -0.0012376860107963482
leaf_weight=374915 7342 1138 1607 757 573 531 7073 949 507 8424 1158 2225 2436 700
leaf_count=374915 7342 1138 1607 757 573 531 7073 949 507 8424 1158 2225 2436 700
internal_value=-5.45752e-06 -0.000288465 0.000153029 -0.000719692 -0.00304067 -8.3499e-05 0.000544772 -0.00127743 -0.000533428 -0.000814552 -0.00191066 -0.000613502 0.000490169 -0.00381665
internal_weight=410335 35420 17502 17918 1330 15895 8553 1480 16588 13014 4590 2732 3574 1858
internal_count=410335 35420 17502 17918 1330 15895 8553 1480 16588 13014 4590 2732 3574 1858
is_linear=0
shrinkage=0.05


Tree=69
num_leaves=15
num_cat=0
split_feature=7 5 12 14 21 9 11 12 22 19 21 9 11 9
split_gain=1.49012 3.96297 2.29433 1.50676 3.70911 3.57249 2.92818 3.28127 2.71234 5.28271 5.63653 3.4541 2.74507 5.93409
threshold=0.67949542933190676 0.0036712399901391505 -0.0018649970437569772 -0.027136261080040299 -0.40579908613588073 0.42948717948717957 -0.69315592758838906 0.025793417938678068 -0.022191097607884566 -0.017798949852377007 -0.2147892036764068 0.25000000000000006 0.017760276670337981 0.55769230769230782
decision_type=2 2 2 2 2 2 2 2 2 2 2 2 2 2
left_child=3 2 -2 4 5 -1 7 -5 9 -8 -11 -12 -13 -14
right_child=1 -3 -4 6 -6 -7 8 -9 -10 10 11 12 13 -15
leaf_value=0.0050834863934245489 0.0025680444961332185 -0.0051095009296515583 -0.0019286737205897082 -0.00056021026639702998 0.00016128597861183035 0.00093400235895650099 0.00022653434921606725 -0.0035440332371291594 2.2212277496799136e-05 0.00097640557210142078 -0.0055437306041326911 -0.00013617923324264972 -0.00049965609173733573 -0.0065461291302373829
leaf_weight=720 530 517 608 5156 64428 1851 5876 1121 324817 1202 960 1107 857 770
leaf_count=720 530 517 608 5156 64428 1851 5876 1121 324817 1202 960 1107 857 770
internal_value=1.27402e-05 -0.00148409 0.000165996 1.88027e-05 0.000235619 0.00209758 -2.36896e-05 -0.00109357 -3.67495e-06 -0.000784203 -0.00199705 -0.0029646 -0.00205728 -0.0033635
internal_weight=410520 1655 1138 408865 66999 2571 341866 6277 335589 10772 4896 3694 2734 1627
internal_count=410520 1655 1138 408865 66999 2571 341866 6277 335589 10772 4896 3694 2734 1627
is_linear=0
shrinkage=0.05


Tree=70
num_leaves=15
num_cat=0
split_feature=19 19 17 4 20 22 21 10 22 22 19 19 21 19
split_gain=1.42305 6.38557 9.77727 6.21279 4.84633 5.04537 4.80805 4.07404 6.22443 2.87243 2.84736 3.09152 2.52 2.76731
threshold=-0.015770480814588091 -0.015240296813500585 0.011481856311468254 0.0017289616075525681 0.0039076107014520698 -0.014169311429866936 -0.19781117049292118 3.5000000000000004 -0.030673863990566704 -0.018212119726385586 -0.022957146497341426 -0.028811006006034808 0.53009663305673083 -0.017798949852377007
decision_type=2 2 2 2 2 2 2 2 2 2 2 2 2 2
left_child=3 2 4 10 5 -2 7 8 -5 12 11 -1 13 -8
right_child=1 -3 -4 6 -6 -7 9 -9 -10 -11 -12 -13 -14 -15
leaf_value=-0.0023620485778091068 0.0054760172252061208 1.0109912463825757e-06 0.0078330559400265187 0.0066971792349440999 -0.0014985324942741137 0.00032128638591215802 0.00050774715709125766 -0.00073648973213948923 0.0011351133998893045 -0.0029353871395272728 -0.0019364014579158256 0.0017355608200455099 -0.0034152663017691961 -0.0012278235195626866
leaf_weight=729 822 379930 614 789 1238 1122 10131 973 1386 901 6762 1245 525 2969
leaf_count=729 822 379930 614 789 1238 1122 10131 973 1386 901 6762 1245 525 2969
internal_value=-3.03266e-06 2.14015e-05 0.00206168 -0.000358037 0.000945927 0.00250261 0.000181134 0.00195231 0.00315495 -0.000202815 -0.00144874 0.00022188 -2.19119e-05 0.000114332
internal_weight=410136 383726 3796 26410 3182 1944 17674 3148 2175 14526 8736 1974 13625 13100
internal_count=410136 383726 3796 26410 3182 1944 17674 3148 2175 14526 8736 1974 13625 13100
is_linear=0
shrinkage=0.05


Tree=71
num_leaves=15
num_cat=0
split_feature=7 11 11 19 20 20 19 19 19 19 20 20 17 9
split_gain=1.25632 3.07278 1.14118 2.28644 4.6755 4.41472 2.38071 3.18654 2.77271 2.76705 2.31502 2.82643 2.09527 1.97321
threshold=0.67949542933190676 0.041244707713920678 0.41674857223619416 0.013455397514045455 -0.017263253443804857 -0.0098947708502991043 -0.0092689585092878262 -0.017798949852377007 -0.0071291516984987582 -0.028811006006034808 0.0084755498404741631 0.00015674057028414182 -0.0036722492906114397 0.55769230769230782
decision_type=2 2 2 2 2 2 2 2 2 2 2 2 2 2
left_child=2 -2 -1 6 -5 -6 7 9 12 -4 11 -9 -8 -13
right_child=1 -3 3 4 5 -7 8 10 -10 -11 -12 13 -14 -15
leaf_value=2.7263415364595318e-05 -0.0033314114528926343 0.0010604383784345302 -0.0018646880723384473 0.0024652144783979747 -0.0063630975709362677 -0.0013624209380804946 0.0041750565954547826 -0.00085794119100790272 -8.2186348838618787e-05 0.002206124496525986 0.0011811781951204618 -0.0021924329069313775 0.0008273749091287641 -0.0054497166238524535
leaf_weight=357568 905 710 612 624 543 2344 605 3595 36230 1308 767 1683 2047 643
leaf_count=357568 905 710 612 624 543 2344 605 3595 36230 1308 767 1683 2047 643
internal_value=-9.79911e-06 -0.00140117 -4.29586e-06 -0.000225554 -0.00145662 -0.00230485 -0.000134511 -0.000886854 3.20668e-05 0.000908258 -0.00140226 -0.00173705 0.00159237 -0.00309483
internal_weight=410184 1615 408569 51001 3511 2887 47490 8608 38882 1920 6688 5921 2652 2326
internal_count=410184 1615 408569 51001 3511 2887 47490 8608 38882 1920 6688 5921 2652 2326
is_linear=0
shrinkage=0.05


Tree=72
num_leaves=15
num_cat=0
split_feature=10 17 18 22 19 9 22 22 9 13 22 19 22 19
split_gain=1.23823 4.38169 5.17863 3.10585 4.2083 4.90858 4.56337 4.8714 4.14149 5.06041 3.61149 3.16104 4.56156 5.55801
threshold=1.5000000000000002 0.011481856311468254 0.44654354244906352 0.0207363876269866 0.014216051052851399 0.2371794871794872 0.015776097802743475 0.018089533666951988 0.31410256410256415 0.71178478994062699 0.018468896356771961 0.011625407696339353 0.0095209649417882253 0.0099332258520320477
decision_type=2 2 2 2 2 2 2 2 2 2 2 2 2 2
left_child=1 3 -3 4 11 -6 -7 -8 9 -5 -9 12 13 -1
right_child=-2 2 -4 8 5 6 7 10 -10 -11 -12 -13 -14 -15
leaf_value=0.00021080947830286919 -6.5129642573023185e-05 -0.00056717341678378264 -0.0049946556808391669 -0.0010771321627035676 0.0014857830706470228 -0.0042736285812199947 0.0015507754648146038 -0.0057353121007746623 0.00029627573820891818 0.0039048002503154454 -0.00096659454726013075 0.001677784180564345 -0.00055560245073775288 0.0043770016163924685
leaf_weight=118167 249118 2904 854 675 1300 1481 1221 592 5361 2076 1203 3326 21291 805
leaf_count=118167 249118 2904 854 675 1300 1481 1221 592 5361 2076 1203 3326 21291 805
internal_value=4.74754e-06 0.000112698 -0.00157437 0.000152962 0.000101218 -0.00121944 -0.00200162 -0.00088491 0.00110573 0.00268246 -0.00254166 0.000154543 0.000118412 0.000239036
internal_weight=410374 161256 3758 157498 149386 5797 4497 3016 8112 2751 1795 143589 140263 118972
internal_count=410374 161256 3758 157498 149386 5797 4497 3016 8112 2751 1795 143589 140263 118972
is_linear=0
shrinkage=0.05


Tree=73
num_leaves=15
num_cat=0
split_feature=9 18 21 8 19 21 19 19 4 11 10 20 21 9
split_gain=1.39934 3.74282 2.23712 1.77266 1.66816 2.10913 2.73452 2.20638 1.9151 1.86 1.60892 3.01968 3.26622 3.05984
threshold=0.77564102564102577 -0.6058679493857041 -0.78301207392202421 0.077519379844959643 -0.0085815421903701044 0.35328056268173064 -0.012757287396889692 -0.020707881803070146 0.0013573356046141336 -0.14370029173071339 2.5000000000000004 0.00096783391035726318 -0.066597137853417893 0.55769230769230782
decision_type=2 2 2 2 2 2 2 2 2 2 2 2 2 2
left_child=2 -2 3 -1 5 6 7 -3 -8 -9 -4 -12 13 -13
right_child=1 4 10 -5 -6 -7 8 9 -10 -11 11 12 -14 -15
leaf_value=0.0037023059023006165 -0.0041156065303520313 -0.0019723946030736632 0.00010199511306752522 1.4028538515526517e-05 -8.1961538469316916e-05 -0.00380693860105763 -0.00047822283865775364 0.003825073966890222 -0.0040997106415479314 0.00018982857640680254 -0.0003164649329516598 -8.5141860500847284e-05 0.00020675673437871734 -0.0030617660401662944
leaf_weight=739 641 678 228893 582 22793 637 698 536 765 1021 81066 2027 67812 1503
leaf_count=739 641 678 228893 582 22793 637 698 536 765 1021 81066 2027 67812 1503
internal_value=4.31788e-07 -0.00034228 2.53051e-05 0.00207858 -0.000252973 -0.00115191 -0.000693658 0.000406446 -0.0023734 0.00144292 1.81862e-05 -0.000107682 0.00012956 -0.00135303
internal_weight=410391 27769 382622 1321 27128 4335 3698 2235 1463 1557 381301 152408 71342 3530
internal_count=410391 27769 382622 1321 27128 4335 3698 2235 1463 1557 381301 152408 71342 3530
is_linear=0
shrinkage=0.05


Tree=74
num_leaves=15
num_cat=0
split_feature=9 18 21 17 11 10 9 17 3 17 8 13 18 14
split_gain=1.23728 3.48078 1.99714 1.80051 1.51555 2.97 2.33312 3.02224 2.40903 2.12241 1.44003 1.31849 2.24712 1.96868
threshold=0.77564102564102577 -0.678561024072874 -0.78301207392202421 -0.014499205430041349 -0.92473859748151066 3.5000000000000004 0.55769230769230782 -0.0022300612254983472 0.0036008598025518705 0.00053737829917155377 0.077519379844959643 0.76768197301046537 0.19856615703201227 -0.047797341432753597
decision_type=2 2 2 2 2 2 2 2 2 2 2 2 2 2
left_child=2 -2 10 -3 5 6 7 -4 -8 -7 -1 -9 13 -13
right_child=1 3 4 -5 -6 9 8 11 -10 -11 -12 12 -14 -15
leaf_value=0.0034713508778588913 -0.0044375454747573517 0.0021816936811134289 0.0023864108237638556 -0.00030410338074971562 4.1083103816343427e-05 -0.0047547846739091314 -0.0026877011210577131 -0.0020944107952195088 0.0013070801305606189 -0.00072179638893611847 0.00014586449194113713 0.0033375821772132263 -0.0020612017870596942 -0.0004264759876519581
leaf_weight=724 501 748 1352 26571 373446 686 1453 874 509 622 591 669 715 721
leaf_count=724 501 748 1352 26571 373446 686 1453 874 509 622 591 669 715 721
internal_value=1.01476e-05 -0.000311786 3.35717e-05 -0.000235964 2.68562e-05 -0.000672043 -0.000221268 0.000426742 -0.0016512 -0.00283897 0.00197803 -0.000463143 0.000214836 0.00138624
internal_weight=410182 27820 382362 27319 381047 7601 6293 4331 1962 1308 1315 2979 2105 1390
internal_count=410182 27820 382362 27319 381047 7601 6293 4331 1962 1308 1315 2979 2105 1390
is_linear=0
shrinkage=0.05


Tree=75
num_leaves=15
num_cat=0
split_feature=7 5 22 17 9 18 11 7 20 20 11 11 22 18
split_gain=1.47427 2.77377 1.30204 3.73739 3.83433 3.56926 3.72395 4.99395 2.60316 2.46335 2.81342 2.31235 1.84272 1.78361
threshold=0.67949542933190676 0.0030431186912510308 0.02110561493580099 -0.0084849884454015739 0.31410256410256415 0.0083208763833580984 0.23727860013668964 -0.19209824254558244 -0.0058110867888379594 0.015055896226332523 -0.089947651401278778 -0.43520467193657525 0.025661183302624017 0.20129034398623455
decision_type=2 2 2 2 2 2 2 2 2 2 2 2 2 2
left_child=2 -2 -1 4 -4 6 11 -8 -7 13 -11 -5 -9 -10
right_child=1 -3 3 5 -6 8 7 12 9 10 -12 -13 -14 -15
leaf_value=-1.4458808098408489e-05 0.00025259292494300868 -0.0038674691919823091 -0.0050321357345106885 -0.00040686291561911381 -0.00041680922648022479 -0.0034252033560846942 0.003731126402797158 -2.479084252975049e-06 0.00010797861366222423 -0.0046175701766304547 -0.00032985406472600589 0.0022994677783682231 -0.0035777276164299116 0.001483181376066244
leaf_weight=383107 973 703 578 915 2021 511 506 637 8769 509 1532 5731 829 3224
leaf_count=383107 973 703 578 915 2021 511 506 637 8769 509 1532 5731 829 3224
internal_value=2.61115e-06 -0.00147685 8.67921e-06 0.000352752 -0.00144477 0.000554496 0.00136077 -0.000547093 7.67153e-05 0.000204461 -0.00140089 0.00192686 -0.00202529 0.000477758
internal_weight=410545 1676 408869 25762 2599 23163 8618 1972 14545 14034 2041 6646 1466 11993
internal_count=410545 1676 408869 25762 2599 23163 8618 1972 14545 14034 2041 6646 1466 11993
is_linear=0
shrinkage=0.05


Tree=76
num_leaves=15
num_cat=0
split_feature=7 5 22 19 22 22 19 22 10 20 10 9 9 13
split_gain=1.33082 3.36342 2.12649 1.24059 6.1439 5.34715 5.01744 4.13411 4.03815 7.54783 3.81237 9.05746 4.39984 3.5711
threshold=0.67949542933190676 0.0036712399901391505 -0.001994881236451806 -0.0030796110586879251 -0.00062522156579813959 -0.013009787692178419 -0.0027313307792880544 -0.0098268071371325743 3.5000000000000004 0.00030412385422140536 2.5000000000000004 0.31410256410256415 0.42948717948717957 1.1300857128979238
decision_type=2 2 2 2 2 2 2 2 2 2 2 2 2 2
left_child=3 2 -2 4 -1 13 8 -8 -7 -10 12 -12 -6 -5
right_child=1 -3 -4 5 10 6 7 -9 9 -11 11 -13 -14 -15
leaf_value=6.3683518430346633e-05 0.0023356190724898363 -0.0047502201431231976 -0.0019837222780654021 -0.00077724901027552244 -0.00085868912824611928 -0.00055402707970423433 0.003708119201505019 -1.4166342998799754e-05 -0.00098385849767100987 -0.0070483849411189436 0.0093763666406993101 0.0011062231000256578 0.0026194004786491741 -0.0062874238669501986
leaf_weight=123578 551 518 588 615 1729 5352 747 270488 1493 781 508 948 1916 563
leaf_count=123578 551 518 588 615 1729 5352 747 270488 1493 781 508 948 1916 563
internal_value=-3.57775e-07 -0.00141406 0.000106008 5.37703e-06 0.000133884 -5.36726e-05 -3.94661e-05 -3.90128e-06 -0.00130424 -0.00306889 0.00183423 0.00399614 0.000969791 -0.00341382
internal_weight=410375 1657 1139 408718 128679 280039 278861 271235 7626 2274 5101 1456 3645 1178
internal_count=410375 1657 1139 408718 128679 280039 278861 271235 7626 2274 5101 1456 3645 1178
is_linear=0
shrinkage=0.05


Tree=77
num_leaves=15
num_cat=0
split_feature=12 5 21 22 11 9 13 20 20 22 17 22 7 21
split_gain=1.11884 3.14231 2.41331 2.22418 2.07188 2.01208 1.32287 4.3576 4.39341 6.20852 4.01292 3.69099 2.89743 2.02053
threshold=0.077087298858586242 0.0049229174772699264 -0.011257571388374363 0.038391206432345622 -0.18087014376714308 0.5064102564102565 1.4505917823287526 0.015710745180015476 0.0063822536962588891 -0.020409764768525348 -0.011559620158471727 -0.034417383641141601 -0.21399486173519433 -0.16808571979139261
decision_type=2 2 2 2 2 2 2 2 2 2 2 2 2 2
left_child=3 4 -3 6 5 -2 -1 8 9 11 -11 -8 -12 -13
right_child=1 2 -4 -5 -6 -7 7 -9 -10 10 12 13 -14 -15
leaf_value=-2.1119124266180095e-05 -0.0038537074664740986 -0.00086550481876568699 -0.005414347166114949 0.0023226307845905041 0.00089415239126381047 0.00035621727528231298 0.00028548518961990006 0.0037855848310059895 -0.0010337529729332353 -0.0027189562406900263 0.0017036871023509859 0.0057715399655000792 1.5433611847007432e-05 0.0025808011047370556
leaf_weight=375401 563 619 551 1036 2202 571 1553 883 5596 1158 3102 649 14043 2115
leaf_count=375401 563 619 551 1036 2202 571 1553 883 5596 1158 3102 649 14043 2115
internal_value=1.27752e-06 -0.000782172 -0.00301053 9.98451e-06 2.48691e-08 -0.00173545 4.05567e-06 0.000328821 0.000220513 0.00053084 0.000128498 0.00223625 0.000320966 0.00333182
internal_weight=410042 4506 1170 405536 3336 1134 404500 29099 28216 22620 18303 4317 17145 2764
internal_count=410042 4506 1170 405536 3336 1134 404500 29099 28216 22620 18303 4317 17145 2764
is_linear=0
shrinkage=0.05


Tree=78
num_leaves=15
num_cat=0
split_feature=21 18 19 22 22 19 22 22 18 20 4 17 10 20
split_gain=1.17782 1.88956 5.60448 3.99 5.79934 4.68154 4.22019 5.44535 2.79627 2.98391 2.9907 2.70434 3.2831 3.48489
threshold=-0.78301207392202421 -0.51865779980633353 -0.0051551365728957346 -0.00095431438089405008 -0.0044739877203233127 0.013455397514045455 0.0065181798369787778 0.0022323510072995716 -0.37844098388565056 -0.009463612034010192 0.0030121765779203601 -0.0065550508718838487 1.5000000000000002 -0.017263253443804857
decision_type=2 2 2 2 2 2 2 2 2 2 2 2 2 2
left_child=-1 2 -2 4 -4 6 7 -5 9 11 -11 12 -3 -14
right_child=1 8 3 5 -6 -7 -8 -9 -10 10 -12 -13 13 -15
leaf_value=0.0013652119846480487 0.002135917871267475 -0.001276099925153552 0.00012153607567317801 0.00046513035771467636 -0.006704253141767977 -0.0044238099382877703 0.00229790382050819 -0.004897023885971929 -2.1775503314278222e-05 0.001231469002915628 0.00488372690723618 -0.0031994704202373617 -0.00054104410228421752 0.002035157053078919
leaf_weight=1558 1272 2102 519 1386 776 726 1253 718 388797 3896 654 557 2133 3411
leaf_count=1558 1272 2102 519 1386 776 726 1253 718 388797 3896 654 557 2133 3411
internal_value=-6.48418e-06 -1.17229e-05 -0.000847594 -0.00155352 -0.00397068 -0.000786083 1.71144e-06 -0.00136619 2.12184e-06 0.000730618 0.00175739 0.000160949 0.000406137 0.00104407
internal_weight=409758 408200 6650 5378 1295 4083 3357 2104 401550 12753 4550 8203 7646 5544
internal_count=409758 408200 6650 5378 1295 4083 3357 2104 401550 12753 4550 8203 7646 5544
is_linear=0
shrinkage=0.05


Tree=79
num_leaves=15
num_cat=0
split_feature=7 17 18 17 14 20 17 19 18 17 19 19 11 19
split_gain=1.27885 3.67638 1.61713 4.28968 1.6032 1.30123 6.28161 5.0099 8.311 3.57549 2.92123 5.02802 5.27982 4.57755
threshold=-0.71814462292234882 -0.0054705938686991354 -0.78645164544618351 -0.015599746233199206 0.0097621524990952908 -0.011327859930278792 -0.0090156131455140214 -0.0029097576167193546 -0.31633882926644019 -0.0040686417360173968 0.011088435550877797 0.015964561934840752 -0.42665374864339062 0.013455397514045455
decision_type=2 2 2 2 2 2 2 2 2 2 2 2 2 2
left_child=1 4 3 -2 -1 9 7 8 -7 10 -4 12 -12 -14
right_child=2 -3 5 -5 -6 6 -8 -9 -10 -11 11 -13 13 -15
leaf_value=0.0012488146080393597 0.00090035362581468632 -0.0021418404837576731 1.3531899350589165e-05 -0.004953808623829211 0.0050794761058105178 0.00780846583389724 5.3649790953786555e-06 0.0003973597724341826 0.0007254842643225288 -0.003106361914761512 0.0012309247024556195 4.9416145616901006e-05 -0.0014687418743183529 -0.0064676460485764203
leaf_weight=590 679 500 26911 579 509 794 370050 1989 865 1096 575 3264 824 1032
leaf_count=590 679 500 26911 579 509 794 370050 1989 865 1096 575 3264 824 1032
internal_value=-1.11961e-06 0.0014097 -6.64331e-06 -0.00179584 0.00302598 -1.11409e-06 2.57214e-05 0.00209009 0.00411807 -0.000298666 -0.000204197 -0.00123287 -0.00295386 -0.00425029
internal_weight=410257 1599 408658 1258 1099 407400 373698 3648 1659 33702 32606 5695 2431 1856
internal_count=410257 1599 408658 1258 1099 407400 373698 3648 1659 33702 32606 5695 2431 1856
is_linear=0
shrinkage=0.05


end of trees

feature_importances:
qqq_prior_ret=252
spy_prior_ret=187
spy_from_open=87
qqq_from_open=87
qqq_vwap_dist=75
gap=74
prior_range_atr=71
tod=67
dow=65
spy_vwap_dist=45
dist_ma5=27
prior_ret=19
rv_12=18
vwap_dist=16
rv_36=15
session_pos=8
rvol=4
ret_12=3

parameters:
[boosting: gbdt]
[objective: regression]
[metric: l2]
[tree_learner: serial]
[device_type: cpu]
[data_sample_strategy: bagging]
[data: ]
[valid: ]
[num_iterations: 80]
[learning_rate: 0.05]
[num_leaves: 15]
[num_threads: 4]
[seed: 11]
[deterministic: 0]
[force_col_wise: 1]
[force_row_wise: 0]
[histogram_pool_size: -1]
[max_depth: -1]
[min_data_in_leaf: 500]
[min_sum_hessian_in_leaf: 0.001]
[bagging_fraction: 0.8]
[pos_bagging_fraction: 1]
[neg_bagging_fraction: 1]
[bagging_freq: 1]
[bagging_seed: 11]
[bagging_by_query: 0]
[feature_fraction: 0.8]
[feature_fraction_bynode: 1]
[feature_fraction_seed: 11]
[extra_trees: 0]
[extra_seed: 22223]
[early_stopping_round: 0]
[early_stopping_min_delta: 0]
[first_metric_only: 0]
[max_delta_step: 0]
[lambda_l1: 0]
[lambda_l2: 1]
[linear_lambda: 0]
[min_gain_to_split: 0]
[drop_rate: 0.1]
[max_drop: 50]
[skip_drop: 0.5]
[xgboost_dart_mode: 0]
[uniform_drop: 0]
[drop_seed: 21136]
[top_rate: 0.2]
[other_rate: 0.1]
[min_data_per_group: 100]
[max_cat_threshold: 32]
[cat_l2: 10]
[cat_smooth: 10]
[max_cat_to_onehot: 4]
[top_k: 20]
[monotone_constraints: ]
[monotone_constraints_method: basic]
[monotone_penalty: 0]
[feature_contri: ]
[forcedsplits_filename: ]
[refit_decay_rate: 0.9]
[cegb_tradeoff: 1]
[cegb_penalty_split: 0]
[cegb_penalty_feature_lazy: ]
[cegb_penalty_feature_coupled: ]
[path_smooth: 0]
[interaction_constraints: ]
[verbosity: -1]
[saved_feature_importance_type: 0]
[use_quantized_grad: 0]
[num_grad_quant_bins: 4]
[quant_train_renew_leaf: 0]
[stochastic_rounding: 1]
[linear_tree: 0]
[max_bin: 255]
[max_bin_by_feature: ]
[min_data_in_bin: 3]
[bin_construct_sample_cnt: 200000]
[data_random_seed: 74]
[is_enable_sparse: 1]
[enable_bundle: 1]
[use_missing: 1]
[zero_as_missing: 0]
[feature_pre_filter: 1]
[pre_partition: 0]
[two_round: 0]
[header: 0]
[label_column: ]
[weight_column: ]
[group_column: ]
[ignore_column: ]
[categorical_feature: ]
[forcedbins_filename: ]
[precise_float_parser: 0]
[parser_config_file: ]
[objective_seed: 24011]
[num_class: 1]
[is_unbalance: 0]
[scale_pos_weight: 1]
[sigmoid: 1]
[boost_from_average: 1]
[reg_sqrt: 0]
[alpha: 0.9]
[fair_c: 1]
[poisson_max_delta_step: 0.7]
[tweedie_variance_power: 1.5]
[lambdarank_truncation_level: 30]
[lambdarank_norm: 1]
[label_gain: ]
[lambdarank_position_bias_regularization: 0]
[eval_at: ]
[multi_error_top_k: 1]
[auc_mu_weights: ]
[num_machines: 1]
[local_listen_port: 12400]
[time_out: 120]
[machine_list_filename: ]
[machines: ]
[gpu_platform_id: -1]
[gpu_device_id: -1]
[gpu_device_id_list: ]
[gpu_use_dp: 0]
[num_gpu: 1]

end of parameters

pandas_categorical:null
