tree
version=v4
num_class=1
num_tree_per_iteration=1
label_index=0
max_feature_idx=23
objective=regression
feature_names=ret_1 ret_3 ret_6 ret_12 rv_12 rv_36 rvol vwap_dist session_pos tod dow gap prior_ret prior_range_atr dist_ma5 xs_rank_ret12 xs_rank_vwap spy_from_open spy_vwap_dist spy_prior_ret qqq_from_open qqq_vwap_dist qqq_prior_ret resid_12
feature_infos=[-0.031516868992455871:0.072603641149374898] [-0.066707566462167689:0.070828505214368453] [-0.066748362884387125:0.13163010274923637] [-0.076397952012850046:0.1352394740016889] [0.00013561278045815875:0.030396354370130656] [0.00022188141331431447:0.030396354370130656] [0.033580010017566012:23.043985951575827] [-1.6255799960182848:2.8436321049799318] [0:1] [0.076923076923076927:0.82051282051282048] [0:4] [-6.463315457599152:11.39539170506913] [-0.26363045295519982:0.24361493123772093] [0.24135297326786445:3.6175905281771343] [-0.2460895975702353:0.31439283279774077] [0.125:1] [0.125:1] [-0.038975223714718288:0.090608787289234716] [-1.5461791173098252:1.5488443953974635] [-0.059779778290305785:0.094202460782536912] [-0.043461945212021957:0.10599533081421919] [-1.5045934428370884:1.489242662945965] [-0.060974527380846744:0.11743225062463969] [-0.073884558754429897:0.081355003515127811]
tree_sizes=1604 1597 1600 1595 1613 1587 1617 1601 1598 1594 1597 1625 1588 1594 1614 1597 1608 1599 1614 1608 1614 1598 1606 1599 1611 1598 1603 1594 1620 1616 1598 1602 1605 1610 1623 1598 1590 1612 1603 1586 1564 1587 1587 1599 1600 1592 1598 1608 1580 1605 1603 1596 1577 1577 1591 1586 1600 1610 1585 1570 1594 1624 1585 1570 1598 1586 1601 1605 1591 1597 1584 1567 1569 1590 1577 1563 1560 1608 1600 1600

Tree=0
num_leaves=15
num_cat=0
split_feature=19 22 22 19 13 11 22 13 20 22 21 22 9 20
split_gain=9.06687 17.9299 16.5247 11.4875 15.2928 8.12714 8.11013 8.0306 10.9621 21.987 8.88688 11.1742 6.47264 6.16578
threshold=-0.0031689393508829151 -0.013009787692178419 -0.00066953429378935325 -0.0017476816039254104 1.6815951236703517 -0.60076128894494452 -0.0072710932400419917 1.3171897438633475 0.014510799866027548 -0.026534696288983469 -0.097722185883957993 -0.020409764768525348 0.46794871794871801 -0.011327859930278792
decision_type=2 2 2 2 2 2 2 2 2 2 2 2 2 2
left_child=2 -2 7 4 -3 -4 12 -1 10 -10 11 -9 -5 -8
right_child=1 3 5 6 -6 -7 13 8 9 -11 -12 -13 -14 -15
leaf_value=0.00017155532327249877 -0.0062637844306724262 -0.00073223826626849398 0.0089535013906382015 0.00070865123731360846 -0.007224852993101832 0.0025069274544096648 -0.00077343843233157949 0.0056717597089472327 -0.0022317441025654691 0.011134362677606523 0.00032885813622938694 0.00090525280572781232 0.0080055974358361308 0.00015829079636398325
leaf_weight=101003 1147 28314 540 640 936 5099 19231 1992 516 760 14809 3211 578 231380
leaf_count=101003 1147 28314 540 640 936 5099 19231 1992 516 760 14809 3211 578 231380
internal_value=0.000130445 -2.78302e-05 0.000479613 -2.36046e-06 -0.000940246 0.00312572 0.000106579 0.000357574 0.00124011 0.00573164 0.000953461 0.00273085 0.00417502 8.67899e-05
internal_weight=410156 282226 127930 281079 29250 5639 251829 122291 21288 1276 20012 5203 1218 250611
internal_count=410156 282226 127930 281079 29250 5639 251829 122291 21288 1276 20012 5203 1218 250611
is_linear=0
shrinkage=1


Tree=1
num_leaves=15
num_cat=0
split_feature=10 20 11 13 21 13 19 21 22 22 20 14 7 19
split_gain=8.63545 14.5781 6.18894 10.255 5.97949 5.64168 7.96801 9.30445 14.6608 19.5986 11.3343 11.0755 6.27248 5.82325
threshold=2.5000000000000004 0.00096783391035726318 0.53612998392257671 2.2005069624301341 -0.066597137853417893 0.80195987125911683 -0.011619743008824955 -0.10907353033674998 -0.018212119726385586 -0.017864485826787898 0.022606724889857491 -0.0006903920140339247 -0.31020563241048932 -0.020040447767126709
decision_type=2 2 2 2 2 2 2 2 2 2 2 2 2 2
left_child=2 -2 5 -4 -3 -1 7 11 10 -10 -9 12 -7 -14
right_child=1 4 3 -5 -6 6 -8 8 9 -11 -12 -13 13 -15
leaf_value=-2.9434745139016158e-06 -0.0007188579984122056 -0.0017120556075277309 -0.00048951071805384866 -0.0072992749874031121 0.00032445016504149078 0.0098350562465246635 0.00032862606206366459 0.00011320834637457162 0.011112544253844465 0.0017901303396795636 -0.0076269521301046877 -0.0020170055616703431 0.006967956839337857 0.0021634724909802886
leaf_weight=108404 88250 3791 17407 570 72861 527 101813 8179 666 3647 501 717 981 1767
leaf_count=108404 88250 3791 17407 570 72861 527 101813 8179 666 3647 501 717 981 1767
internal_value=-9.49997e-07 -0.000280722 0.000187219 -0.000705823 0.000223709 0.000257882 0.000495886 0.00149841 0.000849606 0.00323191 -0.000334372 0.00360938 0.00484141 0.00388052
internal_weight=410081 164902 245179 17977 76652 227202 118798 16985 12993 4313 8680 3992 3275 2748
internal_count=410081 164902 245179 17977 76652 227202 118798 16985 12993 4313 8680 3992 3275 2748
is_linear=0
shrinkage=0.05


Tree=2
num_leaves=15
num_cat=0
split_feature=10 20 11 13 20 13 17 20 3 14 21 11 10 17
split_gain=7.64593 13.1863 5.36339 9.33908 6.03486 5.28005 6.06463 13.2769 8.13177 6.92752 5.01025 5.65894 5.60132 7.78691
threshold=2.5000000000000004 0.00096783391035726318 0.42435163108928392 1.7202317707719303 -0.016648779787383102 0.80195987125911683 -0.0082623301224157269 -0.011327859930278792 -0.0055275140971143269 -0.0097938433645899364 -0.066597137853417893 -0.69315592758838906 3.5000000000000004 0.00916703480178316
decision_type=2 2 2 2 2 2 2 2 2 2 2 2 2 2
left_child=2 -2 5 4 -4 -1 7 8 -7 -9 -3 12 13 -12
right_child=1 10 3 -5 -6 6 -8 9 -10 -11 11 -13 -14 -15
leaf_value=6.2497423018992539e-06 -0.00068117661974954804 -0.0015571462848276299 0.003119859539287955 -0.0040711062253084634 -0.0004032064562265023 0.0032652450335628721 0.00041662775916223143 0.0085914174833032382 -0.001381850605392773 0.0019366796919083737 0.0013653653503528755 0.00021676609889950335 7.3114456048872973e-05 0.0083520265753892538
leaf_weight=104489 88063 3788 1274 1687 26061 1598 106675 970 2288 656 911 69932 1358 709
leaf_count=104489 88063 3788 1274 1687 26061 1598 106675 970 2288 656 911 69932 1358 709
internal_value=-2.09925e-07 -0.000263735 0.000176506 -0.000461791 -0.000238899 0.000262003 0.000500204 0.00211731 0.000529475 0.00590944 0.000215565 0.000307685 0.00244193 0.00442637
internal_weight=410459 164761 245698 29022 27335 216676 112187 5512 3886 1626 76698 72910 2978 1620
internal_count=410459 164761 245698 29022 27335 216676 112187 5512 3886 1626 76698 72910 2978 1620
is_linear=0
shrinkage=0.05


Tree=3
num_leaves=15
num_cat=0
split_feature=19 22 22 19 13 10 9 19 9 21 22 19 19 14
split_gain=7.59136 15.9572 14.1259 12.2909 14.9995 7.82894 15.5749 7.05993 6.96636 6.90122 22.8061 6.1634 10.2828 8.54432
threshold=-0.0031689393508829151 -0.013009787692178419 -0.00062522156579813959 -0.0017476816039254104 1.9504839045736471 2.5000000000000004 0.31410256410256415 -0.001678312209055066 0.37820512820512825 -0.3048329213122668 -0.023954451333595025 -0.0043087394022177086 -0.0059648459781788668 -0.0041081670466320266
decision_type=2 2 2 2 2 2 2 2 2 2 2 2 2 2
left_child=2 -2 9 4 -3 -4 -7 8 -5 10 -1 12 -12 -13
right_child=1 3 5 7 -6 6 -8 -9 -10 -11 11 13 -14 -15
leaf_value=0.007469791011909698 -0.0060110550329325841 -0.00093759677522276767 0.0015716006312262996 -0.00070275191416878683 -0.0095057355406375933 0.012860258457762886 0.0023573720729236965 -3.0069191389433208e-05 0.0060685933321042631 8.909431445645832e-05 0.00029873918316925495 0.0015626786270788705 0.0050511731611113759 -0.0067955872286151048
leaf_weight=1354 1154 28899 3642 638 519 521 1092 250414 937 110935 7496 590 1341 633
leaf_count=1354 1154 28899 3642 638 519 521 1092 250414 937 110935 7496 590 1341 633
internal_value=-1.49937e-06 -0.000146052 0.000318591 -0.00012198 -0.00108908 0.00285674 0.00575568 -9.07375e-06 0.00332696 0.000209553 0.0013802 0.000559931 0.0010204 -0.00276541
internal_weight=410165 282561 127604 281407 29418 5255 1613 251989 1575 122349 11414 10060 8837 1223
internal_count=410165 282561 127604 281407 29418 5255 1613 251989 1575 122349 11414 10060 8837 1223
is_linear=0
shrinkage=0.05


Tree=4
num_leaves=15
num_cat=0
split_feature=10 20 13 14 21 18 17 13 18 9 12 13 5 17
split_gain=7.46498 11.9699 4.63749 4.15322 7.148 4.69456 4.11567 4.01192 4.36477 3.99793 3.97481 3.48463 5.33829 5.74404
threshold=2.5000000000000004 -0.00050790040638554179 2.2005069624301341 -0.032712535302449212 -0.3563255021106036 -0.51865779980633353 0.013529941583576345 0.94259439711625448 -0.14649570958848956 0.41666666666666669 -0.0068312155838130542 0.79768577048663392 0.0016118319257934376 -0.0054705938686991354
decision_type=2 2 2 2 2 2 2 2 2 2 2 2 2 2
left_child=2 3 11 4 9 -5 7 8 -3 -2 -4 -1 -13 -14
right_child=1 6 10 5 -6 -7 -8 -9 -10 -11 -12 12 13 -15
leaf_value=-6.1486555410538405e-06 0.0069108141974686807 -0.0018532987073338271 -0.00013913547492730937 -0.0024061072194712547 -0.00034252122547705042 -0.00074249775592848501 0.0018269010547043289 -0.00035478681790999987 0.00044974730196540522 0.0015680660537447464 -0.0051412678410573589 -7.1493578885934022e-05 0.0017251925669267074 0.00045438414540031034
leaf_weight=113256 515 2147 838 4551 8781 62054 3486 33083 48731 1092 754 44424 10078 75516
leaf_count=113256 515 2147 838 4551 8781 62054 3486 33083 48731 1092 754 44424 10078 75516
internal_value=4.01524e-06 -0.000256552 0.000179 -0.000711178 0.000218679 -0.000856204 0.000143729 7.38243e-05 0.000352527 0.00328351 -0.00250998 0.000196607 0.000373221 0.00060403
internal_weight=409306 164440 244866 76993 10388 66605 87447 83961 50878 1607 1592 243274 130018 85594
internal_count=409306 164440 244866 76993 10388 66605 87447 83961 50878 1607 1592 243274 130018 85594
is_linear=0
shrinkage=0.05


Tree=5
num_leaves=15
num_cat=0
split_feature=10 17 22 21 17 18 18 22 17 17 22 22 9 22
split_gain=6.51071 11.3584 12.7254 10.7501 6.18248 7.57752 5.80115 5.30836 21.0907 5.24856 4.49457 6.36053 5.1038 6.06109
threshold=1.5000000000000002 0.011481856311468254 0.0081130223384630069 0.24948022007290455 0.011481856311468254 0.44654354244906352 0.15705968403748186 -0.028050748695918167 -0.012181110908816793 -0.012821596970904346 0.0207363876269866 0.0095209649417882253 0.32692307692307698 0.021306054382222109
decision_type=2 2 2 2 2 2 2 2 2 2 2 2 2 2
left_child=4 9 3 -3 7 -6 -4 8 -1 -2 11 -9 13 -12
right_child=1 2 6 -5 5 -7 -8 10 -10 -11 12 -13 -14 -15
leaf_value=0.011471051717990476 -0.0015423157554874164 0.0082705431256170931 0.0022522259682613093 0.0021042299034308778 -0.00054161460372289161 -0.0059117240819848045 -0.0032558773627431713 0.00035292302762838243 0.00080904201793721676 -0.00017357553403946787 0.0079474376185580762 -0.00046640429049765188 0.00046631856180369711 0.0019998465204955477
leaf_weight=515 7219 838 708 4495 2928 846 1467 114325 4589 233997 523 29877 5283 2354
leaf_count=515 7219 838 708 4495 2928 846 1467 114325 4589 233997 523 29877 5283 2354
internal_value=5.50065e-06 -0.00015493 0.00176013 0.00307454 0.000252976 -0.00174665 -0.00146268 0.000300912 0.00188689 -0.000214545 0.000247771 0.000183166 0.00138931 0.00308342
internal_weight=409964 248724 7508 5333 161240 3774 2175 157466 5104 241216 152362 144202 8160 2877
internal_count=409964 248724 7508 5333 161240 3774 2175 157466 5104 241216 152362 144202 8160 2877
is_linear=0
shrinkage=0.05


Tree=6
num_leaves=15
num_cat=0
split_feature=17 10 22 21 22 22 17 10 19 22 22 22 22 11
split_gain=6.4812 9.48962 9.34927 11.8354 10.8998 10.0436 7.022 11.4521 11.5137 6.37462 6.87381 5.47742 11.0578 5.37676
threshold=0.0031394545230130082 2.5000000000000004 -0.029506454416010127 0.14072066677385101 0.0092420802283824672 0.0090451555060858686 0.010479764971520479 1.5000000000000002 -0.015369902406364875 0.014380830103158051 0.0095209649417882253 0.035940183515538189 0.029497982187397746 0.12451513143361966
decision_type=2 2 2 2 2 2 2 2 2 2 2 2 2 2
left_child=1 9 3 -2 5 6 -4 -8 -9 10 -1 12 -3 -11
right_child=2 11 4 -5 -6 -7 7 8 -10 13 -12 -13 -14 -15
leaf_value=0.00010565983378110533 0.0011570233074714275 -0.0004482556710857834 0.00048332844950354505 -0.0046031630765699166 -0.00044571657992799329 0.0064365582100134686 -0.00054813171286856928 0.0081329676204309337 0.0022380191617354076 0.001459974527109192 -0.00098099422552709419 0.0026573097228114687 -0.0048829804922758896 -7.7754707201190161e-05
leaf_weight=142762 1551 115375 67543 2096 26958 760 3167 972 5582 14785 16204 1387 1422 9235
leaf_count=142762 1551 115375 67543 2096 26958 760 3167 972 5582 14785 16204 1387 1422 9235
internal_value=3.46748e-06 -0.000115953 0.000334555 -0.00215382 0.000421019 0.000720486 0.000664178 0.00192057 0.00311338 0.000109605 -5.11236e-06 -0.000465187 -0.00050229 0.000868783
internal_weight=409799 301170 108629 3647 104982 78024 77264 9721 6554 182986 158966 118184 116797 24020
internal_count=409799 301170 108629 3647 104982 78024 77264 9721 6554 182986 158966 118184 116797 24020
is_linear=0
shrinkage=0.05


Tree=7
num_leaves=15
num_cat=0
split_feature=19 22 22 19 13 10 9 18 22 22 9 13 22 19
split_gain=5.96879 15.5241 11.4071 9.82041 13.6039 9.72333 16.4448 7.73927 20.6384 7.24234 6.05828 5.94766 5.82011 5.45251
threshold=-0.0031689393508829151 -0.013009787692178419 -0.001994881236451806 -0.0017476816039254104 1.6815951236703517 2.5000000000000004 0.27564102564102572 -0.32331483426623903 -0.023954451333595025 -0.0072710932400419917 0.49358974358974367 0.96648759185531674 -0.0098268071371325743 -0.0041530809849009689
decision_type=2 2 2 2 2 2 2 2 2 2 2 2 2 2
left_child=2 11 7 4 12 -4 -7 8 -1 10 -5 -2 -3 -9
right_child=1 3 5 9 -6 6 -8 13 -10 -11 -12 -13 -14 -15
leaf_value=0.006425543607361384 -0.0021429526893403327 0.0026274085314132007 0.001079486562185606 0.00066095776498446303 -0.0068474819283452911 0.012781570227387073 0.0024390094902615686 -7.3012704444987909e-05 0.00043374011471476818 -3.4063775604092909e-05 0.0077778815256945109 -0.0092548734635436187 -0.00093339560050645181 0.0011588762270679071
leaf_weight=1748 563 1197 5227 669 955 524 1437 100815 8061 250582 540 616 27282 9860
leaf_count=1748 563 1197 5227 669 955 524 1437 100815 8061 250582 540 616 27282 9860
internal_value=-1.22058e-05 -0.000140466 0.000271499 -0.000116453 -0.000980615 0.00220631 0.00520776 0.000156052 0.00150205 -1.54299e-05 0.00384353 -0.00586346 -0.000783645 3.67454e-05
internal_weight=410076 282404 127672 281225 29434 7188 1961 120484 9809 251791 1209 1179 28479 110675
internal_count=410076 282404 127672 281225 29434 7188 1961 120484 9809 251791 1209 1179 28479 110675
is_linear=0
shrinkage=0.05


Tree=8
num_leaves=15
num_cat=0
split_feature=17 22 22 7 22 10 11 19 20 22 18 18 20 22
split_gain=6.36076 8.99925 9.82596 9.12275 8.42945 7.97464 6.23903 8.24742 14.9143 6.76895 6.08203 5.83745 5.69597 5.64409
threshold=0.0031394545230130082 -0.029506454416010127 0.0092420802283824672 0.35264493796423607 0.0090451555060858686 1.5000000000000002 0.33895810764962914 0.014216051052851399 -0.016648779787383102 0.0207363876269866 -0.079342012047645155 0.062365494905397986 0.027853144365438291 -0.020017855619632815
decision_type=2 2 2 2 2 2 2 2 2 2 2 2 2 2
left_child=5 3 4 11 12 6 9 -8 -9 13 -10 -2 -3 -1
right_child=1 2 -4 -5 -6 -7 7 8 10 -11 -12 -13 -14 -15
leaf_value=0.0017147664534637029 0.0030685338053392818 0.00058809223397026842 -0.00041335979252450899 -0.0082046449126589732 0.0059469926754986994 -0.00032943472078678066 -0.00030031890049482708 0.0027617056733370902 -0.011213383741870683 0.0026063372476105434 -0.0039351507664910513 -0.0022168032274335835 0.0040991340958599562 0.00017891661660656856
leaf_weight=6413 663 76023 27032 526 755 183114 17436 563 513 3239 654 2450 1172 88792
leaf_count=6413 663 76023 27032 526 755 183114 17436 563 513 3239 654 2450 1172 88792
internal_value=-4.63143e-06 0.000323316 0.000408056 -0.0021208 0.000692914 -0.000123086 0.00019819 -0.000627133 -0.00391889 0.000358876 -0.00714144 -0.00109052 0.00064145 0.000282388
internal_weight=409345 108621 104982 3639 77950 300724 117610 19166 1730 98444 1167 3113 77195 95205
internal_count=409345 108621 104982 3639 77950 300724 117610 19166 1730 98444 1167 3113 77195 95205
is_linear=0
shrinkage=0.05


Tree=9
num_leaves=15
num_cat=0
split_feature=20 22 21 10 18 17 9 10 9 20 3 20 22 21
split_gain=5.43577 15.0962 15.6555 4.84391 5.78942 4.83048 5.2956 5.86425 4.88642 4.76014 4.52658 3.94725 3.71852 12.2202
threshold=-0.003456695966597811 -0.023954451333595025 -0.2921456290942902 2.5000000000000004 0.016583787767246467 -0.0062441288672893105 0.45512820512820523 1.5000000000000002 0.63461538461538469 -0.010852532502907684 -0.0067275750059977426 -0.012223354241760407 -0.022191097607884566 -0.12930118844372221
decision_type=2 2 2 2 2 2 2 2 2 2 2 2 2 2
left_child=1 2 -1 4 10 6 9 -8 -7 -4 -3 -12 13 -2
right_child=12 3 5 -5 -6 8 7 -9 -10 -11 11 -13 -14 -15
leaf_value=0.0066805567988648508 0.0045034581799165592 0.00076552860499857654 -0.0035045814773149437 -0.00077186011867446151 -0.0013551559073782683 0.00029752082811332348 0.0069719749710931856 0.0011020383845774142 -0.005354084985230264 0.0026041639758972094 -0.0011544449411710496 3.5952683886065315e-05 0.0001643990489725648 -0.00099246067891711471
leaf_weight=1435 1084 16169 626 51080 8311 1529 802 906 509 648 8893 32089 271126 14919
leaf_count=1435 1084 16169 626 51080 8311 1529 802 906 509 648 8893 32089 271126 14919
internal_value=1.54508e-06 -0.000276574 0.00207693 -0.000406946 -0.000122197 0.000759888 0.00204183 0.00386076 -0.00111593 -0.000397859 5.71229e-05 -0.000222383 0.000120683 -0.000619924
internal_weight=410126 122997 6455 116542 65462 5020 2982 1708 2038 1274 57151 40982 287129 16003
internal_count=410126 122997 6455 116542 65462 5020 2982 1708 2038 1274 57151 40982 287129 16003
is_linear=0
shrinkage=0.05


Tree=10
num_leaves=15
num_cat=0
split_feature=11 10 17 13 22 18 13 13 14 17 5 17 22 11
split_gain=5.18132 5.21799 9.75058 15.9591 8.2855 6.56507 4.69886 4.43198 6.9026 5.95797 4.03093 3.76121 4.45345 8.52691
threshold=0.38521310393701347 1.5000000000000002 0.011481856311468254 1.3384811210997014 0.019980026029934209 0.60586048462703079 2.2005069624301341 1.1606298415074583 0.0058496509058140198 -0.0082623301224157269 0.0044350078633972638 -0.012821596970904346 0.021306054382222109 -0.62107451349327814
decision_type=2 2 2 2 2 2 2 2 2 2 2 2 2 2
left_child=1 5 11 4 -4 7 -2 -1 9 -9 -10 -3 -13 -14
right_child=6 2 3 -5 -6 -7 -8 8 10 -11 -12 12 13 -15
leaf_value=0.00021159426553545751 -0.00037880168198710205 -0.0013612866765352061 0.001580602574618566 0.0076869645645411188 -0.0034410204111316478 -0.0037289103004206903 -0.0039461660466793506 0.0056308300582763541 0.0002221218540452744 0.0014141916840651331 -0.0037577588789459628 -0.00017184181725331347 -0.0044450669296722811 0.0011181127059126381
leaf_weight=114382 58077 6194 5244 970 973 998 937 896 8766 12715 685 186642 730 11933
leaf_count=114382 58077 6194 5244 970 973 998 937 896 8766 12715 685 186642 730 11933
internal_value=-2.02365e-06 7.08331e-05 -8.4675e-05 0.00172548 0.00079426 0.000309736 -0.000435509 0.000339089 0.000971393 0.00169216 -6.67034e-05 -0.00014799 -0.000110277 0.000797079
internal_weight=410142 351128 212686 7187 6217 138442 59014 137444 23062 13611 9451 205499 199305 12663
internal_count=410142 351128 212686 7187 6217 138442 59014 137444 23062 13611 9451 205499 199305 12663
is_linear=0
shrinkage=0.05


Tree=11
num_leaves=15
num_cat=0
split_feature=19 22 22 19 22 22 20 21 22 19 22 19 19 14
split_gain=4.88636 13.017 11.5957 9.87216 7.69471 14.6338 6.53049 6.44694 14.9076 6.37043 6.1477 5.6437 8.8425 6.68275
threshold=-0.0031689393508829151 -0.013009787692178419 -0.00062522156579813959 -0.0027313307792880544 -0.001246851676829752 -1.0000000180025095e-35 -0.011327859930278792 -0.3048329213122668 -0.023954451333595025 0.011088435550877797 -0.0085634188366539004 -0.0043087394022177086 -0.0059648459781788668 -0.0041081670466320266
decision_type=2 2 2 2 2 2 2 2 2 2 2 2 2 2
left_child=2 -2 7 4 -3 -6 9 8 -1 -5 -8 12 -10 -13
right_child=1 3 -4 6 5 -7 10 -9 11 -11 -12 13 -14 -15
leaf_value=0.0062560784324156337 -0.0053823925961205459 -0.00097537440673311929 0.0025430142993081539 -0.00031832226946232583 -0.010025582032887243 -0.00098526332955134964 0.0035868321833766488 4.0519728692039892e-05 0.00039176606409235056 -0.002192482212479749 1.4209520912721158e-05 0.0011783072479848425 0.0047607113287796814 -0.0062336915008370511
leaf_weight=1333 1168 7272 5308 15391 741 1129 1209 111434 7461 6427 248802 602 1370 613
leaf_count=1333 1168 7272 5308 15391 741 1129 1209 111434 7461 6427 248802 602 1370 613
internal_value=-8.78914e-07 -0.000117161 0.000255187 -9.52539e-05 -0.00171128 -0.00457099 -4.08986e-05 0.000156287 0.00128989 -0.000870475 3.15002e-05 0.00063037 0.00107001 -0.0025633
internal_weight=410260 282139 128121 280971 9142 1870 271829 122813 11379 21818 250011 10046 8831 1215
internal_count=410260 282139 128121 280971 9142 1870 271829 122813 11379 21818 250011 10046 8831 1215
is_linear=0
shrinkage=0.05


Tree=12
num_leaves=15
num_cat=0
split_feature=20 22 21 19 19 22 19 21 19 11 11 9 22 9
split_gain=5.12724 12.4518 12.6058 6.09589 13.3514 20.3432 5.42291 11.1339 8.69414 7.16106 6.50823 5.30268 4.65899 6.74226
threshold=-0.0026073344536159944 -0.026534696288983469 -0.20215013170804366 -0.015770480814588091 -0.015369902406364875 -0.017615446075233184 -0.017798949852377007 0.095136983118324678 -0.028811006006034808 -0.42665374864339062 -0.48496297113979497 0.66025641025641035 -0.020409764768525348 0.26282051282051283
decision_type=2 2 2 2 2 2 2 2 2 2 2 2 2 2
left_child=1 2 -1 6 5 -5 7 -2 -9 -8 -10 12 13 -11
right_child=3 -3 -4 4 -6 -7 9 8 10 11 -12 -13 -14 -15
leaf_value=0.0049940915369308357 0.0015305438272363073 -0.00033611841973537953 0.00012911237766886181 0.012388432250306454 0.0001692321337700139 -0.00098756707917585095 0.0034051099328811377 -0.0046509481559167407 0.0027787641195781516 -0.010130284063669429 -0.0015581599498503036 0.00082458507003421201 -0.0022533572113731869 -0.0029937345957059122
leaf_weight=2224 5120 133858 3316 559 253188 577 513 1709 1151 565 3472 811 2263 800
leaf_count=2224 5120 133858 3316 559 253188 577 513 1709 1151 565 3472 811 2263 800
internal_value=6.39552e-06 -0.000239976 0.00208268 0.000133253 0.00019351 0.00559957 -0.00080092 -0.000203052 -0.00160484 -0.00218323 -0.000478018 -0.00282968 -0.00364655 -0.00595294
internal_weight=410126 139398 5540 270728 254324 1136 16404 11452 6332 4952 4623 4439 3628 1365
internal_count=410126 139398 5540 270728 254324 1136 16404 11452 6332 4952 4623 4439 3628 1365
is_linear=0
shrinkage=0.05


Tree=13
num_leaves=15
num_cat=0
split_feature=20 22 21 18 9 21 19 19 22 19 21 22 18 20
split_gain=4.77384 9.73863 12.4508 5.43916 10.0861 7.0558 5.23431 12.4257 20.9463 6.33413 10.4001 8.31548 6.7609 6.31692
threshold=-0.0025215471220158543 -0.026534696288983469 -0.20215013170804366 -0.678561024072874 0.69871794871794879 -0.78301207392202421 -0.015770480814588091 -0.015369902406364875 -0.017615446075233184 -0.017798949852377007 0.095136983118324678 -0.029506454416010127 0.16441940697746146 0.0017207738418164589
decision_type=2 2 2 2 2 2 2 2 2 2 2 2 2 2
left_child=1 2 -1 4 -3 -6 9 8 -8 10 -2 -12 13 -11
right_child=6 3 -4 -5 5 -7 7 -9 -10 12 11 -13 -14 -15
leaf_value=0.00463881848518865 0.0015655245833149118 -0.00021130082661587578 -0.00012908671534593756 -0.00027810926746000604 -0.0024854892053745542 -0.010506768950975492 0.012342082434603925 0.00015180424170781597 -0.0012157706576184952 -0.0013438741677367222 -0.003026274560678362 0.0005975555960843989 -9.5792022519032016e-05 -0.0060655287093862101
leaf_weight=2286 5174 1882 3412 132001 588 514 554 251705 585 1346 3627 2808 2112 1496
leaf_count=2286 5174 1882 3412 132001 588 514 554 251705 585 1346 3627 2808 2112 1496
internal_value=-4.29135e-06 -0.000240364 0.00178424 -0.00032584 -0.00243646 -0.00623295 0.000118985 0.000175394 0.0053837 -0.000742086 -0.00010329 -0.00144512 -0.00223869 -0.00383056
internal_weight=410090 140683 5698 134985 2984 1102 269407 252844 1139 16563 11609 6435 4954 2842
internal_count=410090 140683 5698 134985 2984 1102 269407 252844 1139 16563 11609 6435 4954 2842
is_linear=0
shrinkage=0.05


Tree=14
num_leaves=15
num_cat=0
split_feature=17 22 22 22 21 10 22 22 17 13 9 22 22 22
split_gain=4.76281 6.92232 8.16142 7.26102 7.14459 6.61129 6.42188 6.14159 5.44911 11.9787 8.99475 5.22705 7.74281 5.19226
threshold=0.0029692875441410531 0.0092420802283824672 0.0090451555060858686 -0.026534696288983469 0.39434596451107834 2.5000000000000004 0.014380830103158051 0.0095209649417882253 0.010479764971520479 1.5050407352899422 0.25000000000000006 0.035940183515538189 0.029497982187397746 0.0090451555060858686
decision_type=2 2 2 2 2 2 2 2 2 2 2 2 2 2
left_child=5 2 3 4 -2 6 7 13 -5 10 -10 12 -7 -1
right_child=1 -3 -4 8 -6 11 -8 -9 9 -11 -12 -13 -14 -15
leaf_value=3.3903887456990874e-05 -0.0006495469041583184 -0.00041529643956487035 0.0056129477186659176 0.0004090584534521355 -0.006143422403925008 -0.00040121416365200395 0.00084173904802270114 -0.00096801761196403571 0.0063610254785838359 0.0084453620415354223 0.0007175487354281764 0.002636063609333673 -0.0041731952751357096 0.0031623913518810439
leaf_weight=139351 4476 28156 769 70320 681 113662 23652 16072 774 613 7941 1391 1376 1338
leaf_count=139351 4476 28156 769 70320 681 113662 23652 16072 774 613 7941 1391 1376 1338
internal_value=-1.0377e-05 0.000264748 0.000488502 0.000441969 -0.00137608 -0.000115787 7.37732e-05 -4.21016e-05 0.000559698 0.00169515 0.00121943 -0.000409519 -0.000446368 6.36791e-05
internal_weight=410572 113730 85574 84805 5157 296842 180413 156761 79648 9328 8715 116429 115038 140689
internal_count=410572 113730 85574 84805 5157 296842 180413 156761 79648 9328 8715 116429 115038 140689
is_linear=0
shrinkage=0.05


Tree=15
num_leaves=15
num_cat=0
split_feature=17 11 14 11 18 9 11 18 11 13 11 17 13 13
split_gain=4.5554 5.12149 3.68015 6.51668 5.07748 5.51732 4.69571 3.43243 3.09175 2.97041 5.05388 4.31762 4.2147 4.11487
threshold=0.0031394545230130082 0.33895810764962914 -0.023991525291294332 -0.69315592758838906 -0.35797718524143435 0.5064102564102565 -0.20269975870927939 -0.78645164544618351 -0.92473859748151066 0.98263994388365672 1.7583821090086842 -0.011030888605742971 1.3717241742661119 1.219085716077146
decision_type=2 2 2 2 2 2 2 2 2 2 2 2 2 2
left_child=1 2 4 -4 5 6 -1 -5 -6 10 -3 12 -11 -13
right_child=-2 9 3 7 8 -7 -8 -9 -10 11 -12 13 -14 -15
leaf_value=0.0070122615520716502 0.00028407158196687524 -0.00039086146919556689 -0.0020377456212804131 -0.0032083659728886962 -0.0011686877346611042 0.00061352799699581175 0.0016632375006429138 -3.8954816825371583e-05 0.00035359199418802118 -0.00163552968556078 0.0026421962432314969 -0.0016354368539953778 -0.0073027460139412654 -9.9907344645175995e-05
leaf_weight=811 108855 31518 4223 857 3626 2627 831 195382 41498 903 1435 8313 515 9181
leaf_count=811 108855 31518 4223 857 3626 2627 831 195382 41498 903 1435 8313 515 9181
internal_value=6.79558e-06 -9.32411e-05 6.15078e-07 -9.46375e-05 0.000387193 0.00203516 0.00430783 -5.28123e-05 0.000231244 -0.000545376 -0.000258705 -0.00104484 -0.00369749 -0.00082963
internal_weight=410575 301720 249855 200462 49393 4269 1642 196239 45124 51865 32953 18912 1418 17494
internal_count=410575 301720 249855 200462 49393 4269 1642 196239 45124 51865 32953 18912 1418 17494
is_linear=0
shrinkage=0.05


Tree=16
num_leaves=15
num_cat=0
split_feature=19 22 22 19 13 22 13 4 20 20 13 4 21 22
split_gain=4.53556 13.7635 10.0825 7.69623 12.5081 6.68386 5.77126 8.14761 10.9065 8.46707 5.39361 4.88113 4.77572 7.90259
threshold=-0.0031689393508829151 -0.013009787692178419 -0.001994881236451806 -0.0017476816039254104 1.6815951236703517 -0.0072710932400419917 1.3171897438633475 0.0024786444403614811 0.013706028312439391 -0.0067444348660346534 0.96648759185531674 0.0028900857956419283 -0.31143932449797945 -0.023954451333595025
decision_type=2 2 2 2 2 2 2 2 2 2 2 2 2 2
left_child=2 10 6 4 -3 -5 12 -8 9 -9 -2 -4 13 -1
right_child=1 3 11 5 -6 -7 7 8 -10 -11 -12 -13 -14 -15
leaf_value=0.0051938100526000017 -0.0018886881236672625 -0.00066216050216991867 0.0014595768111673206 0.0036694109000960221 -0.0064592688953878782 -1.4989754762654331e-05 0.00019149542084479485 0.0051887904504428588 0.0074625292474186661 0.00060123007158154323 -0.0086237623095977867 0.0048533460268100201 -0.00012925922641276135 0.00054704132464244331
leaf_weight=1027 561 28420 5877 1236 961 250914 13931 1261 885 4956 633 1292 89995 8325
leaf_count=1027 561 28420 5877 1236 961 250914 13931 1261 885 4956 633 1292 89995 8325
internal_value=2.77873e-06 -0.000108883 0.000250287 -8.61542e-05 -0.000851987 3.08508e-06 0.000141794 0.000894184 0.00227233 0.00153241 -0.00546352 0.00207179 -1.75032e-05 0.00105783
internal_weight=410274 282725 127549 281531 29381 252150 120380 21033 7102 6217 1194 7169 99347 9352
internal_count=410274 282725 127549 281531 29381 252150 120380 21033 7102 6217 1194 7169 99347 9352
is_linear=0
shrinkage=0.05


Tree=17
num_leaves=15
num_cat=0
split_feature=11 19 19 13 17 5 17 19 11 21 20 17 21 19
split_gain=4.33208 4.27 8.62378 6.85401 8.06875 5.32898 4.31322 5.76925 4.59368 5.11711 4.2286 4.13735 16.855 5.28414
threshold=0.41674857223619416 -0.0031689393508829151 -0.0026413067261332186 1.002705101660381 -0.0032131904716193867 0.0059175698515808112 0.0028550289804677447 -0.015369902406364875 -0.62107451349327814 0.25324472809488102 0.0083350926104180951 0.012730570588721736 0.2839318095768722 -0.015770480814588091
decision_type=2 2 2 2 2 2 2 2 2 2 2 2 2 2
left_child=1 3 -3 6 5 -5 -1 10 9 -9 -8 -6 -13 -14
right_child=-2 2 -4 4 11 -7 7 8 -10 -11 -12 12 13 -15
leaf_value=-0.00029379769727272366 -0.00044186181784310161 -0.0014559357876858278 -2.1618681188122086e-06 0.0016554470320205403 0.00024698771405457377 0.0059038974828915618 0.00062233194425574201 0.0074421829879966041 0.00066999880235021946 0.0013833328702592797 -0.0030526371523810249 0.010156307348389184 -0.0029711622243979467 0.0028454412252216089
leaf_weight=44165 51204 10654 239425 10356 29994 794 1419 540 16920 981 1744 539 788 772
leaf_count=44165 51204 10654 239425 10356 29994 794 1419 540 16920 981 1744 539 788 772
internal_value=-1.16167e-05 4.97344e-05 -6.41019e-05 0.000310879 0.000799814 0.00195848 -1.06022e-05 0.00056832 0.000906719 0.00353788 -0.00140428 0.000397211 0.00254271 -9.27104e-05
internal_weight=410295 359091 250079 109012 43243 11150 65769 21604 18441 1521 3163 32093 2099 1560
internal_count=410295 359091 250079 109012 43243 11150 65769 21604 18441 1521 3163 32093 2099 1560
is_linear=0
shrinkage=0.05


Tree=18
num_leaves=15
num_cat=0
split_feature=10 20 20 13 11 22 20 19 19 22 18 7 22 9
split_gain=4.10718 9.34062 8.54385 5.30044 6.26868 5.29974 5.16911 7.10372 9.22552 6.06445 5.87148 5.63032 5.31713 5.25518
threshold=1.5000000000000002 0.022606724889857491 0.027853144365438291 1.9504839045736471 0.58292777683649721 -0.0077084033250290887 0.001039453524310008 -0.011059709807911154 -0.010304770249569826 -0.023377291976868494 -0.4282281257131042 0.21248837971850895 -0.011520512390514602 0.18589743589743593
decision_type=2 2 2 2 2 2 2 2 2 2 2 2 2 2
left_child=1 3 6 -1 -5 -4 7 10 12 11 -2 -8 -9 -10
right_child=2 -3 5 4 -6 -7 9 8 13 -11 -12 -13 -14 -15
leaf_value=0.00026189405945939513 0.0041058499130709417 -0.0051205150923990458 0.007555693657594828 -0.00068655802683930767 -0.0066839855866285122 0.00082025326165583888 -0.0005475881388280091 -0.0010321025569632331 -0.001189705380622369 0.00019432394138387939 0.00036597467284625503 -0.0040525925280544351 -0.0056256784096464993 -0.00027535559252178855
leaf_weight=158149 1126 820 575 1861 568 593 4564 1186 18722 106038 15262 1529 1344 97808
leaf_count=158149 1126 820 575 1861 568 593 4564 1186 18722 106038 15262 1529 1344 97808
internal_value=2.66363e-06 0.000199091 -0.000124787 0.000226287 -0.00209118 0.0041397 -0.000144922 -0.000352794 -0.000487135 0.000106176 0.000623172 -0.00142767 -0.00347358 -0.000422266
internal_weight=410145 161398 248747 160578 2429 1168 247579 135448 119060 112131 16388 6093 2530 116530
internal_count=410145 161398 248747 160578 2429 1168 247579 135448 119060 112131 16388 6093 2530 116530
is_linear=0
shrinkage=0.05


Tree=19
num_leaves=15
num_cat=0
split_feature=10 20 12 13 22 19 19 22 18 22 22 22 18 22
split_gain=3.60538 7.52081 4.51358 3.47112 3.99304 6.89783 7.7793 6.252 4.70047 4.30583 4.9131 3.44885 4.41538 4.28276
threshold=2.5000000000000004 -0.00044285326003051789 0.077087298858586242 1.0470653086992794 -0.0028981552043372823 -0.0030796110586879251 -0.0044230765082904347 -0.003171995616077949 -0.14649570958848956 0.0085036783938022848 0.0081130223384630069 0.027476766385362564 0.0042210434908187232 0.033548887810287871
decision_type=2 2 2 2 2 2 2 2 2 2 2 2 2 2
left_child=2 -2 11 4 7 6 -6 8 -3 10 -7 -1 13 -13
right_child=1 3 -4 -5 5 9 -8 -9 -10 -11 -12 12 -14 -15
leaf_value=0.0001108613045205659 -0.00054285521163872257 -0.0032117946800889544 -0.0021765541089101225 -0.00036659954082132756 -5.5072012088173402e-05 -0.00042205143347643118 0.0074462703884473798 0.0054319611344307147 0.00086406999146932295 0.00050921653838661605 -0.0050172036284019004 0.0062926557706476432 0.00048278708338733055 0.00046931566121580437
leaf_weight=239194 77917 732 2127 24820 728 21353 657 728 20249 17202 597 785 3032 528
leaf_count=239194 77917 732 2127 24820 728 21353 657 728 20249 17202 597 785 3032 528
internal_value=-5.21943e-06 -0.000186004 0.000116191 0.000133351 0.000332704 3.96363e-05 0.00350613 0.00087992 0.000721722 -8.30772e-05 -0.000547254 0.000136224 0.00153212 0.00395304
internal_weight=410649 164983 245666 87066 62246 40537 1385 21709 20981 39152 21950 243539 4345 1313
internal_count=410649 164983 245666 87066 62246 40537 1385 21709 20981 39152 21950 243539 4345 1313
is_linear=0
shrinkage=0.05


Tree=20
num_leaves=15
num_cat=0
split_feature=11 22 22 13 22 11 20 14 11 18 22 20 11 22
split_gain=3.59278 4.43022 8.69331 5.20245 7.79576 3.43565 2.99683 2.59191 7.90543 5.10948 7.37025 4.36801 3.78026 3.57377
threshold=0.41674857223619416 -0.00030812269033381185 -0.0014157706227118092 1.6815951236703517 0.0074663581454824665 1.033669526554259 -0.014606855097015923 -0.023991525291294332 -0.69315592758838906 -0.35797718524143435 -0.023954451333595025 -0.003456695966597811 -0.60076128894494452 0.0062182625879680939
decision_type=2 2 2 2 2 2 2 2 2 2 2 2 2 2
left_child=7 2 5 -3 -5 6 -2 9 -9 10 -1 13 -12 -10
right_child=1 3 -4 4 -6 -7 -8 8 11 -11 12 -13 -14 -15
leaf_value=0.006671427748838968 0.0022559112251612371 -0.00065721720601896782 0.0036158457615762698 -0.0070783753182609606 -0.00025108451471461956 0.0014518995016550289 -0.00052936116360920789 -0.0018347143271921244 -0.00052876154797109221 0.0002185839219078313 0.0048607288702264681 0.00015237764762074382 0.00038924008014981919 0.00017797360038551463
leaf_weight=703 1016 24778 1633 805 869 2897 19173 5815 52097 69111 558 199888 3062 27240
leaf_count=703 1016 24778 1633 805 869 2897 19173 5815 52097 69111 558 199888 3062 27240
internal_value=2.08207e-06 -0.000389835 9.14315e-05 -0.000839557 -0.00353649 -0.000158016 -0.000389089 5.80278e-05 -1.02137e-05 0.000322909 0.0019903 2.77889e-05 0.00107964 -0.000286108
internal_weight=409645 51171 24719 26452 1674 23086 20189 358474 285040 73434 4323 279225 3620 79337
internal_count=409645 51171 24719 26452 1674 23086 20189 358474 285040 73434 4323 279225 3620 79337
is_linear=0
shrinkage=0.05


Tree=21
num_leaves=15
num_cat=0
split_feature=19 22 22 19 13 13 17 10 4 19 9 22 10 9
split_gain=3.60118 11.5339 8.47438 6.80781 9.39317 5.96885 9.36495 7.83264 5.94086 5.33723 5.80626 4.81254 4.54309 13.4668
threshold=-0.0031689393508829151 -0.013009787692178419 -0.00062522156579813959 -0.0017476816039254104 1.6815951236703517 1.0063066912393439 -0.0032131904716193867 3.5000000000000004 0.0041469431137572442 -0.001678312209055066 0.37820512820512825 -0.0098268071371325743 2.5000000000000004 0.31410256410256415
decision_type=2 2 2 2 2 2 2 2 2 2 2 2 2 2
left_child=2 -2 5 4 11 -1 7 -7 -9 10 -5 -3 -4 -14
right_child=1 3 12 9 -6 6 -8 8 -10 -11 -12 -13 13 -15
leaf_value=-0.00014900748325937814 -0.0050723261540940338 0.002492983825698888 0.0012042204300382981 -0.00075350162765942515 -0.0057334121835663715 0.0027037066747266402 0.00016787762044779951 -0.00067539246333479352 0.00497561025917285 -1.2525174635821435e-05 0.0055187682263497517 -0.00077270832034671399 0.010969831361812319 0.0012353534085286068
leaf_weight=73386 1160 1176 3664 624 933 7867 36900 3697 531 250385 901 27199 524 1100
leaf_count=73386 1160 1176 3664 624 933 7867 36900 3697 531 250385 901 27199 524 1100
internal_value=6.29294e-07 -9.90036e-05 0.000220996 -7.84711e-05 -0.000799701 0.000136309 0.000563659 0.00177101 3.5333e-05 5.44185e-06 0.00295347 -0.000637279 0.00218052 0.0043811
internal_weight=410047 282378 127669 281218 29308 122381 48995 12095 4228 251910 1525 28375 5288 1624
internal_count=410047 282378 127669 281218 29308 122381 48995 12095 4228 251910 1525 28375 5288 1624
is_linear=0
shrinkage=0.05


Tree=22
num_leaves=15
num_cat=0
split_feature=22 22 19 22 22 10 9 19 22 22 22 18 22 13
split_gain=3.83642 9.03313 3.40373 9.57372 8.08492 8.48142 16.3353 7.47225 6.12642 5.47835 11.4394 5.2522 10.239 4.53126
threshold=0.035940183515538189 0.034711730432517525 -0.0030796110586879251 -0.013009787692178419 -0.001994881236451806 2.5000000000000004 0.26282051282051283 -0.0027313307792880544 -0.0085634188366539004 -0.001246851676829752 -1.0000000180025095e-35 -0.32986790042828629 -0.023954451333595025 0.96648759185531674
decision_type=2 2 2 2 2 2 2 2 2 2 2 2 2 2
left_child=1 2 4 13 11 -6 -7 9 -9 -5 -11 12 -1 -4
right_child=-2 -3 3 7 5 6 -8 8 -10 10 -12 -13 -14 -15
leaf_value=0.0048860044211959698 0.001760793026670143 -0.004469508307784054 -0.0013842930262906272 -0.00085999559477520577 0.0007919037267189946 0.012323101640662991 0.0019391758043543459 0.0035106929231949881 -5.6638567251368377e-05 -0.0087309395116121694 -0.00078113469991199279 1.3894731217416037e-05 0.00049482194348331556 -0.0076202734309076849
leaf_weight=1601 3056 1135 562 5759 5564 508 1482 1208 266375 754 1130 112442 7749 605
leaf_count=1601 3056 1135 562 5759 5564 508 1482 1208 266375 754 1130 112442 7749 605
internal_value=-3.86326e-06 -1.71218e-05 -4.65582e-06 -0.000103725 0.000207039 0.0017942 0.0045948 -8.45543e-05 -4.05208e-05 -0.00162597 -0.00396569 0.000108583 0.00124717 -0.00462093
internal_weight=409930 406874 405739 276393 129346 7554 1990 275226 267583 7643 1884 121792 9350 1167
internal_count=409930 406874 405739 276393 129346 7554 1990 275226 267583 7643 1884 121792 9350 1167
is_linear=0
shrinkage=0.05


Tree=23
num_leaves=15
num_cat=0
split_feature=10 17 21 13 4 13 22 17 22 22 17 17 17 13
split_gain=3.34077 5.75176 5.75248 4.75026 6.98685 4.92892 6.52988 9.27329 5.56123 7.40638 5.77102 5.00354 4.54357 9.45637
threshold=1.5000000000000002 0.011481856311468254 0.45341385324242806 1.9504839045736471 0.0030121765779203601 1.1753388276312158 -0.020017855619632815 -0.0024817621786349382 -0.016034149020032636 -0.016623826041353037 -0.012181110908816793 0.0055153546509075788 0.011481856311468254 1.5050407352899422
decision_type=2 2 2 2 2 2 2 2 2 2 2 2 2 2
left_child=1 3 -3 5 -5 8 7 -7 9 10 -1 -12 -2 -14
right_child=12 2 -4 4 -6 6 -8 -9 -10 -11 11 -13 13 -15
leaf_value=0.0043694434158378049 -0.00016319612886481381 -0.00075392624506429875 -0.0055508250075307726 -0.00046835000704211589 -0.0068073890669696525 0.0062585296098955486 0.0005328655950636071 0.0011138090671749391 0.00022236473795438419 -0.0059200442172782052 -0.0014172635248041884 0.0016329351350459174 0.00048901110348799554 0.0063602280052628473
leaf_weight=548 241461 2952 792 1782 574 1274 20564 2800 119594 703 7956 1617 6782 762
leaf_count=548 241461 2952 792 1782 574 1274 20564 2800 119594 703 7956 1617 6782 762
internal_value=-1.0644e-05 0.000166732 -0.00176987 0.000212805 -0.00201498 0.000246668 0.000895239 0.00272378 0.000124136 -0.000961105 -0.000616109 -0.00090193 -0.000125442 0.00108281
internal_weight=410161 161156 3744 157412 2356 155056 24638 4074 130418 10824 10121 9573 249005 7544
internal_count=410161 161156 3744 157412 2356 155056 24638 4074 130418 10824 10121 9573 249005 7544
is_linear=0
shrinkage=0.05


Tree=24
num_leaves=15
num_cat=0
split_feature=19 20 19 17 13 10 20 19 14 21 19 13 20 10
split_gain=3.17724 5.76219 5.77553 9.93957 5.71604 5.46788 11.7759 5.35848 6.53014 6.28422 4.79895 4.65245 7.27107 20.4361
threshold=-0.0031689393508829151 -0.011327859930278792 -0.0027313307792880544 -0.0025992089589464413 0.78722348826816646 3.5000000000000004 0.00030412385422140536 -0.0041530809849009689 -0.027774298017709028 -0.3048329213122668 -0.019340890612886571 1.3260006947528837 0.015710745180015476 1.5000000000000002
decision_type=2 2 2 2 2 2 2 2 2 2 2 2 2 2
left_child=7 4 3 -3 -2 -5 -7 9 -9 10 -1 -11 -13 -14
right_child=1 2 -4 5 -6 6 -8 8 -10 11 -12 12 13 -15
leaf_value=0.0052029689657320981 2.2300226413276081e-05 -0.0069256048998077822 2.3929773953199747e-05 8.4775148212126505e-05 -0.0015370566169032687 0.0015707727371346855 -0.0064764352823316121 0.0031695741874578766 0.00056931165161390885 -0.00017089136754307321 0.00098082480071351929 0.00046161213451252766 -0.0026509699597873425 0.011205710211483241
leaf_weight=723 10737 729 251270 4940 12982 784 1080 3068 11325 85530 9573 16843 500 567
leaf_count=723 10737 729 251270 4940 12982 784 1080 3068 11325 85530 9573 16843 500 567
internal_value=8.32902e-06 -8.53314e-05 -1.69701e-05 -0.00138104 -0.000831203 -0.000786054 -0.00309275 0.000214847 0.00112376 9.98176e-05 0.00127779 -1.74438e-05 0.00071532 0.00471602
internal_weight=410651 282522 258803 7533 23719 6804 1864 128129 14393 113736 10296 103440 17910 1067
internal_count=410651 282522 258803 7533 23719 6804 1864 128129 14393 113736 10296 103440 17910 1067
is_linear=0
shrinkage=0.05


Tree=25
num_leaves=15
num_cat=0
split_feature=10 17 17 22 22 11 5 21 13 22 17 13 13 7
split_gain=3.38034 6.07309 4.09895 9.99665 5.99541 6.20727 4.77031 4.11661 8.06418 4.82669 4.86186 4.22446 4.00121 5.2496
threshold=1.5000000000000002 0.016425891622111947 0.0043100914085993933 -0.025747580640957498 -0.00056692219691223389 -0.62107451349327814 0.003287691308529244 0.22457120433178546 1.4755346275238124 -0.0093947345948580657 0.014897816151785872 0.91395331725450546 1.9504839045736471 -0.62196728785992172
decision_type=2 2 2 2 2 2 2 2 2 2 2 2 2 2
left_child=1 12 -2 -4 5 -5 -6 8 -7 10 11 -9 13 -1
right_child=2 -3 3 4 6 7 -8 9 -10 -11 -12 -13 -14 -15
leaf_value=0.004730687456654066 -0.00021848142253881979 -0.0044105062751981566 -0.0030715662073883903 0.0039579512391522713 0.00018462036540011368 0.0012333055567085307 -0.0018345436281800309 0.00015567560116795871 0.0072374979084528883 0.0010920334845065068 0.0036180999640540302 -0.0027047031374105839 -0.0018450464566785202 0.00020716430165415199
leaf_weight=643 200716 718 2104 1672 19351 7405 3445 2504 604 7391 551 2663 2367 157523
leaf_count=643 200716 718 2104 1672 19351 7405 3445 2504 604 7391 551 2663 2367 157523
internal_value=-3.7583e-06 0.000174508 -0.000119479 0.000297197 0.000452745 0.00102621 -0.000120589 0.000793915 0.00168696 0.000248218 -0.000842485 -0.00131876 0.000195042 0.000225584
internal_weight=409657 161251 248406 47690 45586 22790 22796 21118 8009 13109 5718 5167 160533 158166
internal_count=409657 161251 248406 47690 45586 22790 22796 21118 8009 13109 5718 5167 160533 158166
is_linear=0
shrinkage=0.05


Tree=26
num_leaves=15
num_cat=0
split_feature=11 19 20 17 20 19 22 19 10 19 22 19 17 19
split_gain=3.12518 4.32891 5.00308 6.62505 3.02512 2.90222 6.03925 7.11285 9.42068 7.16043 5.93361 4.27551 5.14276 2.92805
threshold=0.38521310393701347 0.013455397514045455 -0.018061673247038165 -0.0080409320208080209 0.0048739904828056799 -0.0092689585092878262 -0.00030812269033381185 0.003878626571206079 1.0000000180025095e-35 0.0037095677281956401 -0.0014157706227118092 -0.017798949852377007 0.0010655862186554901 -0.028811006006034808
decision_type=2 2 2 2 2 2 2 2 2 2 2 2 2 2
left_child=-1 4 -3 -4 5 11 10 8 -8 -10 -7 13 -13 -2
right_child=1 2 3 -5 -6 6 7 -9 9 -11 -12 12 -14 -15
leaf_value=6.6831560184165288e-05 -0.0012567997832816842 0.0024182615083987004 -0.007872675842224619 -0.0017098707731300431 0.0004461818693838501 0.0002619852954741116 0.0014800363558052285 0.00011931099174575199 -0.0020429818512183932 -0.0079241977761610235 0.0038535719828877687 -0.0011284506507709894 -0.0047305515838316162 0.0035821791353675991
leaf_weight=350951 590 575 510 2982 13309 11989 1883 11140 7705 554 1271 4539 1267 663
leaf_count=350951 590 575 510 2982 13309 11989 1883 11140 7705 554 1271 4539 1267 663
internal_value=1.02372e-05 -0.000326531 -0.00190034 -0.00261193 -0.000209932 -0.000419842 -0.000231033 -0.000752879 -0.00171081 -0.0024384 0.000606511 -0.00134358 -0.00191519 0.00130446
internal_weight=409928 58977 4067 3492 54910 41601 34542 21282 10142 8259 13260 7059 5806 1253
internal_count=409928 58977 4067 3492 54910 41601 34542 21282 10142 8259 13260 7059 5806 1253
is_linear=0
shrinkage=0.05


Tree=27
num_leaves=15
num_cat=0
split_feature=11 19 20 20 19 22 19 10 13 22 19 13 20 20
split_gain=2.96332 4.0602 3.98043 6.15298 3.28692 5.84646 6.28623 10.808 11.9429 4.74256 4.65774 4.36111 3.89901 4.56098
threshold=0.38521310393701347 0.013455397514045455 -0.017263253443804857 -0.011327859930278792 -0.0092689585092878262 -0.00030812269033381185 0.003878626571206079 1.0000000180025095e-35 0.95055104260658785 -0.0014157706227118092 0.0026159769502629442 1.8648274647779963 -0.016067510752134469 0.0069318434932453829
decision_type=2 2 2 2 2 2 2 2 2 2 2 2 2 2
left_child=-1 4 -3 -4 12 9 7 -7 -9 -6 11 -10 -2 -14
right_child=1 2 3 -5 5 6 -8 8 10 -11 -12 -13 13 -15
leaf_value=5.7927056469343947e-05 0.0030186591171929779 0.0018212131491311132 -0.0075711677385704931 -0.0016317356359539074 0.0003970781248988335 0.0016724147488356954 0.00021511177116428283 -0.00071288774199984627 -0.0027493201144984723 0.0031581712404388437 -0.0086376939882670326 -0.0077101431523983344 -0.0018872007873416672 0.00071042073824293056
leaf_weight=351441 559 623 512 2914 16698 2419 14162 6249 2692 1714 527 530 7183 2209
leaf_count=351441 559 623 512 2914 16698 2419 14162 6249 2692 1714 527 530 7183 2209
internal_value=2.88338e-06 -0.000325037 -0.00185286 -0.00252131 -0.000212411 -3.05235e-05 -0.000504905 -0.00132606 -0.00205163 0.00065427 -0.00428232 -0.00356749 -0.00103468 -0.00127623
internal_weight=410432 58991 4049 3426 54942 44991 26579 12417 9998 18412 3749 3222 9951 9392
internal_count=410432 58991 4049 3426 54942 44991 26579 12417 9998 18412 3749 3222 9951 9392
is_linear=0
shrinkage=0.05


Tree=28
num_leaves=15
num_cat=0
split_feature=10 20 11 12 13 9 3 20 17 11 22 8 5 22
split_gain=3.12961 6.46634 3.77481 3.50135 3.52935 5.24863 4.53578 4.92045 8.47691 4.40799 3.90802 6.47243 4.12407 5.60758
threshold=2.5000000000000004 -0.00044285326003051789 -1.9688935617542274 0.077087298858586242 0.79768577048663392 0.19871794871794876 -0.0077794091650956734 -0.011902157508864307 -0.0092704104127101488 0.096254479197228418 -0.037374638252356367 0.53510414829306063 0.0040459069097786137 -0.016623826041353037
decision_type=2 2 2 2 2 2 2 2 2 2 2 2 2 2
left_child=2 -2 -1 4 5 9 -6 -8 -9 -4 11 -10 -12 -14
right_child=1 -3 3 -5 6 -7 7 8 10 -11 12 -13 13 -15
leaf_value=-0.0034060475736326849 -0.00050112855374017968 0.00012617026947424822 -0.0002304503285694312 -0.0019023467802269886 0.0011717664996708133 9.1253187598886514e-05 -0.001337272661484098 0.0052980255974460003 0.00098663038522796742 -0.0017939862964013846 0.00019555605274627241 -0.004789082026224814 0.0036376958516592438 0.00063006995615453286
leaf_weight=759 77686 87187 12065 2114 13931 94089 4878 836 945 7196 98849 995 2023 6617
leaf_count=759 77686 87187 12065 2114 13931 94089 4878 836 945 7196 98849 995 2023 6617
internal_value=-9.43592e-07 -0.000169406 0.000112286 0.00012322 0.000140892 -6.26895e-05 0.000319671 0.000216568 0.00028532 -0.000814658 0.000246977 -0.0019766 0.000287126 0.00133463
internal_weight=410170 164873 245297 244538 242424 113350 129074 115143 110265 19261 109429 1940 107489 8640
internal_count=410170 164873 245297 244538 242424 113350 129074 115143 110265 19261 109429 1940 107489 8640
is_linear=0
shrinkage=0.05


Tree=29
num_leaves=15
num_cat=0
split_feature=19 22 22 19 13 13 21 22 22 22 20 20 21 4
split_gain=3.16717 9.5912 7.29413 5.82503 6.91417 4.98062 7.74853 8.02423 4.83748 4.18626 8.47197 6.58016 19.2404 5.49916
threshold=-0.0031689393508829151 -0.013009787692178419 -0.00062522156579813959 -0.0017476816039254104 1.6815951236703517 1.0063066912393439 -0.092210221823717312 -0.030673863990566704 -0.0044739877203233127 -0.029506454416010127 0.0092609851373592917 0.014071119116780053 0.27041860312028648 0.0030463068330276468
decision_type=2 2 2 2 2 2 2 2 2 2 2 2 2 2
left_child=2 -2 5 4 -3 -1 7 -7 -5 10 -8 -11 -13 -14
right_child=1 3 -4 8 -6 6 9 -9 -10 11 -12 12 13 -15
leaf_value=-0.00013153863517740636 -0.0045524639661744006 -0.00060091818520399101 0.0020243509923555995 0.001282230749517186 -0.0049755138459930065 0.0050509590716513349 -7.9667269616678181e-05 0.0011133057658995946 -3.2821100655788517e-05 0.00014008566246494748 -0.0049616064867468081 0.011435855637718156 -0.0014835507953861508 0.0044910209483639621
leaf_weight=73304 1199 28347 5298 7198 932 1446 3821 12233 244584 28218 1157 514 1191 568
leaf_count=73304 1199 28347 5298 7198 932 1446 3821 12233 244584 28218 1157 514 1191 568
internal_value=1.60074e-06 -9.18891e-05 0.000208163 -7.28443e-05 -0.000740334 0.000129568 0.000519002 0.00152989 4.77884e-06 0.000129109 -0.00121511 0.000348601 0.002936 0.000447158
internal_weight=410010 282260 127750 281061 29279 122452 49148 13679 251782 35469 4978 30491 2273 1759
internal_count=410010 282260 127750 281061 29279 122452 49148 13679 251782 35469 4978 30491 2273 1759
is_linear=0
shrinkage=0.05


Tree=30
num_leaves=15
num_cat=0
split_feature=22 22 9 18 20 22 21 19 19 9 19 18 22 18
split_gain=2.69506 7.3151 2.94264 3.68696 2.71408 7.02017 8.30275 4.7669 8.5526 14.8993 5.31158 8.31408 4.87741 4.67569
threshold=0.035940183515538189 0.034711730432517525 0.37820512820512825 0.054365618071769199 -0.0026073344536159944 -0.025747580640957498 -0.20215013170804366 -0.015770480814588091 -0.015369902406364875 0.42948717948717957 -0.017798949852377007 0.09964731447651877 -0.047596385518319843 0.16441940697746146
decision_type=2 2 2 2 2 2 2 2 2 2 2 2 2 2
left_child=1 4 -2 -4 5 6 -1 10 9 -9 11 -6 -13 -12
right_child=2 -3 3 -5 7 -7 -8 8 -10 -11 13 12 -14 -15
leaf_value=0.0037250450286662449 -0.00038321228579900845 -0.0040273025293542045 0.0058296021184395322 0.0010981107847012896 0.0012616594037827692 -0.00025870784497916205 -7.2017525589813139e-05 -0.0018777354598211852 0.00012473954720980323 0.0096482216612529016 -0.003407829393847631 -0.0057371427451890812 -0.00095715854869746295 -0.00030561478196477251
leaf_weight=2455 1254 1131 636 1166 5501 131632 3479 508 250335 624 2875 591 5425 2103
leaf_count=2455 1254 1131 636 1166 5501 131632 3479 508 250335 624 2875 591 5425 2103
internal_value=-2.42199e-06 -1.35404e-05 0.00147662 0.00277036 -2.33631e-06 -0.000182867 0.00149926 9.03444e-05 0.000144357 0.0044787 -0.000733039 -0.000143105 -0.00142761 -0.0020976
internal_weight=409715 406659 3056 1802 405528 137566 5934 267962 251467 1132 16495 11517 6016 4978
internal_count=409715 406659 3056 1802 405528 137566 5934 267962 251467 1132 16495 11517 6016 4978
is_linear=0
shrinkage=0.05


Tree=31
num_leaves=15
num_cat=0
split_feature=10 20 20 12 20 21 13 11 7 13 5 17 12 14
split_gain=2.27956 6.6203 4.47112 4.48428 3.22561 4.49315 3.22258 4.61551 4.15464 3.74726 4.78868 5.07743 3.38062 3.36807
threshold=1.5000000000000002 0.022606724889857491 0.027853144365438291 -0.0092147951132569 0.001039453524310008 -0.14470815963006797 1.9504839045736471 0.58292777683649721 -0.62196728785992172 1.1753388276312158 0.0017459274594208134 -0.0062441288672893105 -0.015971861832551722 0.031449332201053844
decision_type=2 2 2 2 2 2 2 2 2 2 2 2 2 2
left_child=1 6 4 -4 -2 -6 8 -8 -1 -10 -11 12 -12 -13
right_child=2 -3 3 -5 5 -7 7 -9 9 10 11 13 -14 -15
leaf_value=0.0042197641299185308 -0.00027125936358869023 -0.0043049247906967953 0.0061774754763333278 2.2970170781478252e-05 -0.0023334574104281187 0.00013224118658404751 -0.00043451305404874918 -0.0056559078352919206 7.6625058257685357e-05 -0.00017109335879475984 0.0057831057667681691 0.0013952184500271129 0.0015442104023086192 -0.00035949905182747601
leaf_weight=639 135342 829 567 618 1878 110607 1794 553 132370 9155 957 10485 926 3699
leaf_count=639 135342 829 567 618 1878 110607 1794 553 132370 9155 957 10485 926 3699
internal_value=2.71622e-06 0.000149078 -9.21545e-05 0.00297051 -0.000106811 9.10546e-05 0.000172099 -0.00166666 0.000199384 0.000183055 0.000741596 0.00126163 0.00370048 0.000937618
internal_weight=410419 161407 249012 1185 247827 112485 160578 2347 158231 157592 25222 16067 1883 14184
internal_count=410419 161407 249012 1185 247827 112485 160578 2347 158231 157592 25222 16067 1883 14184
is_linear=0
shrinkage=0.05


Tree=32
num_leaves=15
num_cat=0
split_feature=11 19 12 9 19 22 19 19 10 13 14 22 19 22
split_gain=2.49332 3.00905 4.12373 2.95803 2.52002 5.20028 5.93977 9.882 7.53966 8.44565 7.30192 4.10553 3.59474 3.16741
threshold=0.38521310393701347 0.013455397514045455 0.011719529422555388 0.28846153846153849 -0.0092689585092878262 -0.00030812269033381185 0.003878626571206079 0.0037095677281956401 1.0000000180025095e-35 0.95055104260658785 0.00029617177345464546 -0.0014157706227118092 -0.017798949852377007 -0.021026135124417585
decision_type=2 2 2 2 2 2 2 2 2 2 2 2 2 2
left_child=-1 4 -3 -4 12 11 7 8 -7 -10 -11 -6 -2 -14
right_child=1 2 3 -5 5 6 -8 -9 9 10 -12 -13 13 -15
leaf_value=4.9871365435587739e-05 0.00085660802361412619 -0.0056540590063430861 -0.0032842145125552592 -5.7159955255757341e-05 0.00036144248236701933 0.0014782407918120617 0.00020533849227863453 -0.00779684192802374 -0.00047491458827357986 -0.0090674582237312007 -0.0026272468570273082 0.0029379219153093041 -0.0035278758806683574 -0.0009442149193677748
leaf_weight=351258 2200 547 996 2468 16698 2455 14156 557 5859 516 2973 1703 1463 6260
leaf_count=351258 2200 547 996 2468 16698 2455 14156 557 5859 516 2973 1703 1463 6260
internal_value=-5.91928e-07 -0.000301783 -0.00162361 -0.000985711 -0.000205077 -4.57603e-05 -0.000493925 -0.00129475 -0.000987271 -0.00163486 -0.00358204 0.000600041 -0.000926153 -0.00143404
internal_weight=410109 58851 4011 3464 54840 44917 26516 12360 11803 9348 3489 18401 9923 7723
internal_count=410109 58851 4011 3464 54840 44917 26516 12360 11803 9348 3489 18401 9923 7723
is_linear=0
shrinkage=0.05


Tree=33
num_leaves=15
num_cat=0
split_feature=22 22 19 22 22 10 21 20 19 13 22 13 21 20
split_gain=2.60547 6.79102 2.57601 8.85878 6.62257 6.66043 5.90289 6.14247 5.13734 6.15516 4.90473 4.82052 8.19894 7.15718
threshold=0.035940183515538189 0.034711730432517525 -0.0031689393508829151 -0.013009787692178419 -0.001994881236451806 2.5000000000000004 0.49764379282014209 0.004219092668697245 -0.0017476816039254104 1.2019916594834232 -0.0015637138199161569 1.4917991362724539 -0.10334909271566088 0.013706028312439391
decision_type=2 2 2 2 2 2 2 2 2 2 2 2 2 2
left_child=1 2 4 -4 11 -6 7 -7 9 -5 -11 -1 -13 -14
right_child=-2 -3 3 8 5 6 -8 -9 -10 10 -12 12 13 -15
leaf_value=-8.7473585903297044e-06 0.0014497790041732711 -0.0039077146581625076 -0.0043956555468222178 -0.00041654329352299011 0.00071120646632161547 0.0028341885090464661 -0.00010766695875917613 0.0094560270924563348 3.4033639819296284e-06 -0.00068037761945419206 -0.0042737155634666154 0.0034029369966023849 -0.00016888567350809502 0.0046307679954016119
leaf_weight=108875 3060 1116 1188 25432 5189 769 587 644 247810 1805 2004 2831 7850 861
leaf_count=108875 3060 1116 1188 25432 5189 769 587 644 247810 1805 2004 2831 7850 861
internal_value=-3.51649e-06 -1.44476e-05 -3.73219e-06 -8.90402e-05 0.000182277 0.00165637 0.00410702 0.00585676 -7.05576e-05 -0.000697336 -0.00257154 9.42595e-05 0.00106583 0.000305992
internal_weight=410021 406961 405845 278239 127606 7189 2000 1413 277051 29241 3809 120417 11542 8711
internal_count=410021 406961 405845 278239 127606 7189 2000 1413 277051 29241 3809 120417 11542 8711
is_linear=0
shrinkage=0.05


Tree=34
num_leaves=15
num_cat=0
split_feature=10 20 13 22 19 19 5 22 19 19 22 13 21 21
split_gain=2.71219 4.37759 3.86936 4.59226 4.80819 4.06273 3.42606 3.37021 5.70566 5.58201 5.02026 4.22236 4.05439 3.36796
threshold=2.5000000000000004 -0.00050790040638554179 0.93628847623819311 -0.0028981552043372823 -0.0029097576167193546 -0.00061373808579812106 0.0031372953985930228 -0.010906867470803659 -0.0033346027805069563 -0.0026413067261332186 -0.012725791835596576 1.0702783980970356 0.24948022007290455 -0.34002485475271937
decision_type=2 2 2 2 2 2 2 2 2 2 2 2 2 2
left_child=13 -2 3 5 -5 -3 -6 10 11 -10 12 -9 -4 -1
right_child=1 2 7 4 6 -7 -8 8 9 -11 -12 -13 -14 -15
leaf_value=0.0008758985112809315 -0.00043000190276841369 0.00077644693829020809 8.8334080526050642e-05 0.0029834573278975005 0.00011197397642814729 0.003444714434359212 -0.0013402278300227955 -0.00051870922164550014 -0.0040862726430608296 -0.00021804671605451153 -0.0039672562550222409 0.0023999239738875661 -0.0022330612511155443 6.2232849612106359e-05
leaf_weight=13455 77153 16255 5842 1318 28551 1563 4734 1877 981 18552 1322 3644 2773 231850
leaf_count=13455 77153 16255 5842 1318 28551 1563 4734 1877 981 18552 1322 3644 2773 231850
internal_value=1.51901e-06 -0.000155514 8.6762e-05 0.000358547 2.27223e-05 0.00101069 -9.46013e-05 -0.000320405 -1.13572e-05 -0.000412519 -0.00109952 0.00140775 -0.00065905 0.000106866
internal_weight=409870 164565 87412 52421 34603 17818 33285 34991 25054 19533 9937 5521 8615 245305
internal_count=409870 164565 87412 52421 34603 17818 33285 34991 25054 19533 9937 5521 8615 245305
is_linear=0
shrinkage=0.05


Tree=35
num_leaves=15
num_cat=0
split_feature=22 22 4 11 22 17 22 22 14 11 17 22 13 22
split_gain=2.65332 5.84466 3.09192 2.69062 3.04725 7.37572 3.04493 5.3479 3.96162 3.56652 2.88612 4.12599 4.1729 3.44445
threshold=0.035940183515538189 0.034711730432517525 0.0043428329095353234 0.49925388488819228 0.022928147465246743 -0.011030888605742971 -0.00030812269033381185 -0.0014157706227118092 -0.015048865751762118 1.033669526554259 0.013529941583576345 0.024456199472105426 0.74233059234535637 0.030750262930672626
decision_type=2 2 2 2 2 2 2 2 2 2 2 2 2 2
left_child=1 3 -2 4 -1 -6 7 9 -8 -5 11 12 -7 -13
right_child=2 -3 -4 6 5 10 8 -9 -10 -11 -12 13 -14 -15
leaf_value=1.1825753037820456e-05 0.0021737854754457784 -0.0035821323479365598 -0.0020654310568937683 -0.0005451882017961649 -0.0032973799348241075 0.00054538358639338088 -0.0050350689075186559 0.0031850403280405553 -0.00073706138427246097 0.0013958141683106931 -0.0020631454808640783 0.0003457025483424772 0.0051414514683032105 0.0025881204801520849
leaf_weight=357400 2563 1141 516 12887 1023 816 552 1268 17628 2898 673 7381 1251 2229
leaf_count=357400 2563 1141 516 12887 1023 816 552 1268 17628 2898 673 7381 1251 2229
internal_value=8.88362e-07 -1.01716e-05 0.00146291 -1.24463e-07 3.95541e-05 0.000780551 -0.000417669 6.22667e-05 -0.000867832 -0.00018877 0.00111858 0.00130212 0.00332818 0.000866037
internal_weight=410226 407147 3079 406006 370773 13373 35233 17053 18180 15785 12350 11677 2067 9610
internal_count=410226 407147 3079 406006 370773 13373 35233 17053 18180 15785 12350 11677 2067 9610
is_linear=0
shrinkage=0.05


Tree=36
num_leaves=15
num_cat=0
split_feature=19 19 10 20 17 18 4 19 10 11 21 19 19 20
split_gain=2.35266 6.44817 5.13543 8.19302 4.54122 3.98941 5.59129 4.54439 7.55726 6.48715 4.63906 5.71622 5.15242 4.09297
threshold=-0.0030796110586879251 -0.0027313307792880544 3.5000000000000004 0.00030412385422140536 -0.0025992089589464413 -0.27551095588243874 0.0041469431137572442 -0.0041530809849009689 3.5000000000000004 -0.60076128894494452 0.2748848188828435 -0.0035747507061648638 -0.0040816337114733528 0.005386759778832185
decision_type=2 2 2 2 2 2 2 2 2 2 2 2 2 2
left_child=5 2 -2 4 -4 6 -1 -7 9 -9 12 -12 -11 -10
right_child=1 -3 3 -5 -6 7 -8 8 13 10 11 -13 -14 -15
leaf_value=0.00064517575964834803 -0.00066110327912530264 -3.7065687157636102e-05 -0.0039703361253925146 -0.0076723151165053183 0.0014809862045554881 -3.61603810828297e-05 0.0039923473755108935 0.0057517565069251826 -0.0042156991329283305 0.0064474011122945263 0.0011136628818264899 -0.0040770110964411356 0.0012663570007519077 0.00044683989475359233
leaf_weight=12843 5409 272838 796 773 733 100513 1381 787 1004 506 1297 896 8995 885
leaf_count=12843 5409 272838 796 773 733 100513 1381 787 1004 506 1297 896 8995 885
internal_value=3.9183e-06 -7.73667e-05 -0.00150315 -0.00348054 -0.00135772 0.000180549 0.000970409 8.27471e-05 0.000914407 0.0013605 0.00106451 -0.001008 0.00154294 -0.00203221
internal_weight=409656 280549 7711 2302 1529 129107 14224 114883 14370 12481 11694 2193 9501 1889
internal_count=409656 280549 7711 2302 1529 129107 14224 114883 14370 12481 11694 2193 9501 1889
is_linear=0
shrinkage=0.05


Tree=37
num_leaves=15
num_cat=0
split_feature=22 22 5 10 18 5 14 19 22 22 4 19 22 19
split_gain=2.39628 6.02597 2.79176 2.11944 4.81314 4.57993 3.49421 2.99537 11.5457 7.76839 5.49925 4.82264 7.84621 12.0487
threshold=0.035940183515538189 0.034711730432517525 0.004370192736776861 1.5000000000000002 0.60586048462703079 0.0019504311625642339 0.13329310861609503 -0.0030796110586879251 -0.010435091840623521 -0.00062522156579813959 0.0022567571143649609 -0.0026413067261332186 -0.0069106714129071869 -0.0016015014542954951
decision_type=2 2 2 2 2 2 2 2 2 2 2 2 2 2
left_child=1 3 -2 4 6 -6 -1 9 -9 -5 -11 -10 13 -13
right_child=2 -3 -4 7 5 -7 -8 8 11 10 -12 12 -14 -15
leaf_value=0.00017813927588242206 0.0022106874970072511 -0.0036258197248703566 -0.0013570168359543782 4.6557309839814838e-05 0.00010125310521471689 -0.0066195106954069164 -0.0036072077089188293 -0.0061668235650777746 -0.0015323907585454925 0.0010730980643148947 0.0052500331229252527 0.0078609338396014288 -0.00016888231364929707 -0.0010712409448503737
leaf_weight=158632 2376 1148 712 82193 502 511 611 811 6415 2455 1160 764 151231 745
leaf_count=158632 2376 1148 712 82193 502 511 611 811 6415 2455 1160 764 151231 745
internal_value=5.51859e-07 -9.97311e-06 0.00138791 2.59155e-07 0.000141728 -0.00329217 0.000163593 -9.19852e-05 -0.000219828 0.000146343 0.0024145 -0.000189486 -0.000133075 0.00345329
internal_weight=410266 407178 3088 406030 160256 1013 159243 245774 159966 85808 3615 159155 152740 1509
internal_count=410266 407178 3088 406030 160256 1013 159243 245774 159966 85808 3615 159155 152740 1509
is_linear=0
shrinkage=0.05


Tree=38
num_leaves=15
num_cat=0
split_feature=10 20 19 20 4 19 19 20 17 13 17 18 9 10
split_gain=2.03366 4.10869 3.29853 2.99392 5.56724 3.18351 7.49799 7.15552 5.69864 5.44945 6.5059 8.74868 5.28588 6.28878
threshold=2.5000000000000004 0.00096783391035726318 0.02854662016774057 0.022606724889857491 0.0036599286237770823 0.0046444885170490178 0.0026654302719062444 -0.010626602643653336 0.0057125171661043259 0.67429223514136971 0.012730570588721736 0.31848521281079056 0.27564102564102572 1.5000000000000002
decision_type=2 2 2 2 2 2 2 2 2 2 2 2 2 2
left_child=2 -2 3 5 -5 6 9 -8 -7 -1 -11 -12 -10 -14
right_child=1 -3 -4 4 -6 8 7 -9 12 10 11 -13 13 -15
leaf_value=-0.0003872100945179046 -0.00036358000085824822 0.0001369893121222547 0.0027649850198561885 -0.0060378594866471597 0.00072238450938272433 -1.3594428186157913e-05 0.0065434342427492277 0.00097343529647351602 0.001210743078860284 0.00024207547249187287 0.0086898193158543025 0.00058950362908326954 -0.0012512594704596712 -0.005095953189589577
leaf_weight=41695 88344 76482 1151 562 663 67320 594 18684 1645 104220 535 882 6090 1288
leaf_count=41695 88344 76482 1151 562 663 67320 594 18684 1645 104220 535 882 6090 1288
internal_value=4.52162e-06 -0.000131308 9.57799e-05 8.31866e-05 -0.00238145 9.56234e-05 0.00021814 0.00114539 -0.000171754 9.68046e-05 0.000287847 0.00365182 -0.00135164 -0.00192304
internal_weight=410155 164826 245329 244178 1225 242953 166610 19278 76343 147332 105637 1417 9023 7378
internal_count=410155 164826 245329 244178 1225 242953 166610 19278 76343 147332 105637 1417 9023 7378
is_linear=0
shrinkage=0.05


Tree=39
num_leaves=15
num_cat=0
split_feature=11 13 9 14 11 11 21 12 11 12 13 13 21 21
split_gain=2.36186 3.84048 3.32964 2.56238 5.13781 3.36908 3.35358 3.17041 2.9813 3.02992 2.9371 2.35663 2.30856 2.19187
threshold=-1.141949083518101 1.5335466921100804 0.36538461538461547 -0.027136261080040299 -0.69315592758838906 -0.92473859748151066 0.23187320464230543 -0.025063674453909831 -0.69315592758838906 0.025793417938678068 2.4639521342223616 0.8596540314175386 0.58031304611851608 -0.40579908613588073
decision_type=2 2 2 2 2 2 2 2 2 2 2 2 2 2
left_child=1 2 11 4 5 -2 13 -8 9 -5 12 -1 -10 -6
right_child=3 -3 -4 8 6 -7 7 -9 10 -11 -12 -13 -14 -15
leaf_value=-0.0015172412135584052 -6.7936900635501122e-06 0.0027244606342663475 -0.0027079935200020467 -0.00062411964556534328 0.0019256896177341652 0.0024907686063574612 -0.0016005256231075094 0.00013087808415411292 -2.4076068775892033e-05 -0.0036112067510580639 -0.0028534810721625851 0.0022265338397944906 0.0016460662724450484 0.00026711498840229408
leaf_weight=957 2001 582 2644 4419 2084 4151 4765 5938 333051 1050 912 748 2081 44671
leaf_count=957 2001 582 2644 4419 2084 4151 4765 5938 333051 1050 912 748 2081 44671
internal_value=7.65897e-07 -0.00108681 -0.00159735 1.4006e-05 0.00030537 0.00167854 0.000158318 -0.000640024 -4.02639e-05 -0.00119817 -2.14159e-05 0.000125532 -1.37004e-05 0.000341082
internal_weight=410054 4931 4349 405123 63610 6152 57458 10703 341513 5469 336044 1705 335132 46755
internal_count=410054 4931 4349 405123 63610 6152 57458 10703 341513 5469 336044 1705 335132 46755
is_linear=0
shrinkage=0.05


Tree=40
num_leaves=15
num_cat=0
split_feature=11 13 9 12 13 9 13 11 13 19 20 17 11 9
split_gain=2.61303 3.93237 2.01053 2.36153 2.42839 2.10867 2.56351 1.93491 2.555 2.56045 3.57037 3.57745 3.38409 3.60196
threshold=-1.141949083518101 1.5335466921100804 0.39102564102564108 0.0029414326160879249 0.86558258417063583 0.73717948717948734 0.95870259406009228 0.49925388488819228 2.2005069624301341 0.012399719537954381 -0.017263253443804857 -0.0034387027011907319 0.70377215511576685 0.51923076923076927
decision_type=2 2 2 2 2 2 2 2 2 2 2 2 2 2
left_child=1 2 3 4 -1 6 -4 -2 9 12 -11 -12 -9 -14
right_child=7 -3 5 -5 -6 -7 -8 8 -10 10 11 -13 13 -15
leaf_value=-0.0036643012859052305 3.9221664210747997e-05 0.0027686178643396208 -0.0020738450349914216 0.0022621351138828569 0.00078343854906624062 0.00019250462454478153 -0.0059130984998862924 -0.00062768565484746467 -0.0032490871731465053 0.0022625328193617042 -0.0049545716202710876 -0.0011236257095417991 0.0010745680875454936 -0.00052997303044341546
leaf_weight=670 370107 562 1307 568 565 533 652 16688 742 514 863 2071 8537 5924
leaf_count=670 370107 562 1307 568 565 533 652 16688 742 514 863 2071 8537 5924
internal_value=-8.34228e-06 -0.00116107 -0.00167579 -0.000403639 -0.00163052 -0.00259569 -0.003354 5.46954e-06 -0.000348009 -0.000285698 -0.00157834 -0.00225176 -0.000142564 0.000417271
internal_weight=410303 4857 4295 1803 1235 2492 1959 405446 35339 34597 3448 2934 31149 14461
internal_count=410303 4857 4295 1803 1235 2492 1959 405446 35339 34597 3448 2934 31149 14461
is_linear=0
shrinkage=0.05


Tree=41
num_leaves=15
num_cat=0
split_feature=22 22 21 22 22 17 22 21 18 13 22 17 17 21
split_gain=2.0573 4.38505 2.61019 2.09651 2.64156 7.93681 2.37111 5.57375 3.97918 2.14522 2.04167 3.40759 3.76269 4.20623
threshold=0.035940183515538189 0.034711730432517525 -0.022756549395362088 0.030750262930672626 0.033548887810287871 -0.0010080138519906743 0.027981785824742315 -0.071386328885539072 0.095661719350738375 1.408654266554995 0.02110561493580099 0.010928854691948266 -0.014499205430041349 -0.18283687255671546
decision_type=2 2 2 2 2 2 2 2 2 2 2 2 2 2
left_child=1 3 -2 6 5 -5 10 -8 -9 -6 -1 12 -12 -14
right_child=2 -3 -4 4 9 -7 7 8 -10 -11 11 -13 13 -15
leaf_value=-2.6771952533972219e-05 0.0033522154934245429 -0.0031398731476861581 0.0002632815011390926 0.0071166134975230227 -0.0029352343486715236 0.00043084208071909587 -0.0045050346012389664 0.0025550579619135661 -0.002924330913929343 0.0014202893668123964 -0.0029836421575112847 -0.0017514827163758288 0.0038321949203062307 0.00069456598266961957
leaf_weight=384119 1020 1116 2072 605 560 1660 968 854 540 569 631 1454 1167 12506
leaf_count=384119 1020 1116 2072 605 560 1660 968 854 540 569 631 1454 1167 12506
internal_value=-1.62328e-06 -1.1392e-05 0.00128302 -2.77699e-06 0.00123452 0.00221902 -1.32201e-05 -0.00159241 0.000431908 -0.000740798 -3.88811e-06 0.000553898 0.000788345 0.000962625
internal_weight=409841 406749 3092 405633 3394 2265 402239 2362 1394 1129 399877 15758 14304 13673
internal_count=409841 406749 3092 405633 3394 2265 402239 2362 1394 1129 399877 15758 14304 13673
is_linear=0
shrinkage=0.05


Tree=42
num_leaves=15
num_cat=0
split_feature=14 21 9 7 11 14 19 19 21 19 20 19 9 9
split_gain=2.22971 4.95216 4.42108 4.19355 3.8169 3.86228 3.1283 6.63753 4.89819 4.37342 3.68655 6.73726 7.74521 3.48799
threshold=-0.027136261080040299 -0.40579908613588073 0.42948717948717957 0.67949542933190676 -0.69315592758838906 -0.023991525291294332 -0.015770480814588091 -0.019340890612886571 -0.26181557020458729 -0.015240296813500585 -0.005309142999533222 -0.013911733873590569 0.5705128205128206 0.58333333333333337
decision_type=2 2 2 2 2 2 2 2 2 2 2 2 2 2
left_child=1 2 -1 -3 5 -2 7 -6 13 -8 11 12 -11 -9
right_child=4 3 -4 -5 6 -7 9 8 -10 10 -12 -13 -14 -15
leaf_value=0.0057882202456681813 0.0028154894806729312 0.00022515820459027356 0.0011369974258705678 -0.0038581406078458352 0.00038351302658028272 -0.001626925303816187 0.002031275608288037 0.0040619861214698265 -0.0025966067964886862 -0.0071509412724065392 7.9699972544087971e-05 -0.00026570471493376455 0.00085689775413075829 -0.0016040606882521198
leaf_weight=708 533 64231 1831 634 5965 5851 2648 518 5132 756 252451 67478 502 569
leaf_count=708 533 64231 1831 634 5965 5851 2648 518 5132 756 252451 67478 502 569
internal_value=7.13754e-06 0.000269999 0.00243576 0.000185189 -4.46088e-05 -0.00125565 -2.15968e-05 -0.000808083 -0.00195089 7.99644e-06 -8.69059e-06 -0.000333325 -0.0039573 0.00109729
internal_weight=409807 67404 2539 64865 342403 6384 336019 12184 6219 323835 321187 68736 1258 1087
internal_count=409807 67404 2539 64865 342403 6384 336019 12184 6219 323835 321187 68736 1258 1087
is_linear=0
shrinkage=0.05


Tree=43
num_leaves=15
num_cat=0
split_feature=19 22 19 22 22 22 22 10 21 22 18 13 20 20
split_gain=1.74009 6.85427 5.35036 5.19825 5.05197 8.96891 4.4137 4.53153 4.21524 8.44759 4.81834 4.15427 3.9335 3.80203
threshold=-0.0030796110586879251 -0.013009787692178419 -0.0027313307792880544 -0.0085634188366539004 -0.001246851676829752 0.00062951866589167082 -0.0027387799739679859 2.5000000000000004 -0.31143932449797945 -0.023954451333595025 -0.6058679493857041 1.1300857128979238 -0.022706456328621723 0.0051217691105517335
decision_type=2 2 2 2 2 2 2 2 2 2 2 2 2 2
left_child=6 11 4 13 -3 -6 8 -8 9 -1 -11 -2 -12 -4
right_child=1 2 3 -5 5 -7 7 -9 -10 10 12 -13 -14 -15
leaf_value=0.0048490270802012854 -0.0010380735337105866 -0.00061423361982819154 0.0065817973380597168 -2.727086036351656e-05 -0.0078850226831376075 -0.00084460015940008573 0.00044787051038539937 0.0027689910683232543 -2.0999310415139028e-05 -0.0033959495369802807 -0.0026472794553990989 -0.0070177875974416397 0.0011503655473738431 0.00083502696866602814
leaf_weight=1267 609 5750 504 270218 740 1162 6671 3070 108493 730 744 555 8050 670
leaf_count=1267 609 5750 504 270218 740 1162 6671 3070 108493 730 744 555 8050 670
internal_value=4.37726e-06 -6.55855e-05 -4.96068e-05 -1.28411e-05 -0.00135339 -0.00358648 0.000156317 0.00117961 7.27434e-05 0.00101515 0.000504665 -0.0038928 0.000828808 0.00330563
internal_weight=409233 280208 279044 271392 7652 1902 129025 9741 119284 10791 9524 1164 8794 1174
internal_count=409233 280208 279044 271392 7652 1902 129025 9741 119284 10791 9524 1164 8794 1174
is_linear=0
shrinkage=0.05


Tree=44
num_leaves=15
num_cat=0
split_feature=22 22 9 11 18 22 22 17 17 22 22 18 22 22
split_gain=2.07158 5.19684 2.76401 4.85337 3.58636 2.17824 2.99436 6.58293 2.1559 4.71208 6.1009 6.18522 7.3844 5.95191
threshold=0.035940183515538189 0.034711730432517525 0.37820512820512825 -0.15311608876111596 0.054365618071769199 0.030750262930672626 0.033548887810287871 -0.0010080138519906743 0.0031394545230130082 0.0092420802283824672 0.0090451555060858686 -0.011071741775213315 -0.020017855619632815 -0.017864485826787898
decision_type=2 2 2 2 2 2 2 2 2 2 2 2 2 2
left_child=1 5 3 -2 -4 8 7 -7 -1 10 11 -10 -13 -14
right_child=2 -3 4 -5 -6 6 -8 -9 9 -11 -12 12 13 -15
leaf_value=-8.3920174936475607e-05 -0.0042727495447391125 -0.0034163142741042481 0.0054768452456139547 0.0020577893902737321 0.00086484655894232391 0.0067155977836072071 -0.00085857202602743058 0.00065433800810306777 0.0030707877409799698 -0.00043766333796570981 0.0048301569640087534 -0.00097102611978330746 0.0026000805568488906 0.0003389862623354536
leaf_weight=296793 510 1118 658 742 1171 615 1115 1643 1989 23976 755 10731 3045 65415
leaf_count=296793 510 1118 658 742 1171 615 1115 1643 1989 23976 755 10731 3045 65415
internal_value=-3.8134e-06 -1.35879e-05 0.00128761 -0.000522296 0.00252614 -4.21126e-06 0.00126093 0.00230745 -1.4811e-05 0.000178852 0.000359261 0.000317621 0.000248433 0.000439593
internal_weight=410276 407195 3081 1252 1829 406077 3373 2258 402704 105911 81935 81180 79191 68460
internal_count=410276 407195 3081 1252 1829 406077 3373 2258 402704 105911 81935 81180 79191 68460
is_linear=0
shrinkage=0.05


Tree=45
num_leaves=15
num_cat=0
split_feature=13 19 20 22 9 19 19 19 20 10 9 4 18 22
split_gain=1.88039 4.68825 2.39576 8.51711 5.06525 4.29049 4.94838 6.35659 5.37842 4.16176 3.76212 3.15993 2.9571 7.80349
threshold=0.67652901727694992 0.026478664209438677 -0.011902157508864307 -0.023954451333595025 0.41666666666666669 -0.01361614488080015 0.0052198250514123865 0.0039402040682191561 -0.021344454115307551 3.5000000000000004 0.26282051282051283 0.0032293617858928617 -0.35797718524143435 -0.01474710971533416
decision_type=2 2 2 2 2 2 2 2 2 2 2 2 2 2
left_child=1 -1 3 4 -2 -5 7 10 9 -8 -7 -10 13 -4
right_child=2 -3 12 5 -6 6 8 -9 11 -11 -12 -13 -14 -15
leaf_value=-0.00019884672862089824 -0.00048103180143679332 0.0040248298875860018 0.0047214002550289708 -0.0033598832673718704 0.0048781735332391295 0.002482704515353026 0.0017047764187864602 0.0053523943663234472 -0.0017156025577484684 -0.002854535910724384 -0.0004276992543028614 -0.0047040842439657563 8.1430398973983921e-05 0.0003964972414209704
leaf_weight=108802 714 660 1227 1409 1151 1246 1865 558 4784 683 10133 1085 269135 6924
leaf_count=108802 714 660 1227 1409 1151 1246 1865 558 4784 683 10133 1085 269135 6924
internal_value=4.11203e-06 -0.000173344 6.86645e-05 -0.00041463 0.00282729 -0.000692566 -0.000507766 0.000146894 -0.00143611 0.000481997 -0.00010882 -0.00226879 0.000109848 0.00104804
internal_weight=410376 109462 300914 23628 1865 21763 20354 11937 8417 2548 11379 5869 277286 8151
internal_count=410376 109462 300914 23628 1865 21763 20354 11937 8417 2548 11379 5869 277286 8151
is_linear=0
shrinkage=0.05


Tree=46
num_leaves=15
num_cat=0
split_feature=10 20 14 20 19 10 19 19 20 11 11 19 3 20
split_gain=1.72287 5.22162 3.51372 3.0552 4.93535 5.79241 5.07403 3.62309 9.28998 6.53823 3.5131 3.06267 2.81108 3.88655
threshold=1.5000000000000002 0.022606724889857491 0.13329310861609503 0.0070429169751620177 -0.015770480814588091 2.5000000000000004 -0.014705396480832187 0.014550807801787415 0.012244024596977822 -0.24636497651756573 -0.60076128894494452 0.025366857688590153 -0.010192586218277842 -0.012571112126123938
decision_type=2 2 2 2 2 2 2 2 2 2 2 2 2 2
left_child=1 2 12 -2 5 -5 -6 -8 11 -10 -7 -9 -1 -14
right_child=3 -3 -4 4 6 10 7 8 9 -11 -12 -13 13 -15
leaf_value=0.00092248695412144659 -0.00016047843228210424 -0.0038766760172938863 -0.0036216924795717653 -0.0062798638672842081 0.0041376228427232173 0.0031713287901631235 0.00055470593101238509 0.00028165657941430189 -0.0072640126854476104 -0.0014573030298511826 -0.0013980440973906418 0.0045445143156229153 -0.0010168793673320596 0.00016511408757081047
leaf_weight=11373 204959 808 614 534 915 504 34231 2056 694 1605 2518 529 7314 141174
leaf_count=11373 204959 808 614 534 915 504 34231 2056 694 1605 2518 529 7314 141174
internal_value=2.94407e-06 0.000130207 0.000150406 -7.96381e-05 0.000300501 -0.00148436 0.000459089 0.000372935 -0.000900912 -0.00321257 -0.000635181 0.00115544 0.000164916 0.000106887
internal_weight=409828 161283 160475 248545 43586 3556 40030 39115 4884 2299 3022 2585 159861 148488
internal_count=409828 161283 160475 248545 43586 3556 40030 39115 4884 2299 3022 2585 159861 148488
is_linear=0
shrinkage=0.05


Tree=47
num_leaves=15
num_cat=0
split_feature=13 19 10 19 18 17 19 4 17 21 19 21 10 19
split_gain=1.83462 3.23295 1.87719 3.08434 5.70729 4.69153 7.00308 4.3765 4.18535 6.65267 5.84393 4.88206 3.8293 3.26612
threshold=0.67652901727694992 0.026478664209438677 2.5000000000000004 0.0046444885170490178 -0.678561024072874 0.0070059108894402486 0.016496646751716807 0.0023455808309871657 -0.0076045513688647306 -0.54707133605556557 0.0092849919752640026 -0.34002485475271937 1.5000000000000002 0.0029609071284547599
decision_type=2 2 2 2 2 2 2 2 2 2 2 2 2 2
left_child=1 -1 3 4 -2 6 8 -8 9 -5 -11 -10 -7 -6
right_child=2 -3 -4 5 13 12 7 -9 11 10 -12 -13 -14 -15
leaf_value=-0.00019738316389791581 -0.0048265332462502815 0.0033340379430574444 -8.402136819572055e-05 0.0026124027028432413 0.00025260845043314811 -0.00094291105376045979 0.00059045851211388535 0.0035881176284432987 0.0028196930101986898 -0.0018700500311496994 -0.0081184970289040446 -0.00017772557133560185 -0.004508676794015668 0.0011674152283494986
leaf_weight=108323 537 651 125841 541 108418 4256 3121 1996 1404 1276 529 41015 914 10721
leaf_count=108323 537 651 125841 541 108418 4256 3121 1996 1404 1276 529 41015 914 10721
internal_value=-5.0407e-07 -0.000176256 6.32169e-05 0.000169259 0.000311738 -0.000140472 8.13953e-06 0.00176023 -0.000192174 -0.00224752 -0.00370479 -7.84518e-05 -0.00157405 0.000334939
internal_weight=409543 108974 300569 174728 119676 55052 49882 5117 44765 2346 1805 42419 5170 119139
internal_count=409543 108974 300569 174728 119676 55052 49882 5117 44765 2346 1805 42419 5170 119139
is_linear=0
shrinkage=0.05


Tree=48
num_leaves=15
num_cat=0
split_feature=11 13 9 9 14 11 19 19 19 19 19 13 20 11
split_gain=1.99764 3.03418 3.09814 1.96821 1.84177 4.86573 4.11425 6.28868 4.18939 4.09552 5.50981 3.22506 2.97569 4.01436
threshold=-1.141949083518101 1.5335466921100804 0.37820512820512825 0.18589743589743593 -0.027136261080040299 -0.5874491749650097 -0.0023815024937178238 -0.025671841720712293 -0.00025412436497296293 -0.0039732098375909733 -0.016586126338795745 2.4639521342223616 -0.0048526244083526007 -0.29257532083944132
decision_type=2 2 2 2 2 2 2 2 2 2 2 2 2 2
left_child=1 2 3 -1 5 6 7 -2 -8 10 -9 12 13 -6
right_child=4 -3 -4 -5 11 -7 8 9 -10 -11 -12 -13 -14 -15
leaf_value=-0.0020014774796481179 -0.0016614176245639102 0.0024140206817540085 -0.0025526168956450952 0.0014696515286877054 -0.0011386469463112593 7.1736278708655024e-05 -0.0032877746137276193 0.005523250539662016 0.00084974863179535897 0.00572709959401645 0.001041915069794741 -0.0029481607764700866 5.2069294202646802e-05 -0.00014712396993598269
leaf_weight=651 904 572 2594 1092 12034 54215 757 904 3171 1001 2836 948 261374 67256
leaf_count=651 904 572 2594 1092 12034 54215 757 904 3171 1001 2836 948 261374 67256
internal_value=-3.52031e-06 -0.001006 -0.00145751 0.000172801 8.62115e-06 0.000255247 0.00129441 0.00215895 5.17357e-05 0.0028876 0.00212629 -3.7431e-05 -2.93224e-05 -0.000297622
internal_weight=410309 4909 4337 1743 405400 63788 9573 5645 3928 4741 3740 341612 340664 79290
internal_count=410309 4909 4337 1743 405400 63788 9573 5645 3928 4741 3740 341612 340664 79290
is_linear=0
shrinkage=0.05


Tree=49
num_leaves=15
num_cat=0
split_feature=13 9 20 13 10 20 5 5 22 20 7 18 13 22
split_gain=1.66397 2.86681 2.32338 2.21109 2.40626 3.92097 6.18455 3.61263 3.60714 10.8968 9.0098 4.54285 4.11174 3.05279
threshold=0.67652901727694992 0.14743589743589747 0.0083350926104180951 0.75336073748967836 2.5000000000000004 0.022606724889857491 0.0054004939994529875 0.0015009767676888103 -0.017615446075233184 0.015710745180015476 -0.28485545470084683 -0.021070597681330669 2.2005069624301341 -0.030673863990566704
decision_type=2 2 2 2 2 2 2 2 2 2 2 2 2 2
left_child=1 2 -1 -2 5 7 -7 -5 9 10 -9 -12 -10 -13
right_child=3 -3 -4 4 -6 6 -8 8 12 -11 11 13 -14 -15
leaf_value=-0.0011059208635037223 0.00039315754031770019 -7.6450122477511248e-05 0.0019040168016850008 -0.00021827557057698036 -0.0001696292129378372 -0.0068749757153221333 0.00089182682480895895 0.0053942689255021322 0.00023791480506381107 0.0082561798765273774 0.0016631046762488099 -0.0020617196303603469 -0.0032184327338335632 0.00024829317278260226
leaf_weight=10482 43845 98380 682 43844 108702 505 519 988 87587 506 4806 1847 868 6326
leaf_count=10482 43845 98380 682 43844 108702 505 519 988 87587 506 4806 1847 868 6326
internal_value=4.19054e-06 -0.00016262 -0.000921892 6.50315e-05 8.94129e-06 0.000140278 -0.00294145 0.000161798 0.000323698 0.00105543 0.000793984 0.000443408 0.000203962 -0.00027393
internal_weight=409887 109544 11164 300343 256498 147796 1024 146772 102928 14473 13967 12979 88455 8173
internal_count=409887 109544 11164 300343 256498 147796 1024 146772 102928 14473 13967 12979 88455 8173
is_linear=0
shrinkage=0.05


Tree=50
num_leaves=15
num_cat=0
split_feature=11 19 20 22 20 8 19 12 21 12 19 5 20 14
split_gain=1.70224 2.59757 3.82675 4.86404 2.43948 2.91537 3.95196 2.90691 2.36309 2.51883 3.11943 2.94965 2.20664 2.07264
threshold=0.38521310393701347 0.013455397514045455 -0.017263253443804857 0.018468896356771961 0.0048739904828056799 0.50245098039215652 -0.0092689585092878262 0.019931434342576496 -0.23269380093405506 -0.0031589213387058774 0.0064658988157614292 0.0019171126985807073 0.015710745180015476 -0.03642343766785671
decision_type=2 2 2 2 2 2 2 2 2 2 2 2 2 2
left_child=-1 4 -3 -4 5 7 -7 13 -8 11 -11 -10 -6 -2
right_child=1 2 3 -5 12 6 8 -9 9 10 -12 -13 -14 -15
leaf_value=4.8002168896404043e-05 -0.0020961810816400705 0.0021136228557013864 -0.0059144273443796601 -0.0011842396257740367 0.00057266006149519729 -0.0026086897312077371 -0.0034491487399734714 -0.0011000226837556309 -0.00086104842029282496 -0.0015355066948603007 0.00061633974891146001 0.0014803906230442066 -0.0026233292445711235 0.00038015995640087113
leaf_weight=351485 883 628 679 2711 12746 2671 654 4791 2387 5933 2351 3079 563 19145
leaf_count=351485 883 628 679 2711 12746 2671 654 4791 2387 5933 2351 3079 563 19145
internal_value=6.21899e-06 -0.000241767 -0.00146902 -0.00213314 -0.000152415 -0.000339755 -0.000842601 6.21312e-06 -0.000514949 -0.000375147 -0.000924812 0.000457915 0.000437276 0.000270883
internal_weight=410706 59221 4018 3390 55203 41894 17075 24819 14404 13750 8284 5466 13309 20028
internal_count=410706 59221 4018 3390 55203 41894 17075 24819 14404 13750 8284 5466 13309 20028
is_linear=0
shrinkage=0.05


Tree=51
num_leaves=15
num_cat=0
split_feature=11 22 22 14 17 11 17 22 9 9 10 18 22 17
split_gain=1.92659 2.66384 5.716 3.86198 3.55694 2.95156 2.38495 2.94738 5.853 3.50099 2.36873 2.34352 7.8852 4.06279
threshold=0.41674857223619416 -0.00030812269033381185 -0.0014157706227118092 0.010983027396795244 -0.0063926517336483904 1.033669526554259 -0.013698509169180138 -0.023377291976868494 0.58333333333333337 0.21153846153846156 2.5000000000000004 -0.35797718524143435 -0.023954451333595025 -0.012181110908816793
decision_type=2 2 2 2 2 2 2 2 2 2 2 2 2 2
left_child=11 2 5 4 -3 6 -2 8 9 -8 -4 12 -1 -14
right_child=1 3 10 -5 -6 -7 7 -9 -10 -11 -12 -13 13 -15
leaf_value=0.0047723128267455469 0.0028113484155504048 -0.0042747692723637326 0.0014636044297013711 -0.00032834401894293685 -0.0011581455709093718 0.0013802987093259999 -0.0037162613731281414 -0.00018471649825309717 -0.0052619558786937025 0.0011767496979071619 0.0053810029080983892 8.7143692964604941e-06 -0.0007882536864035315 0.00080844506649592235
leaf_weight=1054 585 1162 1036 20861 4308 2873 521 17026 896 1219 615 338948 5681 13331
leaf_count=1054 585 1162 1036 20861 4308 2873 521 17026 896 1219 615 338948 5681 13331
internal_value=-1.08891e-06 -0.000288328 8.38644e-05 -0.00063846 -0.00182087 -0.000119154 -0.000331981 -0.000425642 -0.00198113 -0.000289635 0.00292522 3.97974e-05 0.000564814 0.000331317
internal_weight=410116 51102 24771 26331 5470 23120 20247 19662 2636 1740 1651 359014 20066 19012
internal_count=410116 51102 24771 26331 5470 23120 20247 19662 2636 1740 1651 359014 20066 19012
is_linear=0
shrinkage=0.05


Tree=52
num_leaves=15
num_cat=0
split_feature=11 13 9 22 14 11 9 12 22 22 21 22 22 19
split_gain=1.86829 2.77049 2.50716 2.38943 1.86949 3.87291 3.87512 8.27077 4.69663 3.72985 3.20991 4.24349 3.08977 3.42154
threshold=-1.141949083518101 1.5335466921100804 0.33974358974358981 -0.0043512353493601044 -0.027136261080040299 -0.5874491749650097 0.25000000000000006 -0.022394124389591371 -0.0057050882635473745 -8.322766345925102e-05 0.22802238242982015 -0.029506454416010127 0.0070232515732361342 0.0038022525697682945
decision_type=2 2 2 2 2 2 2 2 2 2 2 2 2 2
left_child=1 2 3 -1 5 6 7 -2 -8 -9 12 -12 -7 -14
right_child=4 -3 -4 -5 -6 10 8 9 -10 -11 11 -13 13 -15
leaf_value=-0.0022965491417044305 -0.00077603465938607665 0.0023035627635473867 -0.0022975744362572757 0.0017659195987726592 -2.8176553176404059e-05 0.00044001806975393172 0.0018712596544849466 0.0080061965417313388 -0.00067934799080983323 0.0028500210682280646 -0.0043726623739067817 -0.00041840768068354987 -0.0041723087113954265 -0.00036154993918355999
leaf_weight=583 894 571 2772 951 341881 38833 3700 687 3522 719 732 9126 674 4627
leaf_count=583 894 571 2772 951 341881 38833 3700 687 3522 719 732 9126 674 4627
internal_value=6.39922e-06 -0.000966291 -0.00140033 0.000221479 1.81033e-05 0.000267213 0.00119688 0.0029838 0.000627466 0.00537333 0.000103238 -0.000712442 0.000285445 -0.000846768
internal_weight=410272 4877 4306 1534 405395 63514 9522 2300 7222 1406 53992 9858 44134 5301
internal_count=410272 4877 4306 1534 405395 63514 9522 2300 7222 1406 53992 9858 44134 5301
is_linear=0
shrinkage=0.05


Tree=53
num_leaves=15
num_cat=0
split_feature=18 19 22 17 22 22 22 18 22 19 9 4 17 17
split_gain=1.41995 7.02651 7.01741 5.87442 4.37835 5.15484 5.67709 3.65791 4.5838 3.09297 2.86676 2.83335 2.61067 2.80162
threshold=-0.51865779980633353 -0.0044230765082904347 -0.00095431438089405008 -0.0092704104127101488 0.017087195569719386 0.0065181798369787778 0.0022323510072995716 -0.35797718524143435 -0.023954451333595025 -0.0018086602704558972 0.60897435897435914 0.0022069336179676587 -0.0018154330137723493 -0.012181110908816793
decision_type=2 2 2 2 2 2 2 2 2 2 2 2 2 2
left_child=1 11 3 -3 5 6 9 8 -2 -4 -7 -1 13 -10
right_child=7 2 4 -5 -6 10 -8 -9 12 -11 -12 -13 -14 -15
leaf_value=0.00045351271281477052 0.0043497497450080292 -0.0021307824461920741 -0.0017157204339822273 -0.0085767646163425644 -0.0039522787717118533 0.00026476924521242658 -0.0041888380841157242 -1.1585800977121741e-05 -0.0005702636879325551 0.0027126291438156554 0.0043631686618172752 0.0047201340145276299 -0.0029465437051747938 0.0010623345076598708
leaf_weight=872 841 1089 743 523 752 854 994 385705 3425 838 852 702 512 11281
leaf_count=872 841 1089 743 523 752 854 994 385705 3425 838 852 702 512 11281
internal_value=5.88981e-06 -0.000644648 -0.00135618 -0.00422615 -0.000436313 0.00018208 -0.00123001 1.91996e-05 0.000758558 0.000631732 0.00231292 0.0023582 0.000559824 0.000682093
internal_weight=409983 8219 6645 1612 5033 4281 2575 401764 16059 1581 1706 1574 15218 14706
internal_count=409983 8219 6645 1612 5033 4281 2575 401764 16059 1581 1706 1574 15218 14706
is_linear=0
shrinkage=0.05


Tree=54
num_leaves=15
num_cat=0
split_feature=7 5 12 17 18 19 19 19 7 19 13 4 17 18
split_gain=1.51785 3.73601 2.98607 1.53667 2.60716 4.27166 3.7485 2.485 6.68464 4.27587 5.92305 6.79411 3.97181 2.75559
threshold=0.67949542933190676 0.0036712399901391505 -0.0018649970437569772 0.0031394545230130082 0.077876571767525785 0.0072651131711672931 -0.028811006006034808 -0.019340890612886571 -0.28485545470084683 -0.016174184498371321 0.92988894518219078 0.0016371367157861445 -0.0029940464541793883 0.09964731447651877
decision_type=2 2 2 2 2 2 2 2 2 2 2 2 2 2
left_child=3 2 -2 7 5 -5 -6 8 -1 10 -9 -12 -13 -10
right_child=1 -3 -4 4 6 -7 -8 9 13 -11 11 12 -14 -15
leaf_value=0.004944764360392262 0.0029132767055111315 -0.0050153340242020655 -0.0022630187192741137 0.0014786112668226717 -0.0024517533611698359 -0.00049022494399560059 0.00012234295021863409 -0.0029809708895908254 0.0006805400322313467 -4.3921418301551134e-05 -0.0025263558692649067 0.0035855511045764844 -0.00082296348455997495 -0.0018829289989295561
leaf_weight=860 514 519 606 8594 1435 4054 93686 2982 7682 284093 1526 1290 845 1213
leaf_count=860 514 519 606 8594 1435 4054 93686 2982 7682 284093 1526 1290 845 1213
internal_value=5.08861e-06 -0.00151298 0.000113011 1.11867e-05 0.000173165 0.000847561 8.34846e-05 -4.69061e-05 0.000738023 -7.32451e-05 -0.0013271 2.04735e-05 0.00184116 0.000330791
internal_weight=409899 1639 1120 408260 107769 12648 95121 300491 9755 290736 6643 3661 2135 8895
internal_count=409899 1639 1120 408260 107769 12648 95121 300491 9755 290736 6643 3661 2135 8895
is_linear=0
shrinkage=0.05


Tree=55
num_leaves=15
num_cat=0
split_feature=11 19 20 17 19 22 19 6 5 11 22 20 22 22
split_gain=1.75987 3.04907 3.04503 5.45277 2.59481 4.43361 3.5911 2.086 2.34668 2.45128 2.08389 1.94455 2.68336 2.27721
threshold=0.38521310393701347 0.01215554638199823 -0.018061673247038165 -0.0080409320208080209 -0.012410437544380813 -0.019464315394546901 -0.017798949852377007 1.9586798640448257 0.0022285962534985691 0.56806197291626626 -0.023377291976868494 0.015055896226332523 0.017087195569719386 -0.00030812269033381185
decision_type=2 2 2 2 2 2 2 2 2 2 2 2 2 2
left_child=-1 4 -3 -4 6 -6 10 8 9 -8 -2 12 13 -7
right_child=1 2 3 -5 5 11 7 -9 -10 -11 -12 -13 -14 -15
leaf_value=3.7182974443764852e-05 -0.00029755881499972598 0.0019153841806062674 -0.0066045626676213085 -0.0012228731225185942 0.0035265564922319693 0.00029094279864234234 -0.001031367264462153 -0.0048323057532563543 -0.00011806941447652692 -0.0045467650918765692 0.0033439454592374337 -0.0028820180558754372 0.0029213008783806195 -0.00042335473921303467
leaf_weight=350942 1733 614 529 4213 866 20687 1064 546 1640 929 507 611 749 24221
leaf_count=350942 1733 614 529 4213 866 20687 1064 546 1640 929 507 611 749 24221
internal_value=-5.26647e-06 -0.000258149 -0.00139549 -0.0018245 -0.000144376 -1.59281e-05 -0.00108741 -0.00195309 -0.00151917 -0.00267146 0.000527781 -8.23077e-05 -4.47785e-05 -9.43124e-05
internal_weight=409851 58909 5356 4742 53553 47134 6419 4179 3633 1993 2240 46268 45657 44908
internal_count=409851 58909 5356 4742 53553 47134 6419 4179 3633 1993 2240 46268 45657 44908
is_linear=0
shrinkage=0.05


Tree=56
num_leaves=15
num_cat=0
split_feature=22 18 19 22 17 22 22 22 10 19 18 22 20 19
split_gain=1.99739 1.48228 6.31101 7.23508 5.56166 4.98275 5.50256 5.4843 2.9737 2.90646 2.73577 4.18507 2.54324 4.64701
threshold=0.038391206432345622 -0.51865779980633353 -0.0044230765082904347 -0.00095431438089405008 -0.0090156131455140214 0.017087195569719386 0.0065181798369787778 0.0022323510072995716 1.5000000000000002 -0.0018086602704558972 -0.35797718524143435 -0.023954451333595025 -0.0032897622642025777 0.0038022525697682945
decision_type=2 2 2 2 2 2 2 2 2 2 2 2 2 2
left_child=1 2 -1 4 -4 6 7 9 -8 -5 11 -3 13 -12
right_child=-2 10 3 5 -6 -7 8 -9 -10 -11 12 -13 -14 -15
leaf_value=0.0021894809747122247 0.0016087774602542239 0.0041479417365360809 -0.0022611664379076873 -0.00173179769913659 -0.0085589603599160631 -0.0043585953090244725 -0.00058721527100966218 -0.0041108073445340334 0.0038768756937069015 0.0025249466069780947 -0.00046112139206150614 0.00046587499641669613 6.4028917750591754e-05 0.00025214356392818299
leaf_weight=1565 1935 812 1125 733 509 684 550 1003 1157 883 69306 15210 280465 34056
leaf_count=1565 1935 812 1125 733 509 684 550 1003 1157 883 69306 15210 280465 34056
internal_value=6.56355e-06 -1.03803e-06 -0.000666081 -0.00133894 -0.004227 -0.00039635 0.000230998 -0.00120853 0.00243903 0.000594257 1.26171e-05 0.000652731 -1.41046e-05 -0.000226113
internal_weight=409993 408058 8209 6644 1634 5010 4326 2619 1707 1616 399849 16022 383827 103362
internal_count=409993 408058 8209 6644 1634 5010 4326 2619 1707 1616 399849 16022 383827 103362
is_linear=0
shrinkage=0.05


Tree=57
num_leaves=15
num_cat=0
split_feature=13 19 19 19 22 22 21 22 19 20 19 7 17 7
split_gain=1.22253 2.84375 1.85929 5.31183 4.03218 4.10108 2.71832 2.20252 4.4269 2.59028 1.95019 1.98168 2.27515 1.86713
threshold=0.67652901727694992 0.026478664209438677 0.003878626571206079 0.0035973437325874662 0.0021272224553338108 0.0013730800263319633 -0.15125361733533904 0.025661183302624017 0.020245708085948947 -0.00094535369499865174 0.0028361527679331426 -0.50104138997808434 0.0010655862186554901 0.22335704627885719
decision_type=2 2 2 2 2 2 2 2 2 2 2 2 2 2
left_child=1 2 3 10 5 -4 -5 9 -9 -6 11 -1 13 -13
right_child=-2 -3 4 6 7 -7 -8 8 -10 -11 -12 12 -14 -15
leaf_value=0.0021073910939113953 5.3714267100347049e-05 0.0031279369768591192 0.00070124240485817512 -0.0012061735406951777 0.00064373548567997247 0.0056594592170055268 -0.0053542561494280272 -0.0047915177811930004 -0.00012713006075126598 -0.00023589192052394974 0.00086541067314821181 -0.00052003848612887263 2.2263050257358036e-05 -0.0022692775144010639
leaf_weight=831 300593 660 1231 831 13552 630 753 704 1827 21881 3691 36074 24858 1592
leaf_count=831 300593 660 1231 831 13552 630 753 704 1827 21881 3691 36074 24858 1592
internal_value=1.67689e-06 -0.000141676 -0.000161602 -0.000319303 0.000110164 0.00238187 -0.00318022 -1.2552e-06 -0.00142591 0.000100546 -0.000251666 -0.000316759 -0.000349011 -0.000594031
internal_weight=409708 109115 108455 68630 39825 1861 1584 37964 2531 35433 67046 63355 62524 37666
internal_count=409708 109115 108455 68630 39825 1861 1584 37964 2531 35433 67046 63355 62524 37666
is_linear=0
shrinkage=0.05


Tree=58
num_leaves=15
num_cat=0
split_feature=22 17 18 19 20 9 11 7 20 19 20 9 20 19
split_gain=1.62057 5.02615 3.90089 3.83477 3.84624 3.50026 3.27208 5.89976 3.0102 2.98872 12.8156 8.39115 6.92388 5.19828
threshold=0.02110561493580099 -0.0084849884454015739 0.012426675607573615 0.010200166289976999 0.015055896226332523 0.31410256410256415 0.23727860013668964 -0.19902801000418671 -0.0058110867888379594 0.014550807801787415 0.013300871955522988 0.31410256410256415 -0.00044285326003051789 0.014425503767976468
decision_type=2 2 2 2 2 2 2 2 2 2 2 2 2 2
left_child=9 5 6 -4 8 -2 -3 -8 -5 13 11 12 -11 -1
right_child=1 2 3 4 -6 -7 7 -9 -10 10 -12 -13 -14 -15
leaf_value=-1.3717350976503641e-05 -0.0051436065505315234 0.0019686140862567448 0.0036808180238781575 -0.0035288031092896343 -0.0022813137366151461 -0.00072059236207739318 0.0043248937123978176 -0.0018879677763300189 0.00040837171423293862 -0.0012679173262292085 -0.0087164773320569516 -0.0016161198697698395 0.0043639481279046915 0.0040987138119552664
leaf_weight=375896 576 6805 713 506 1729 1992 510 1514 11435 922 502 4934 1335 769
leaf_count=375896 576 6805 713 506 1729 1992 510 1514 11435 922 502 4934 1335 769
internal_value=5.03021e-07 0.00038426 0.000616491 0.000108625 -7.79487e-05 -0.00171429 0.00144373 -0.000321111 0.000241252 -2.52376e-05 -0.00100078 -0.000461013 0.00206375 -5.31054e-06
internal_weight=410138 25780 23212 14383 13670 2568 8829 2024 11941 384358 7693 7191 2257 376665
internal_count=410138 25780 23212 14383 13670 2568 8829 2024 11941 384358 7693 7191 2257 376665
is_linear=0
shrinkage=0.05


Tree=59
num_leaves=15
num_cat=0
split_feature=22 13 17 22 22 17 19 11 19 18 22 19 10 22
split_gain=1.33852 1.73543 3.12443 1.52082 3.53514 6.02209 3.08535 1.97828 2.09751 1.73933 1.57132 4.60768 4.91459 1.94906
threshold=0.038391206432345622 1.7202317707719303 0.0011916272970858845 0.033548887810287871 0.030750262930672626 -0.0010080138519906743 0.024298371360188867 -0.30682610551850492 0.023373581677234471 -0.0066223795484188453 0.027981785824742315 0.022276465748533817 3.5000000000000004 0.022928147465246743
decision_type=2 2 2 2 2 2 2 2 2 2 2 2 2 2
left_child=3 2 -2 4 10 -6 -7 -5 -9 -10 13 12 -12 -1
right_child=1 -3 -4 7 5 6 -8 8 9 -11 11 -13 -14 -15
leaf_value=-2.4717628689334659e-05 0.0052243167639570744 -0.001183955274150082 0.00037756285575596849 -0.0027506081964386595 0.0062393419882080577 -0.0018968002378213439 0.002460003124396851 0.0020602037037530285 0.00022261199257915347 -0.0031606383093074129 -0.0055379474917301927 0.0018220575983157895 3.5882831857562881e-05 0.00069649704224666919
leaf_weight=390488 534 512 879 1151 604 771 857 703 884 665 820 789 763 9597
leaf_count=390488 534 512 879 1151 604 771 857 703 884 665 820 789 763 9597
internal_value=-6.66322e-06 0.00130836 0.00221164 -1.28695e-05 -4.01701e-06 0.00197992 0.000396779 -0.0010653 -0.000203103 -0.00123095 -1.50247e-05 -0.00129786 -0.00285306 -7.41586e-06
internal_weight=410017 1925 1413 408092 404689 2232 1628 3403 2252 1549 402457 2372 1583 400085
internal_count=410017 1925 1413 408092 404689 2232 1628 3403 2252 1549 402457 2372 1583 400085
is_linear=0
shrinkage=0.05


Tree=60
num_leaves=15
num_cat=0
split_feature=7 9 10 7 11 14 19 12 20 22 14 19 20 11
split_gain=1.5792 3.26125 1.55207 3.09386 2.68171 5.32419 2.76039 2.66565 2.56312 6.78063 3.82261 3.16313 7.91005 6.22072
threshold=0.67949542933190676 0.55769230769230782 1.5000000000000002 -0.53168402709988627 0.93619684172358419 0.040113278713489138 0.010200166289976999 0.088211248814122359 0.0070429169751620177 -0.025747580640957498 -0.077267281531425744 0.014550807801787415 0.012244024596977822 -0.089947651401278778
decision_type=2 2 2 2 2 2 2 2 2 2 2 2 2 2
left_child=2 -2 3 -1 7 -6 -7 -5 -4 -10 -11 -12 -13 -14
right_child=1 -3 8 4 5 6 -8 -9 9 10 11 12 13 -15
leaf_value=0.002213750608710346 -0.0039761496157339898 0.00045266095526179715 -0.00014474189101446736 0.00014561587953245106 -0.0050248657250684375 0.0012005005559033921 -0.003084611484502437 -0.0029122014541303164 -0.0025664794321170869 0.0039928239714916557 0.00051943268556674759 0.0010697205922591082 -0.0056591819901883472 -0.00046959287336198095
leaf_weight=1758 751 929 204823 155765 754 1303 527 715 1993 734 35221 2572 1109 1204
leaf_count=1758 751 929 204823 155765 754 1303 527 715 1993 734 35221 2572 1109 1204
internal_value=1.06207e-06 -0.00152831 7.35585e-06 0.000128302 0.000105239 -0.00149207 -3.45287e-05 0.000131625 -7.11837e-05 0.000280559 0.000419554 0.00035406 -0.000838142 -0.00295918
internal_weight=410158 1680 408478 160822 159064 2584 1830 156480 247656 42833 40840 40106 4885 2313
internal_count=410158 1680 408478 160822 159064 2584 1830 156480 247656 42833 40840 40106 4885 2313
is_linear=0
shrinkage=0.05


Tree=61
num_leaves=15
num_cat=0
split_feature=13 9 22 22 14 22 22 18 22 11 12 5 14 22
split_gain=1.40584 2.65349 3.50833 4.69236 2.42229 3.08006 6.30937 2.20359 2.03047 2.20877 1.93288 3.97102 3.0828 5.63956
threshold=0.67652901727694992 0.19871794871794876 0.024794861960956153 0.016934383436156834 -0.024925032373514674 0.0023317078068142432 -0.0020447367530080358 -0.14329437978336149 0.030750262930672626 -0.15701458788404141 0.0029414326160879249 0.0052619685418344555 0.0029954284667567115 -0.0084369770417030959
decision_type=2 2 2 2 2 2 2 2 2 2 2 2 2 2
left_child=1 2 3 4 5 6 -1 -6 9 -3 12 -12 -2 -14
right_child=10 8 -4 -5 7 -7 -8 -9 -10 -11 11 -13 13 -15
leaf_value=-0.00027742016841708693 5.171310204625942e-05 -0.00045908826165724559 -0.0042381249943727675 0.0024673105371126733 -0.0024388056967753176 -0.0021607550064021855 0.0060435434610879952 -0.00075288916413500525 0.0020664834609475202 9.312568480014339e-05 -2.4667582980247274e-05 -0.0015049288475632882 -0.00041660353392330919 0.00089790329828803341
leaf_weight=1236 121406 25159 671 1195 2317 700 579 11842 1134 64607 132583 4690 11104 30763
leaf_count=1236 121406 25159 671 1195 2317 700 579 11842 1134 64607 132583 4690 11104 30763
internal_value=7.1637e-06 -0.000146269 -0.000691405 -0.000557992 -0.000774946 0.000654768 0.00174124 -0.00102893 -3.5077e-05 -6.16485e-05 6.30347e-05 -7.5252e-05 0.0001793 0.000549267
internal_weight=409986 109440 18540 17869 16674 2515 1815 14159 90900 89766 300546 137273 163273 41867
internal_count=409986 109440 18540 17869 16674 2515 1815 14159 90900 89766 300546 137273 163273 41867
is_linear=0
shrinkage=0.05


Tree=62
num_leaves=15
num_cat=0
split_feature=22 17 18 19 20 22 20 11 11 17 19 20 19 11
split_gain=1.37243 3.59991 3.10157 3.58583 3.45631 3.00737 3.57298 4.43814 4.31625 2.89051 2.76474 11.0998 4.82617 4.15853
threshold=0.02110561493580099 -0.0084849884454015739 0.0083208763833580984 0.010200166289976999 0.015055896226332523 0.024456199472105426 -0.0067444348660346534 0.23727860013668964 -0.2652573919501986 -0.022806827123978964 0.014550807801787415 0.013300871955522988 0.015964561934840752 0.13125943243689905
decision_type=2 2 2 2 2 2 2 2 2 2 2 2 2 2
left_child=10 9 5 -4 -5 -3 -7 8 -8 -2 -1 12 13 -12
right_child=1 2 3 4 -6 6 7 -9 -10 -11 11 -13 -14 -15
leaf_value=6.5903282063413037e-07 0.001229872834023241 0.0026604508053008225 0.0035311661404555531 0.00023104868632235648 -0.0021488908924145876 0.0026457830535290151 -0.0021292574229311335 -0.0027223991253780156 0.0020977243332129586 -0.0024993011772628947 -0.00090319921806989172 -0.008074900374989074 0.00068926290905404303 -0.0051555410614566493
leaf_weight=376674 728 2781 728 12226 1742 1626 840 1173 2142 1810 2434 510 4074 752
leaf_count=376674 728 2781 728 12226 1742 1626 840 1173 2142 1810 2434 510 4074 752
internal_value=5.08985e-06 0.000358133 0.000553266 0.000112522 -6.58948e-05 0.00130967 0.000659514 -0.000118234 0.000906711 -0.00142956 -1.86001e-05 -0.000952122 -0.000450718 -0.00190819
internal_weight=410240 25796 23258 14696 13968 8562 5781 4155 2982 2538 384444 7770 7260 3186
internal_count=410240 25796 23258 14696 13968 8562 5781 4155 2982 2538 384444 7770 7260 3186
is_linear=0
shrinkage=0.05


Tree=63
num_leaves=15
num_cat=0
split_feature=19 19 17 4 21 20 10 19 9 19 18 19 19 19
split_gain=1.21663 7.86807 9.22256 6.68908 6.99834 6.05799 4.92274 5.66605 3.58115 4.31377 3.2719 3.10763 3.37054 3.0782
threshold=-0.015770480814588091 -0.015240296813500585 0.011481856311468254 0.00166774072236906 -0.19781117049292118 0.0039076107014520698 3.5000000000000004 -0.020707881803070146 0.53205128205128216 -0.015369902406364875 0.54484678871579062 -0.022957146497341426 -0.028811006006034808 -0.017798949852377007
decision_type=2 2 2 2 2 2 2 2 2 2 2 2 2 2
left_child=3 2 5 11 6 8 7 -5 9 -2 13 12 -1 -6
right_child=1 -3 -4 4 10 -7 -8 -9 -10 -11 -12 -13 -14 -15
leaf_value=-0.0025807191273863675 -0.00082839446545742541 3.4088396631091435e-07 0.0079077384757065203 0.0071645263970633605 0.00030911538665855793 -0.0014885771413278574 -0.0005035154097497032 0.0018235875514120898 0.0061540414635448005 0.0049696967185113138 -0.0042194418256656157 -0.0020387309878741023 0.0019637900607716251 -0.0013640885743816495
leaf_weight=636 794 379955 611 751 10784 1261 1062 1465 604 537 502 6347 1134 3688
leaf_count=636 794 379955 611 751 10784 1261 1062 1465 604 537 502 6347 1134 3688
internal_value=4.31773e-07 2.30058e-05 0.00228447 -0.000328089 0.00020299 0.0012073 0.00229517 0.00363604 0.00296401 0.00151286 -0.000255138 -0.00152216 0.000330313 -0.000117344
internal_weight=410131 383762 3807 26369 18252 3196 3278 2216 1935 1331 14974 8117 1770 14472
internal_count=410131 383762 3807 26369 18252 3196 3278 2216 1935 1331 14974 8117 1770 14472
is_linear=0
shrinkage=0.05


Tree=64
num_leaves=15
num_cat=0
split_feature=11 18 14 11 11 21 19 22 14 22 22 21 19 7
split_gain=1.96094 1.65298 1.42684 5.57667 3.48405 3.38227 3.2586 3.06928 5.28536 4.19718 5.75304 2.8041 2.79572 2.75267
threshold=-0.92473859748151066 -0.32331483426623903 -0.024925032373514674 -0.69315592758838906 -0.73232979832926925 0.22802238242982015 -0.020040447767126709 0.0023317078068142432 -0.063250778585040954 0.0018831582652828473 0.0015971118462702052 0.33083275048105359 0.0075526396297964657 -0.45660306885021534
decision_type=2 2 2 2 2 2 2 2 2 2 2 2 2 2
left_child=1 -1 3 -2 -4 7 11 9 12 10 13 -7 -9 -5
right_child=2 -3 4 5 -6 6 -8 8 -10 -11 -12 -13 -14 -15
leaf_value=0.0013801397813102388 0.0019542717802508449 -0.0010074916417906847 -0.0016723930748867846 0.0036347343010202818 -1.1256359316003787e-05 -0.00084058464636844121 -0.00039359067358849464 -0.0050526922958388483 -2.3576551663915479e-05 0.0038239181437466014 -0.004903932865698981 -0.005957576341333138 -0.00070679856936119417 0.00041203767499303317
leaf_weight=804 4357 7294 3186 673 330493 562 10860 872 9198 914 504 511 643 39265
leaf_count=804 4357 7294 3186 673 330493 562 10860 872 9198 914 504 511 643 39265
internal_value=-5.10356e-09 -0.000770297 1.55123e-05 0.000223619 -2.7122e-05 0.000105775 -0.000653454 0.000279781 -0.000474432 0.000475162 0.000399387 -0.00328075 -0.00320988 0.000466433
internal_weight=410136 8098 402038 68359 333679 64002 11933 52069 10713 41356 40442 1073 1515 39938
internal_count=410136 8098 402038 68359 333679 64002 11933 52069 10713 41356 40442 1073 1515 39938
is_linear=0
shrinkage=0.05


Tree=65
num_leaves=15
num_cat=0
split_feature=12 16 10 13 10 3 13 13 4 2 9 4 21 9
split_gain=1.36386 3.38698 2.95924 1.57155 1.40553 3.00665 5.31921 2.76502 2.51086 2.35723 4.45162 3.11989 2.80755 2.18741
threshold=0.077087298858586242 0.56250000000000011 2.5000000000000004 1.4384387472417679 2.5000000000000004 -0.0070527016114840238 1.3717241742661119 1.0967271830565906 0.0032704480442329663 -0.0078831388201393553 0.68589743589743601 0.0028322871811560387 -0.31143932449797945 0.2371794871794872
decision_type=2 2 2 2 2 2 2 2 2 2 2 2 2 2
left_child=4 -2 -3 -4 9 6 -6 -7 -8 10 12 -12 -1 -9
right_child=1 2 3 -5 5 7 8 13 -10 -11 11 -13 -14 -15
leaf_value=0.001811251760023279 0.00041334533973980153 -0.0044082101724704243 0.0013090447696593897 -0.0023130816596036224 -0.00091318390567192312 0.00010706383640516511 0.00031750215625584626 0.00040465505940924192 0.0035399887540670744 4.543192979262441e-05 0.0011120120990949379 0.0059516558767869496 -1.71177840047666e-06 -0.00060793203010756037
leaf_weight=2791 2443 941 548 658 20241 104930 1675 6618 945 229736 684 649 9081 27463
leaf_count=2791 2443 941 548 658 20241 104930 1675 6618 945 229736 684 649 9081 27463
internal_value=-2.99467e-06 -0.000859938 -0.00230828 -0.000667486 6.72394e-06 -0.000107413 -0.000638776 -2.00236e-05 0.00148072 8.27735e-05 0.000732377 0.00347099 0.000424616 -0.000411297
internal_weight=409403 4590 2147 1206 404813 161872 22861 139011 2620 242941 13205 1333 11872 34081
internal_count=409403 4590 2147 1206 404813 161872 22861 139011 2620 242941 13205 1333 11872 34081
is_linear=0
shrinkage=0.05


Tree=66
num_leaves=15
num_cat=0
split_feature=7 11 9 11 17 19 22 22 13 19 19 10 13 19
split_gain=1.16399 4.80686 3.19507 1.27406 2.61549 3.31959 4.32247 5.30501 4.19902 4.09066 8.1155 5.9175 6.81892 4.94287
threshold=0.67949542933190676 0.10090595483807742 0.5705128205128206 0.33895810764962914 0.0042331590958286655 -0.0092689585092878262 -0.00030812269033381185 -0.0014157706227118092 1.4917991362724539 0.0038022525697682945 0.0037095677281956401 1.0000000180025095e-35 0.85374632703964914 0.011088435550877797
decision_type=2 2 2 2 2 2 2 2 2 2 2 2 2 2
left_child=3 2 -2 -1 5 8 7 -7 -5 10 11 -8 -13 -11
right_child=1 -3 -4 4 -6 6 9 -9 -10 13 -12 12 -14 -15
leaf_value=5.1080078284358907e-05 -0.006180552792955216 0.0020993979726413397 -0.0006203290613163155 -0.0017432706396413998 0.00045142337782624951 0.00015945525777259591 0.0013362911169674408 0.0030295480981720607 0.0013439997610017065 0.00052315581818284035 -0.0070786984051808589 -0.00013337624497193593 -0.0027587797937707386 -0.0012679762103961071
leaf_weight=338655 519 638 514 6978 13143 15779 2307 1792 1307 12199 563 4839 5058 5628
leaf_count=338655 519 638 514 6978 13143 15779 2307 1792 1307 12199 563 4839 5058 5628
internal_value=5.64676e-06 -0.00131091 -0.00341717 1.10388e-05 -0.000183809 -0.000331713 -0.000172678 0.000452321 -0.00125613 -0.000531635 -0.00121479 -0.000943716 -0.00147527 -4.23456e-05
internal_weight=409919 1671 1033 408248 69593 56450 48165 17571 8285 30594 12767 12204 9897 17827
internal_count=409919 1671 1033 408248 69593 56450 48165 17571 8285 30594 12767 12204 9897 17827
is_linear=0
shrinkage=0.05


Tree=67
num_leaves=15
num_cat=0
split_feature=19 19 21 17 19 11 19 21 19 11 11 19 7 10
split_gain=1.20781 4.56318 3.62965 10.4172 5.12133 5.82316 4.42314 6.6886 4.75654 4.002 4.94941 5.69118 5.67816 3.45757
threshold=-0.0030796110586879251 -0.0027313307792880544 0.22457120433178546 0.011481856311468254 -0.0040816337114733528 -0.45257185120938392 -0.020040447767126709 0.38246588669450438 -0.0032589315379248913 1.033669526554259 1.0000000180025095e-35 -0.0043087394022177086 -0.35043061333086983 3.5000000000000004
decision_type=2 2 2 2 2 2 2 2 2 2 2 2 2 2
left_child=2 13 3 4 9 -6 7 -4 -8 10 11 12 -1 -2
right_child=1 -3 6 -5 5 -7 8 -9 -10 -11 -12 -13 -14 -15
leaf_value=0.0029115871811843871 -0.00057292680800390464 -2.2378966828381838e-05 -0.00081655045035989356 0.0059572070354224115 0.00564335034607242 0.00094756753995998511 -9.2250520163749631e-05 -0.0069018244647444079 -0.0048951339662135574 0.0027377819354813286 -0.0002878559559309762 -0.0037835474329411911 0.0003901686356581286 -0.0029064858749218107
leaf_weight=2369 5375 273444 1615 796 707 9796 23622 626 526 1413 48263 776 38594 2252
leaf_count=2369 5375 273444 1615 796 707 9796 23622 626 526 1413 48263 776 38594 2252
internal_value=2.1218e-06 -5.60276e-05 0.000128719 0.000263097 0.000218567 0.00126417 -0.000394314 -0.00251873 -0.000197067 9.8422e-05 5.6955e-05 0.000455659 0.000536057 -0.00126224
internal_weight=410174 281071 129103 102714 101918 10503 26389 2241 24148 91415 90002 41739 40963 7627
internal_count=410174 281071 129103 102714 101918 10503 26389 2241 24148 91415 90002 41739 40963 7627
is_linear=0
shrinkage=0.05


Tree=68
num_leaves=15
num_cat=0
split_feature=21 22 19 9 18 9 17 19 20 19 19 20 19 19
split_gain=1.36594 5.86448 2.90856 10.4659 3.89851 7.14201 3.55845 7.00953 4.58613 2.41099 2.15555 2.14666 4.57014 4.76624
threshold=-0.3482479493361792 -0.023954451333595025 0.0092849919752640026 0.25000000000000006 -0.678561024072874 0.69871794871794879 -0.0090156131455140214 0.010871596493919779 -0.022706456328621723 -0.0020108370170823227 -0.016937014377549572 -0.0032897622642025777 0.0038022525697682945 0.00486470849345333
decision_type=2 2 2 2 2 2 2 2 2 2 2 2 2 2
left_child=1 -1 4 -4 5 9 8 -8 -5 -3 -6 12 -2 -14
right_child=11 2 3 6 10 -7 7 -9 -10 -11 -12 -13 13 -15
leaf_value=0.0042319455575398606 -0.00045654103382446475 -0.0014465360990313153 -0.0072427998496587022 0.00061541787937937796 -0.0025556390258895342 -0.0047339357384729849 -0.00083582781752746167 0.0063377592322696134 -0.0035359710595464565 0.0028372186521118648 0.00076700331556810164 5.2169571314085235e-05 0.0017719010252667451 2.4068261985837905e-05
leaf_weight=937 66634 599 573 1615 500 977 866 560 1130 725 19058 282818 4509 28860
leaf_count=937 66634 599 573 1615 500 977 866 560 1130 725 19058 282818 4509 28860
internal_value=6.23168e-06 0.000346335 0.000209323 -0.000912796 0.000452884 -0.00149344 -4.16701e-05 0.00198376 -0.0010942 0.000899546 0.000681934 -1.8236e-05 -0.000217348 0.000260291
internal_weight=410361 27540 26603 4744 21859 2301 4171 1426 2745 1324 19558 382821 100003 33369
internal_count=410361 27540 26603 4744 21859 2301 4171 1426 2745 1324 19558 382821 100003 33369
is_linear=0
shrinkage=0.05


Tree=69
num_leaves=15
num_cat=0
split_feature=17 22 22 17 22 22 14 17 22 22 9 10 10 22
split_gain=1.48654 4.03855 4.72314 4.12617 3.89995 6.37475 5.77784 4.25096 5.02799 4.53691 4.07479 6.87503 3.87884 3.61514
threshold=0.0031394545230130082 0.012564574239471217 0.011667948686343356 -0.0087495576860018281 -0.023954451333595025 -0.015643102555330853 -0.041317057004862316 -0.012181110908816793 -0.010906867470803659 0.0059843702745717717 0.40384615384615391 1.5000000000000002 2.5000000000000004 0.0092420802283824672
decision_type=2 2 2 2 2 2 2 2 2 2 2 2 2 2
left_child=1 2 3 4 10 6 -6 9 -9 -7 -1 -12 -4 -2
right_child=13 -3 12 -5 5 7 -8 8 -10 -11 11 -13 -14 -15
leaf_value=-0.00025038696639828226 0.00031345564052607562 0.0003540234051149472 -0.0023271032572136051 -0.00017293032816312852 0.0023931026023180624 -0.00063624681744572323 -0.0036029741936348851 0.004277243713825425 0.0008949831153818212 0.0035641523008050342 0.0076355281949525532 0.0010081317040451848 1.2027853034208132e-05 -0.00035264874889231465
leaf_weight=914 81889 47774 4436 224866 524 6798 1713 1275 7920 709 701 885 2951 27113
leaf_count=914 81889 47774 4436 224866 524 6798 1713 1275 7920 709 701 885 2951 27113
internal_value=-1.04729e-05 -6.76888e-05 -0.000147105 -0.00010974 0.00055302 0.000307947 -0.002198 0.000643695 0.00136439 -0.000239117 0.00240873 0.00394036 -0.00139278 0.000147768
internal_weight=410468 301466 253692 246305 21439 18939 2237 16702 9195 7507 2500 1586 7387 109002
internal_count=410468 301466 253692 246305 21439 18939 2237 16702 9195 7507 2500 1586 7387 109002
is_linear=0
shrinkage=0.05


Tree=70
num_leaves=15
num_cat=0
split_feature=7 5 22 10 17 5 22 22 9 22 22 17 9 18
split_gain=1.3452 3.37527 1.68602 1.26674 2.95998 6.72033 3.25453 4.10544 4.26427 3.26959 3.57366 4.23598 8.72487 3.82655
threshold=0.67949542933190676 0.0036712399901391505 -0.0035507500699033519 1.5000000000000002 0.0086512714193213176 0.0064464434597821859 0.0207363876269866 0.021306054382222109 0.35256410256410259 0.0095209649417882253 0.015776097802743475 -0.0092704104127101488 0.64743589743589758 -0.14972886417929779
decision_type=2 2 2 2 2 2 2 2 2 2 2 2 2 2
left_child=3 2 -2 4 6 -6 9 8 -8 -1 11 12 -11 -13
right_child=1 -3 -4 -5 5 -7 7 -9 -10 10 -12 13 -14 -15
leaf_value=0.00024198419424361047 0.002276885660178658 -0.0047583406322788992 -0.0016142091737294684 -5.5881105564550017e-05 -0.0011244789437707032 0.004748740476377117 0.0070213772481699053 0.00067594427168977207 0.0010897211926330283 -0.0003675621806141696 0.00038012016314401068 0.0011236092091542731 -0.0085358720712459171 -0.00089084523660441491
leaf_weight=115386 501 517 624 247856 8157 517 565 6333 653 875 10577 2827 521 14168
leaf_count=115386 501 517 624 247856 8157 517 565 6333 653 875 10577 2827 521 14168
internal_value=9.25078e-06 -0.00141857 0.000119108 1.49944e-05 0.000124391 -0.000773908 0.00017569 0.00118753 0.00384477 0.000122754 -0.000352156 -0.0007733 -0.00341998 -0.000555708
internal_weight=410077 1642 1125 408435 160579 8674 151905 7551 1218 144354 28968 18391 1396 16995
internal_count=410077 1642 1125 408435 160579 8674 151905 7551 1218 144354 28968 18391 1396 16995
is_linear=0
shrinkage=0.05


Tree=71
num_leaves=15
num_cat=0
split_feature=21 8 18 9 14 22 18 17 20 13 20 14 22 21
split_gain=1.39797 2.83487 1.926 8.08245 1.89305 1.46633 5.95323 3.81168 1.39193 3.32411 1.38768 3.94072 1.61647 9.23651
threshold=-0.78301207392202421 0.099447513812150889 -0.678561024072874 0.69871794871794879 -0.0010012369517148898 -0.047596385518319843 0.087555165043003438 -0.0018154330137723493 0.027853144365438291 1.0335918714290739 0.022606724889857491 -0.01472492519741425 -0.034417383641141601 -0.19781117049292118
decision_type=2 2 2 2 2 2 2 2 2 2 2 2 2 2
left_child=1 -1 3 4 -2 6 7 -4 10 -10 12 -12 13 -7
right_child=2 -3 5 -5 -6 8 -8 -9 9 -11 11 -13 -14 -15
leaf_value=0.0029486952456232729 0.0028410983039883282 -0.001553846282967977 -0.002279431788176571 -0.0064345813730217923 -0.0011662503864335709 0.0057348742309982267 -0.0051209236650018959 0.0033550493442344818 -0.00033157031372007932 0.0047301513900131842 -0.0039605002016672042 0.00098315270217569253 -2.4108865361872323e-06 6.2716705985098011e-06
leaf_weight=1071 560 518 562 588 620 825 681 642 851 523 796 815 396253 4750
leaf_count=1071 560 518 562 588 620 825 681 642 851 523 796 815 396253 4750
internal_value=1.1438e-06 0.00148085 -4.61612e-06 -0.00165085 0.000736338 2.54444e-06 -0.00138838 0.000725292 9.02467e-06 0.00159716 3.61197e-06 -0.00146046 9.48533e-06 0.000854879
internal_weight=410055 1589 408466 1768 1180 406698 1885 1204 404813 1374 403439 1611 401828 5575
internal_count=410055 1589 408466 1768 1180 406698 1885 1204 404813 1374 403439 1611 401828 5575
is_linear=0
shrinkage=0.05


Tree=72
num_leaves=15
num_cat=0
split_feature=19 19 17 4 21 20 19 9 19 7 19 11 9 20
split_gain=1.36135 7.37397 9.86755 6.35634 5.48015 5.05248 3.89987 3.74841 3.34096 2.82756 3.23314 5.80251 3.95401 3.20164
threshold=-0.015770480814588091 -0.015240296813500585 0.011481856311468254 0.0013824937301152309 -0.25210971883585664 0.0045424445982938941 -0.022957146497341426 0.53205128205128216 -0.015369902406364875 0.500629145666588 -0.017798949852377007 -0.42665374864339062 0.68589743589743601 0.0029508279328847036
decision_type=2 2 2 2 2 2 2 2 2 2 2 2 2 2
left_child=3 2 5 6 -5 7 -1 8 -2 10 -6 -12 13 -13
right_child=1 -3 -4 4 9 -7 -8 -9 -10 -11 11 12 -14 -15
leaf_value=0.00092707163163626468 -0.00087301565283126137 5.4104335568997812e-06 0.0079882314163534241 0.0022190950275442923 0.0002790974175224158 -0.0015195014682358962 -0.0025743613871990444 0.00586960796833964 0.0041556402170283575 -0.0035849229262028917 0.0037657274361911487 -0.0012154210916110245 0.0023514430597166057 -0.0041042547839256717
leaf_weight=980 813 380222 620 2538 12940 1166 4207 614 555 616 527 2594 517 1522
leaf_count=980 813 380222 620 2538 12940 1166 4207 614 555 616 527 2594 517 1522
internal_value=3.32966e-06 2.72254e-05 0.00222795 -0.000343685 3.93196e-05 0.00109128 -0.00191277 0.00262719 0.00116866 -0.000256374 -0.000142901 -0.00120102 -0.00176667 -0.00228438
internal_weight=410431 383990 3768 26441 21254 3148 5187 1982 1368 18716 18100 5160 4633 4116
internal_count=410431 383990 3768 26441 21254 3148 5187 1982 1368 18716 18100 5160 4633 4116
is_linear=0
shrinkage=0.05


Tree=73
num_leaves=15
num_cat=0
split_feature=9 18 21 8 11 9 18 18 10 14 11 18 22 20
split_gain=1.35865 4.04392 1.89296 2.08486 1.62234 2.53081 2.74031 2.51638 3.26079 1.8947 4.56053 2.38282 3.92862 3.34595
threshold=0.77564102564102577 -0.6058679493857041 -0.78301207392202421 0.077519379844959643 -0.92473859748151066 0.55769230769230782 0.0083208763833580984 -0.3010762409821735 3.5000000000000004 -0.027136261080040299 -0.69315592758838906 0.44654354244906352 -0.0093947345948580657 0.014071119116780053
decision_type=2 2 2 2 2 2 2 2 2 2 2 2 2 2
left_child=2 -2 3 -1 5 7 -7 -4 -9 10 -6 -11 -13 -14
right_child=1 -3 4 -5 9 6 -8 8 -10 11 -12 12 13 -15
leaf_value=0.0037338535289620648 -0.0042468598896142863 -0.00023490899056279827 0.0032027014120742294 -0.00028869754428974091 0.0019736118536812703 -0.0036807922296797969 -0.00026528755581213277 0.00011981250399528021 -0.0034576147022837645 -2.3277760993653175e-05 0.00018778424776040619 -0.0017556696705550601 0.0025621478553705741 -0.00053633717050373582
leaf_weight=720 642 27124 523 582 3830 1234 1120 4017 756 310958 53506 1016 3122 1208
leaf_count=720 642 27124 523 582 3830 1234 1120 4017 756 310958 53506 1016 3122 1208
internal_value=9.88913e-06 -0.000327822 3.43988e-05 0.00193691 2.78971e-05 -0.000692845 -0.00205655 -8.64248e-05 -0.000447425 4.26556e-05 0.000307108 -5.28221e-06 0.00104126 0.0016978
internal_weight=410358 27766 382592 1302 381290 7650 2354 5296 4773 373640 57336 316304 5346 4330
internal_count=410358 27766 382592 1302 381290 7650 2354 5296 4773 373640 57336 316304 5346 4330
is_linear=0
shrinkage=0.05


Tree=74
num_leaves=15
num_cat=0
split_feature=7 17 18 9 14 19 19 17 21 21 10 19 13 19
split_gain=1.47071 3.15201 1.44677 6.00881 2.19396 1.37592 7.83027 9.95354 4.25521 3.4294 5.28222 8.42112 3.60349 3.11863
threshold=-0.71814462292234882 -0.0059577531826309751 -0.678561024072874 0.69871794871794879 -0.0082934683394784142 -0.015770480814588091 -0.015240296813500585 0.011481856311468254 0.19450031032779866 -0.097722185883957993 3.5000000000000004 -0.020040447767126709 1.236257056636048 -0.017798949852377007
decision_type=2 2 2 2 2 2 2 2 2 2 2 2 2 2
left_child=1 -1 3 4 -2 9 7 8 -7 10 11 -4 -13 -11
right_child=2 -3 5 -5 -6 6 -8 -9 -10 13 -12 12 -14 -15
leaf_value=0.0031011880747929864 0.0032579834049159188 -0.0016331873838772105 0.0039132624060289412 -0.0043431958653079366 -0.00061657972563010691 0.0021205670483593901 8.9698645887300418e-06 0.00814276809375695 -0.0023414627048425275 -0.00029748896836654043 -0.0013353036217440906 -0.00080632176397856968 0.0035809671863331043 -0.0017325444738203071
leaf_weight=1056 539 526 2061 950 1129 2508 375979 609 678 12591 2647 2957 555 5413
leaf_count=1056 539 526 2061 950 1129 2508 375979 609 678 12591 2647 2957 555 5413
internal_value=5.93101e-06 0.00152702 3.82477e-08 -0.00117136 0.000636654 7.59468e-06 3.17826e-05 0.00229129 0.00117058 -0.00034268 0.000503489 0.00137694 -0.000112178 -0.000729018
internal_weight=410198 1582 408616 2618 1668 405998 379774 3795 3186 26224 8220 5573 3512 18004
internal_count=410198 1582 408616 2618 1668 405998 379774 3795 3186 26224 8220 5573 3512 18004
is_linear=0
shrinkage=0.05


Tree=75
num_leaves=15
num_cat=0
split_feature=9 18 11 13 9 13 22 21 6 8 22 11 20 20
split_gain=1.19817 4.06355 1.74562 3.03596 2.87589 2.3034 1.89472 1.71953 1.68101 1.65409 1.45567 3.47945 1.94391 1.44686
threshold=0.77564102564102577 -0.678561024072874 -1.141949083518101 1.5335466921100804 0.39102564102564108 0.95485386476082879 -0.0021119001818480916 -0.78301207392202421 1.8221699192707395 0.077519379844959643 -0.020017855619632815 -0.026909005449764701 0.0050421348790450357 0.014071119116780053
decision_type=2 2 2 2 2 2 2 2 2 2 2 2 2 2
left_child=2 -2 3 4 6 -6 -1 9 -8 -4 11 12 -3 -12
right_child=1 10 7 -5 5 -7 8 -9 -10 -11 13 -13 -14 -15
leaf_value=-0.0017515779680509003 -0.0047654156496438269 0.0027906438567919484 0.0034132711157695665 0.0026616724759356367 -0.0014636511018287887 -0.0048820237960995622 -0.00059221451230979331 2.3799984647387602e-05 0.003465104308066097 -0.00014381871844831284 -0.00022816105970423656 -0.0034662088555304604 -0.0015966979727212551 0.0013866226825426733
leaf_weight=821 504 507 733 513 1423 754 501 376680 519 589 23816 1087 501 1472
leaf_count=821 504 507 733 513 1423 754 501 376680 519 589 23816 1087 501 1472
internal_value=-4.6418e-06 -0.000321044 1.8425e-05 -0.000957039 -0.00141961 -0.0026493 3.51604e-05 3.01201e-05 0.00147362 0.00182954 -0.000239072 -0.00150531 0.000610609 -0.000134114
internal_weight=410420 27887 382533 4531 4018 2177 1841 378002 1020 1322 27383 2095 1008 25288
internal_count=410420 27887 382533 4531 4018 2177 1841 378002 1020 1322 27383 2095 1008 25288
is_linear=0
shrinkage=0.05


Tree=76
num_leaves=15
num_cat=0
split_feature=22 19 17 18 9 22 22 9 9 18 3 19 17 9
split_gain=1.2615 2.90447 2.51818 3.50613 3.1707 2.91266 4.06306 6.79797 4.69375 2.78995 2.22951 2.0875 11.0505 7.82781
threshold=0.02110561493580099 0.010608019426262218 -0.0084849884454015739 0.0083208763833580984 0.31410256410256415 0.025661183302624017 0.030750262930672626 0.22435897435897439 0.54487179487179505 -0.12057923845699256 -0.003036112893547049 0.014550807801787415 0.0097614773541407924 0.33974358974358981
decision_type=2 2 2 2 2 2 2 2 2 2 2 2 2 2
left_child=11 -2 4 5 -3 9 7 -7 -9 10 -4 -1 13 -13
right_child=1 2 3 -5 -6 6 -8 8 -10 -11 -12 12 -14 -15
leaf_value=-2.1013409590980709e-06 0.003304842561555236 -0.0045138032545849003 0.0061661332295665098 -7.0883282199143657e-05 -0.00029284440681390993 -0.0062183768669868619 0.001976454371297624 0.0027782296244651342 -0.002227187072430979 0.0013525230197316952 0.0017539631491271445 0.0019829648854759311 -0.0075382685587292962 -0.0014922200318512884
leaf_weight=376856 801 572 660 13859 1991 504 2027 952 920 2867 507 2466 568 4721
leaf_count=376856 801 572 660 13859 1991 504 2027 952 920 2867 507 2466 568 4721
internal_value=3.8342e-06 0.000343265 0.000247709 0.000418343 -0.00123625 0.00122188 0.000332512 -0.0010702 0.000318427 0.00219228 0.00425242 -1.88124e-05 -0.000830784 -0.000299706
internal_weight=410271 25660 24859 22296 2563 8437 4403 2376 1872 4034 1167 384611 7755 7187
internal_count=410271 25660 24859 22296 2563 8437 4403 2376 1872 4034 1167 384611 7755 7187
is_linear=0
shrinkage=0.05


Tree=77
num_leaves=15
num_cat=0
split_feature=22 12 22 22 20 19 20 18 19 22 20 9 22 22
split_gain=1.22854 1.50566 1.38025 3.34844 5.88327 3.63159 1.42516 4.54561 3.58525 4.2304 4.46405 3.26033 7.38153 3.21852
threshold=0.038391206432345622 0.077087298858586242 0.033548887810287871 0.030750262930672626 -0.0046243883506621999 0.024298371360188867 -0.0024356030110788125 0.071888531355277133 0.014930361040808362 0.0027517526642542038 -0.0049653134808820268 0.13461538461538464 -0.011230846980097796 -0.00095431438089405008
decision_type=2 2 2 2 2 2 2 2 2 2 2 2 2 2
left_child=2 -2 3 6 -5 -6 7 11 9 10 -9 12 -1 -12
right_child=1 -3 -4 4 5 -7 -8 8 -10 -11 13 -13 -14 -15
leaf_value=0.0018320241626117962 0.0025340602876780657 -0.00024197615146663966 -0.0010156146241277894 0.0065717961103454294 -0.0018294493917566813 0.0026823666728980761 5.4891735054914173e-05 -0.00017473799430369068 -0.0050834450195392841 0.00048313856874357582 -0.0038347535118572959 1.2664798896760524e-05 -0.0016471508303064067 -0.0008929347294716792
leaf_weight=1906 1049 913 3390 520 851 935 263184 3005 540 3595 2475 118544 7602 1490
leaf_count=1906 1049 913 3390 520 851 935 263184 3005 540 3595 2475 118544 7602 1490
internal_value=-5.05923e-06 0.00124279 -1.10624e-05 -2.64411e-06 0.0018968 0.000532739 -1.35354e-05 -0.000142949 -0.0011133 -0.00090991 -0.00162839 -5.87903e-05 -0.000949586 -0.00272976
internal_weight=409999 1962 408037 404647 2306 1786 402341 139157 11105 10565 6970 128052 9508 3965
internal_count=409999 1962 408037 404647 2306 1786 402341 139157 11105 10565 6970 128052 9508 3965
is_linear=0
shrinkage=0.05


Tree=78
num_leaves=15
num_cat=0
split_feature=11 4 19 20 17 19 17 22 13 22 5 23 20 5
split_gain=1.32909 2.44803 2.03428 3.13921 4.25488 1.99318 3.58175 2.56433 5.29815 3.94945 3.235 2.55129 2.53034 2.46726
threshold=0.38521310393701347 0.0069696018023244133 0.01215554638199823 -0.018061673247038165 -0.0080409320208080209 0.0079034646438191931 0.0029128390278390097 -0.00030812269033381185 1.0849466512486734 -0.0014157706227118092 0.0017061909649971297 -0.0060035940305498961 -0.0092778991408544158 0.003089504735577456
decision_type=2 2 2 2 2 2 2 2 2 2 2 2 2 2
left_child=-1 2 5 -4 -5 7 12 9 -9 13 -10 -12 -7 -2
right_child=1 -3 3 4 -6 6 -8 8 10 -11 11 -13 -14 -15
leaf_value=4.0010037999471684e-05 -0.00032627871432862874 -0.0035930944768155235 0.002276699936461677 -0.0058501618642162788 -0.0010316838235514734 -0.0016591152298833863 -0.0012740114190123064 -0.00016031796950739374 0.00018772958744805486 0.0024493157797485232 -0.00044605071274784439 -0.0035333316006716797 0.0019595924951640166 0.00079174193145118462
leaf_weight=350916 19833 531 598 515 4094 552 1578 14200 1200 1683 878 2817 3830 6568
leaf_count=350916 19833 531 598 515 4094 552 1578 14200 1200 1683 878 2817 3830 6568
internal_value=3.12597e-06 -0.000216706 -0.000185917 -0.00112897 -0.00157124 -9.34886e-05 0.000767999 -0.000202332 -0.000649362 0.000101627 -0.00206772 -0.00280006 0.00150347 -4.81198e-05
internal_weight=409793 58877 58346 5207 4609 53139 5960 47179 19095 28084 4895 3695 4382 26401
internal_count=409793 58877 58346 5207 4609 53139 5960 47179 19095 28084 4895 3695 4382 26401
is_linear=0
shrinkage=0.05


Tree=79
num_leaves=15
num_cat=0
split_feature=17 18 17 10 9 20 11 17 9 11 11 20 18 9
split_gain=1.12898 2.55128 2.31954 2.78488 2.59425 3.20271 2.2004 3.08873 4.46386 7.45388 2.74136 2.04867 1.95498 1.88012
threshold=0.0031394545230130082 0.085794029882212755 0.010479764971520479 3.5000000000000004 0.5705128205128206 0.0080494982623106077 -0.058783973110554277 0.0076956741348659383 0.21153846153846156 -0.51983124674684367 -0.35502573030037915 0.0067005346729340784 0.39372764927844067 0.26282051282051283
decision_type=2 2 2 2 2 2 2 2 2 2 2 2 2 2
left_child=12 2 3 4 -2 -6 7 10 9 -9 -3 -10 -1 -12
right_child=1 6 -4 -5 5 -7 -8 8 11 -11 13 -13 -14 -15
leaf_value=-7.3499289333799821e-05 -0.00037616972380405769 0.00078722604259995007 0.0038327095889954007 0.0019514768704898913 0.0001811803183274786 0.0031707289473663887 0.00023349559006819199 0.0065321680553349359 -0.0040370300496889193 -0.00095308883818125991 -0.0013399520660455433 -0.0010005805113049403 0.0019946748752108215 -2.9521675542373493e-05
leaf_weight=300354 6569 8830 584 3029 2501 1395 55024 526 581 901 3461 12265 1146 13073
leaf_count=300354 6569 8830 584 3029 2501 1395 55024 526 581 901 3461 12265 1146 13073
internal_value=-1.58184e-05 0.000122297 0.000750289 0.000616613 0.000230099 0.00125216 2.88955e-05 -0.000255129 -0.000843485 0.00180866 7.59753e-05 -0.00113822 -6.56316e-05 -0.000303894
internal_weight=410239 108739 14078 13494 10465 3896 94661 39637 14273 1427 25364 12846 301500 16534
internal_count=410239 108739 14078 13494 10465 3896 94661 39637 14273 1427 25364 12846 301500 16534
is_linear=0
shrinkage=0.05


end of trees

feature_importances:
qqq_prior_ret=230
spy_prior_ret=179
qqq_from_open=98
spy_from_open=85
prior_range_atr=82
gap=78
tod=70
qqq_vwap_dist=60
spy_vwap_dist=59
dow=57
dist_ma5=32
vwap_dist=20
rv_36=19
rv_12=18
prior_ret=17
ret_12=6
session_pos=5
rvol=2
ret_6=1
xs_rank_vwap=1
resid_12=1

parameters:
[boosting: gbdt]
[objective: regression]
[metric: l2]
[tree_learner: serial]
[device_type: cpu]
[data_sample_strategy: bagging]
[data: ]
[valid: ]
[num_iterations: 80]
[learning_rate: 0.05]
[num_leaves: 15]
[num_threads: 4]
[seed: 21]
[deterministic: 0]
[force_col_wise: 1]
[force_row_wise: 0]
[histogram_pool_size: -1]
[max_depth: -1]
[min_data_in_leaf: 500]
[min_sum_hessian_in_leaf: 0.001]
[bagging_fraction: 0.8]
[pos_bagging_fraction: 1]
[neg_bagging_fraction: 1]
[bagging_freq: 1]
[bagging_seed: 21]
[bagging_by_query: 0]
[feature_fraction: 0.8]
[feature_fraction_bynode: 1]
[feature_fraction_seed: 21]
[extra_trees: 0]
[extra_seed: 28722]
[early_stopping_round: 0]
[early_stopping_min_delta: 0]
[first_metric_only: 0]
[max_delta_step: 0]
[lambda_l1: 0]
[lambda_l2: 1]
[linear_lambda: 0]
[min_gain_to_split: 0]
[drop_rate: 0.1]
[max_drop: 50]
[skip_drop: 0.5]
[xgboost_dart_mode: 0]
[uniform_drop: 0]
[drop_seed: 3169]
[top_rate: 0.2]
[other_rate: 0.1]
[min_data_per_group: 100]
[max_cat_threshold: 32]
[cat_l2: 10]
[cat_smooth: 10]
[max_cat_to_onehot: 4]
[top_k: 20]
[monotone_constraints: ]
[monotone_constraints_method: basic]
[monotone_penalty: 0]
[feature_contri: ]
[forcedsplits_filename: ]
[refit_decay_rate: 0.9]
[cegb_tradeoff: 1]
[cegb_penalty_split: 0]
[cegb_penalty_feature_lazy: ]
[cegb_penalty_feature_coupled: ]
[path_smooth: 0]
[interaction_constraints: ]
[verbosity: -1]
[saved_feature_importance_type: 0]
[use_quantized_grad: 0]
[num_grad_quant_bins: 4]
[quant_train_renew_leaf: 0]
[stochastic_rounding: 1]
[linear_tree: 0]
[max_bin: 255]
[max_bin_by_feature: ]
[min_data_in_bin: 3]
[bin_construct_sample_cnt: 200000]
[data_random_seed: 107]
[is_enable_sparse: 1]
[enable_bundle: 1]
[use_missing: 1]
[zero_as_missing: 0]
[feature_pre_filter: 1]
[pre_partition: 0]
[two_round: 0]
[header: 0]
[label_column: ]
[weight_column: ]
[group_column: ]
[ignore_column: ]
[categorical_feature: ]
[forcedbins_filename: ]
[precise_float_parser: 0]
[parser_config_file: ]
[objective_seed: 28853]
[num_class: 1]
[is_unbalance: 0]
[scale_pos_weight: 1]
[sigmoid: 1]
[boost_from_average: 1]
[reg_sqrt: 0]
[alpha: 0.9]
[fair_c: 1]
[poisson_max_delta_step: 0.7]
[tweedie_variance_power: 1.5]
[lambdarank_truncation_level: 30]
[lambdarank_norm: 1]
[label_gain: ]
[lambdarank_position_bias_regularization: 0]
[eval_at: ]
[multi_error_top_k: 1]
[auc_mu_weights: ]
[num_machines: 1]
[local_listen_port: 12400]
[time_out: 120]
[machine_list_filename: ]
[machines: ]
[gpu_platform_id: -1]
[gpu_device_id: -1]
[gpu_device_id_list: ]
[gpu_use_dp: 0]
[num_gpu: 1]

end of parameters

pandas_categorical:null
