tree
version=v4
num_class=1
num_tree_per_iteration=1
label_index=0
max_feature_idx=23
objective=regression
feature_names=ret_1 ret_3 ret_6 ret_12 rv_12 rv_36 rvol vwap_dist session_pos tod dow gap prior_ret prior_range_atr dist_ma5 xs_rank_ret12 xs_rank_vwap spy_from_open spy_vwap_dist spy_prior_ret qqq_from_open qqq_vwap_dist qqq_prior_ret resid_12
feature_infos=[-0.042374616171954926:0.072603641149374898] [-0.057756274569095711:0.070828505214368453] [-0.06168192607663614:0.13163010274923637] [-0.082796078777709115:0.1352394740016889] [0.00013561278045815875:0.029113348959159579] [0.00028669541474363256:0.029113348959159579] [0.033580010017566012:23.426706195986295] [-1.5280466795878367:2.8436321049799318] [0:1] [0.076923076923076927:0.82051282051282048] [0:4] [-6.463315457599152:11.39539170506913] [-0.26363045295519982:0.24361493123772093] [0.24135297326786445:3.6175905281771343] [-0.2460895975702353:0.31439283279774077] [0.125:1] [0.125:1] [-0.038975223714718288:0.090608787289234716] [-1.5461791173098252:1.5488443953974635] [-0.059779778290305785:0.094202460782536912] [-0.043461945212021957:0.10599533081421919] [-1.5045934428370884:1.489242662945965] [-0.060974527380846744:0.11743225062463969] [-0.08081582179097524:0.12209126559077021]
tree_sizes=1626 1626 1646 1632 1633 1637 1633 1622 1636 1642 1629 1658 1657 1654 1650 1644 1639 1632 1613 1661 1640 1654 1643 1654 1649 1640 1628 1647 1618 1607 1626 1649 1643 1630 1618 1636 1631 1637 1654 1667 1660 1631 1658 1639 1627 1643 1644 1646 1644 1630 1637 1645 1662 1645 1642 1624 1624 1653 1640 1645 1624 1622 1650 1645 1650 1675 1639 1646 1633 1655 1628 1639 1646 1614 1617 1628 1626 1617 1637 1657

Tree=0
num_leaves=15
num_cat=0
split_feature=14 19 13 12 21 19 10 19 11 19 19 18 19 19
split_gain=0.125111 0.126183 0.114962 0.105425 0.0916119 0.157336 0.130141 0.0989601 0.107526 0.0900439 0.106851 0.0889325 0.0825594 0.166933
threshold=-0.097787285191703696 -0.0038574653470329063 1.4937198340962914 -0.046143589700718517 -0.056774260206897915 -0.019340890612886571 2.5000000000000004 -0.015750767264155471 -0.34526544006222182 -0.020040447767126709 -0.017798949852377007 -0.30747733393096849 -0.011357258456344608 -0.010193857073352129
decision_type=2 2 2 2 2 2 2 2 2 2 2 2 2 2
left_child=1 2 3 -1 5 6 11 8 9 -6 -11 -2 -9 -14
right_child=4 -3 -4 -5 7 -7 -8 12 -10 10 -12 -13 13 -15
leaf_value=3.9536281694251559e-05 0.0010805366097525564 -0.00021742673861998088 0.0011343486174597594 0.00080314178194287053 -0.00022388335501874855 -2.2673794908132022e-05 -1.2529733706547085e-07 0.00016318454619788109 -0.00014237923729965309 0.00076162115361195191 -4.9657413623373713e-05 0.00036033009594390106 -0.00025466423380275834 4.3129404775130358e-05
leaf_weight=1229 554 804 558 714 784 141836 2298 13717 13173 978 693 1891 4805 226156
leaf_count=1229 554 804 558 714 784 141836 2298 13717 13173 978 693 1891 4805 226156
internal_value=2.09054e-05 0.000327249 0.000502372 0.000320399 1.84163e-05 -1.32002e-05 0.000270049 3.62197e-05 -8.57605e-05 0.000217986 0.000425325 0.000523884 4.40112e-05 3.69328e-05
internal_weight=410190 3305 2501 1943 406885 146579 4743 260306 15628 2455 1671 2445 244678 230961
internal_count=410190 3305 2501 1943 406885 146579 4743 260306 15628 2455 1671 2445 244678 230961
is_linear=0
shrinkage=1


Tree=1
num_leaves=15
num_cat=0
split_feature=20 22 10 13 20 22 13 22 22 22 5 22 22 13
split_gain=0.181616 0.170596 0.129827 0.174333 0.112871 0.0989795 0.0828941 0.0775104 0.138965 0.075127 0.0576405 0.0701217 0.119924 0.110855
threshold=-0.0028629199514802468 -0.025747580640957498 2.5000000000000004 0.89626055081397371 0.027716745285560011 -0.034417383641141601 1.0337394459433653 0.035940183515538189 0.034711730432517525 -0.022469593315682154 0.0029736992033313381 0.0014908918336350443 0.0024915639828730911 0.99933998639432975
decision_type=2 2 2 2 2 2 2 2 2 2 2 2 2 2
left_child=1 2 3 -1 -2 -5 -6 8 9 -3 -11 -12 13 -13
right_child=4 7 -4 5 6 -7 -8 -9 -10 10 11 12 -14 -15
leaf_value=2.4393190521983849e-05 2.0692577530325203e-05 -0.0003252399936819817 3.0649477938727833e-06 0.00052593185371787698 0.00011353503189965626 0.0013818040837047594 0.00083001764762579864 0.00037880301653749488 -0.00074493063611267923 -3.3623620071175415e-05 -4.1029507469980435e-05 -0.0002501190894052667 -0.00014522648623973794 -0.0011608309667721626
leaf_weight=1172 273946 2597 3192 911 892 538 737 999 742 92563 16682 790 13719 579
leaf_count=1172 273946 2597 3192 911 892 538 737 999 742 92563 16682 790 13719 579
internal_value=-8.45446e-08 -4.77174e-05 0.000217207 0.000477901 2.3161e-05 0.000844443 0.000438 -5.96876e-05 -6.31216e-05 -5.91301e-05 -5.35691e-05 -0.000111678 -0.000189783 -0.000635859
internal_weight=410059 134484 5813 2621 275575 1449 1629 128671 127672 126930 124333 31770 15088 1369
internal_count=410059 134484 5813 2621 275575 1449 1629 128671 127672 126930 124333 31770 15088 1369
is_linear=0
shrinkage=0.05


Tree=2
num_leaves=15
num_cat=0
split_feature=20 22 19 19 20 22 22 22 14 13 19 19 22 19
split_gain=0.161364 0.149838 0.164558 0.232434 0.101413 0.0777249 0.129836 0.0744937 0.0738364 0.0673936 0.0528522 0.109011 0.102883 0.111045
threshold=-0.0028629199514802468 -0.025747580640957498 -0.020040447767126709 -0.016937014377549572 0.027716745285560011 0.035940183515538189 0.034711730432517525 -0.022469593315682154 -0.097787285191703696 1.0337394459433653 -0.015750767264155471 -0.013229610222952324 -0.021228611705014552 -0.012410437544380813
decision_type=2 2 2 2 2 2 2 2 2 2 2 2 2 2
left_child=1 2 -1 -4 8 6 7 -3 -2 -6 -10 -12 -13 -14
right_child=4 5 3 -5 9 -7 -8 -9 10 -11 11 12 13 -15
leaf_value=5.193541051089492e-05 0.00034160385415627685 -0.00032130490466975161 0.0014670261496621769 0.00015794280838622872 0.00012266967486371542 0.00038513291391565523 -0.00072044452936510361 -4.9808153423415582e-05 -7.1062802738957939e-05 0.0007679261813241529 0.0002089668096573761 -0.00033855515403906187 0.00045475917490146587 1.7854658596914562e-05
leaf_weight=4349 1771 2578 557 865 894 991 737 124366 15764 739 7665 2011 1462 245836
leaf_count=4349 1771 2578 557 865 894 991 737 124366 15764 739 7665 2011 1462 245836
internal_value=3.58055e-07 -4.45648e-05 0.00020466 0.000671384 2.22294e-05 -5.57442e-05 -5.91691e-05 -5.53242e-05 1.98916e-05 0.000414966 1.78013e-05 2.32529e-05 1.75423e-05 2.04394e-05
internal_weight=410585 134443 5771 1422 276142 128672 127681 126944 274509 1633 272738 256974 249309 247298
internal_count=410585 134443 5771 1422 276142 128672 127681 126944 274509 1633 272738 256974 249309 247298
is_linear=0
shrinkage=0.05


Tree=3
num_leaves=15
num_cat=0
split_feature=20 22 10 13 20 22 22 11 22 17 10 22 22 20
split_gain=0.144129 0.138285 0.094887 0.142289 0.0933399 0.0821992 0.091924 0.0810885 0.0888681 0.0712025 0.0582742 0.114976 0.228259 0.0895785
threshold=-0.00473894571477007 -0.025747580640957498 2.5000000000000004 0.85987162660649219 0.027716745285560011 0.035940183515538189 0.034711730432517525 -0.92154605713927895 -0.0077084033250290887 -0.0099527180246483087 2.5000000000000004 0.0086050787755626041 0.0081337182466360031 0.0085005234333470642
decision_type=2 2 2 2 2 2 2 2 2 2 2 2 2 2
left_child=1 2 3 -1 10 6 -3 -6 -9 -5 -2 12 13 -12
right_child=4 5 -4 9 7 -7 -8 8 -10 -11 11 -13 -14 -15
leaf_value=2.5200224008891056e-05 3.2133208125490683e-05 -6.4958235841144381e-05 1.3373148398374937e-05 0.0012670254589500496 -0.00013028738631500701 0.00041695980181214517 -0.00065442376463516606 0.0010731245217890173 0.00018433195569269109 0.00047218659217920875 -5.6048691531330405e-05 7.1393589281246506e-05 -0.00075495637656621971 7.8868602075634253e-05
leaf_weight=1012 189170 95653 2760 525 508 877 665 564 561 611 71061 30161 1107 14878
leaf_count=1012 189170 95653 2760 525 508 877 665 564 561 611 71061 30161 1107 14878
internal_value=-8.70139e-08 -5.15689e-05 0.000207351 0.000456473 1.69789e-05 -6.46454e-05 -6.90348e-05 0.000393876 0.000630471 0.000840311 1.49688e-05 -1.27343e-05 -4.18847e-05 -3.26908e-05
internal_weight=410113 102103 4908 2148 308010 97195 96318 1633 1125 1136 306377 117207 87046 85939
internal_count=410113 102103 4908 2148 308010 97195 96318 1633 1125 1136 306377 117207 87046 85939
is_linear=0
shrinkage=0.05


Tree=4
num_leaves=15
num_cat=0
split_feature=20 22 19 19 20 13 18 10 22 22 22 14 13 17
split_gain=0.132564 0.132148 0.157619 0.2055 0.0832314 0.0666676 0.0655582 0.0630842 0.062481 0.0607918 0.09824 0.0587307 0.0504726 0.0532543
threshold=-0.0028629199514802468 -0.025747580640957498 -0.020040447767126709 -0.016937014377549572 0.027716745285560011 1.0337394459433653 -0.11592101189898839 2.5000000000000004 -0.022469593315682154 0.035940183515538189 0.034711730432517525 -0.097787285191703696 2.0703886101545197 -0.0031341101947227608
decision_type=2 2 2 2 2 2 2 2 2 2 2 2 2 2
left_child=1 2 6 -4 11 -6 7 -1 -3 10 -10 -2 13 -13
right_child=4 8 3 -5 5 -7 -8 -9 9 -11 -12 12 -14 -15
leaf_value=0.00047101422282727493 0.00030438320347979153 -0.0002926278549953446 0.0013973911273447472 0.00016063405416760226 8.9400929244972017e-05 0.00073894518487215694 -0.00019723372169940008 -2.2040169959410805e-05 -4.5962065549302753e-05 0.00034441811755336844 -0.00063210954832415133 0.00013683665964260558 -0.00018787581106079209 1.3942326967158421e-05
leaf_weight=1187 1774 2626 559 840 885 713 1696 1429 124049 987 718 9124 3006 259643
leaf_count=1187 1774 2626 559 840 885 713 1696 1429 124049 987 718 9124 3006 259643
internal_value=-5.55312e-08 -4.08194e-05 0.000194498 0.000655452 1.98107e-05 0.000379497 4.48277e-05 0.000201776 -5.1289e-05 -4.6247e-05 -4.93402e-05 1.77081e-05 1.58357e-05 1.81148e-05
internal_weight=409236 134091 5711 1399 275145 1598 4312 2616 128380 125754 124767 273547 271773 268767
internal_count=409236 134091 5711 1399 275145 1598 4312 2616 128380 125754 124767 273547 271773 268767
is_linear=0
shrinkage=0.05


Tree=5
num_leaves=15
num_cat=0
split_feature=20 22 19 19 20 10 12 22 5 19 19 22 19 12
split_gain=0.118785 0.108602 0.135133 0.186662 0.0722806 0.0662721 0.084211 0.0583054 0.0522327 0.0717484 0.117005 0.0983887 0.0880291 0.0839603
threshold=-0.0028629199514802468 -0.025747580640957498 -0.020040447767126709 -0.016937014377549572 0.027716745285560011 2.5000000000000004 -0.0062608779879467771 -0.022469593315682154 0.0031835617214774569 -0.0035190323582068857 -0.0040816337114733528 -0.0077084033250290887 -0.0014284494699688952 -0.01448324029295822
decision_type=2 2 2 2 2 2 2 2 2 2 2 2 2 2
left_child=1 2 -1 -4 -2 -6 -7 -3 -9 10 11 13 -11 -10
right_child=4 7 3 -5 5 6 -8 8 9 12 -12 -13 -14 -15
leaf_value=3.6248885567419765e-05 1.7264449079283782e-05 -0.00028310856265854152 0.0013185345026186868 0.00014076268745169486 -4.0334356295604325e-05 0.0010613116073430599 0.00014739894606251921 -2.5701948248504471e-05 -2.6483949117802145e-06 -0.00040692571390094204 0.00071704145033061586 0.00031371047058704853 -0.0001105796103837383 -0.00041526940786974212
leaf_weight=4379 274402 2576 549 867 666 501 507 97933 4155 2949 562 1629 16658 1752
leaf_count=4379 274402 2576 549 867 666 501 507 97933 4155 2949 562 1629 16658 1752
internal_value=5.14876e-07 -3.81093e-05 0.000173593 0.000598007 1.92634e-05 0.000346719 0.000602237 -4.76791e-05 -4.28498e-05 -0.000103462 2.17395e-05 -3.02011e-05 -0.00015517 -0.00012508
internal_weight=410085 134009 5795 1416 276076 1674 1008 128214 125638 27705 8098 7536 19607 5907
internal_count=410085 134009 5795 1416 276076 1674 1008 128214 125638 27705 8098 7536 19607 5907
is_linear=0
shrinkage=0.05


Tree=6
num_leaves=15
num_cat=0
split_feature=20 22 19 11 22 19 11 20 10 14 17 19 10 22
split_gain=0.111408 0.101093 0.116173 0.18459 0.0681266 0.0798512 0.0622219 0.062221 0.0666677 0.0593933 0.0588634 0.0575389 0.0534355 0.117481
threshold=-0.00473894571477007 -0.025747580640957498 -0.020707881803070146 0.10371704942997916 0.035940183515538189 0.019698143975368402 -0.39498990109009008 0.027716745285560011 2.5000000000000004 -0.097787285191703696 -0.0064234257723269064 -0.0051551365728957346 2.5000000000000004 0.0086050787755626041
decision_type=2 2 2 2 2 2 2 2 2 2 2 2 2 2
left_child=1 2 6 -4 5 -3 -1 9 -9 11 -7 -2 -11 -14
right_child=7 4 3 -5 -6 10 -8 8 -10 12 -12 -13 13 -15
leaf_value=-0.00033050378615558183 0.00048916117164977979 -5.2145789003793781e-05 0.0012749860685414599 3.2612204125163291e-05 0.00038131035456224403 -0.00048500746330373183 0.00015260118712444529 -7.3074295363985249e-05 0.00057701666976093255 2.8255610878931498e-05 -3.1346726691000554e-05 -8.5674153668658073e-05 -4.4543290368088749e-05 6.9917557668855893e-05
leaf_weight=875 1258 92918 552 651 880 1882 2786 650 1001 187908 1153 665 86354 30277
leaf_count=875 1258 92918 552 651 880 1882 2786 650 1001 187908 1153 665 86354 30277
internal_value=1.77084e-07 -4.51999e-05 0.000177206 0.000603264 -5.63732e-05 -6.03912e-05 3.70776e-05 1.51545e-05 0.000321186 1.35048e-05 -0.000312728 0.000290434 1.17551e-05 -1.48293e-05
internal_weight=409810 101697 4864 1203 96833 95953 3661 308113 1651 306462 3035 1923 304539 116631
internal_count=409810 101697 4864 1203 96833 95953 3661 308113 1651 306462 3035 1923 304539 116631
is_linear=0
shrinkage=0.05


Tree=7
num_leaves=15
num_cat=0
split_feature=20 22 10 13 17 14 22 22 8 22 22 22 13 5
split_gain=0.106147 0.0934287 0.0881681 0.116528 0.07691 0.0658123 0.0591453 0.130275 0.0588893 0.0546019 0.086286 0.0542257 0.0487706 0.046998
threshold=-0.0028629199514802468 -0.025747580640957498 2.5000000000000004 0.89626055081397371 -0.010293164263350028 -0.077267281531425744 -0.029506454416010127 -0.024607092819337036 0.46296296296296435 0.035940183515538189 0.034711730432517525 -0.022469593315682154 0.93909836869116659 0.00299509851483793
decision_type=2 2 2 2 2 2 2 2 2 2 2 2 2 2
left_child=1 2 3 -1 -5 6 -2 -8 -9 10 11 12 -3 -13
right_child=5 9 -4 4 -6 -7 7 8 -10 -11 -12 13 -14 -15
leaf_value=4.5333080024116382e-07 -0.00021316306449888726 -0.00055175995198234633 -1.5793698696259909e-05 0.0011674559691134392 0.00040468257541898987 1.4929100325496775e-05 0.00089999868693998271 -0.00023855403301186519 0.00026637806025415258 0.00032612280074095995 -0.00059320687019338066 -2.2210857824905004e-05 -0.00010324555278010586 -9.320893656744112e-05
leaf_weight=1146 712 968 3178 512 934 271127 699 756 2435 983 720 93266 1620 31075
leaf_count=1146 712 968 3178 512 934 271127 699 756 2435 983 720 93266 1620 31075
internal_value=3.5282e-07 -3.60804e-05 0.000160734 0.000377093 0.000675386 1.8112e-05 0.000205589 0.00028227 0.000146714 -4.49101e-05 -4.77698e-05 -4.46712e-05 -0.000271154 -3.99551e-05
internal_weight=410131 134402 5770 2592 1446 275729 4602 3890 3191 128632 127649 126929 2588 124341
internal_count=410131 134402 5770 2592 1446 275729 4602 3890 3191 128632 127649 126929 2588 124341
is_linear=0
shrinkage=0.05


Tree=8
num_leaves=15
num_cat=0
split_feature=20 22 19 11 20 13 11 22 22 10 22 22 22 19
split_gain=0.0863764 0.0848387 0.0961453 0.167149 0.0633 0.0578724 0.0572964 0.0543571 0.0695733 0.0496163 0.0974049 0.215068 0.0830451 0.0913907
threshold=-0.00473894571477007 -0.025747580640957498 -0.020707881803070146 0.10371704942997916 0.027716745285560011 1.202134625595016 -0.39498990109009008 0.035940183515538189 0.034711730432517525 2.5000000000000004 0.0086050787755626041 0.0082597950280174377 0.0031921583446822281 0.0045682879512266581
decision_type=2 2 2 2 2 2 2 2 2 2 2 2 2 2
left_child=1 2 6 -4 9 -6 -1 8 -3 12 11 -11 13 -2
right_child=4 7 3 -5 5 -7 -8 -9 -10 10 -12 -13 -14 -15
leaf_value=-0.00033020735232686436 4.8156803644260017e-05 -5.0830525597799251e-05 0.0011775242018336185 1.4225926897206139e-05 0.00010216726291897155 0.00072649348258614242 0.000141236100640098 0.00034599551740146725 -0.00055471987971928241 -3.3437194556411141e-05 6.2569538162047901e-05 -0.00079992697289059378 -1.0681166670472245e-05 0.00032813473654659715
leaf_weight=836 102564 95401 564 681 1045 575 2801 854 689 86170 30246 924 83215 2999
leaf_count=836 102564 95401 564 681 1045 575 2801 854 689 86170 30246 924 83215 2999
internal_value=-7.58168e-07 -4.06759e-05 0.000162679 0.000541736 1.24501e-05 0.000324076 3.28092e-05 -5.09182e-05 -5.44493e-05 1.07999e-05 -1.47323e-05 -4.15781e-05 2.66701e-05 5.61139e-05
internal_weight=409564 101826 4882 1245 307738 1620 3637 96944 96090 306118 117340 87094 188778 105563
internal_count=409564 101826 4882 1245 307738 1620 3637 96944 96090 306118 117340 87094 188778 105563
is_linear=0
shrinkage=0.05


Tree=9
num_leaves=15
num_cat=0
split_feature=20 12 22 19 17 14 20 12 19 19 22 19 22 10
split_gain=0.0819326 0.0756132 0.053036 0.0654977 0.0607756 0.0524005 0.054872 0.0518762 0.0473358 0.107239 0.158764 0.14119 0.255639 0.221496
threshold=-0.00473894571477007 -0.05615145605568133 0.035940183515538189 0.019698143975368402 -0.0064234257723269064 -0.097787285191703696 0.027716745285560011 -0.0034876535484403277 -0.015750767264155471 -0.011619743008824955 -0.020099449415480638 -0.010193857073352129 -0.011706895888610789 2.5000000000000004
decision_type=2 2 2 2 2 2 2 2 2 2 2 2 2 2
left_child=1 -1 3 -3 -5 -2 8 -8 -7 10 -10 12 -11 -14
right_child=5 2 -4 4 -6 6 7 -9 9 11 -12 -13 13 -15
leaf_value=0.0002157773294782423 0.00024879883540337506 -4.1917322201105686e-05 0.00034400970277312885 -0.00045171174939323728 7.8499108817740627e-06 -7.046200205253157e-05 0.00062095374510594595 -3.2287652607997107e-05 -7.9677066426481547e-05 -3.5169127278856253e-06 0.00026963734881876227 1.3683358340959456e-05 -0.0002993335303283749 -0.0013451552074687204
leaf_weight=2841 2341 95245 864 1893 1160 17229 713 529 4987 4698 9351 265913 1515 760
leaf_count=2841 2341 95245 864 1893 1160 17229 713 529 4987 4698 9351 265913 1515 760
internal_value=3.30783e-07 -3.85091e-05 -4.57965e-05 -4.92262e-05 -0.000277154 1.31923e-05 1.13872e-05 0.000342919 1.00336e-05 1.48623e-05 0.000148143 7.859e-06 -0.000214221 -0.000649144
internal_weight=410039 102003 99162 98298 3053 308036 305695 1242 304453 287224 14338 272886 6973 2275
internal_count=410039 102003 99162 98298 3053 308036 305695 1242 304453 287224 14338 272886 6973 2275
is_linear=0
shrinkage=0.05


Tree=10
num_leaves=15
num_cat=0
split_feature=19 22 22 14 22 22 5 5 13 19 14 10 19 22
split_gain=0.068137 0.158803 0.134293 0.12664 0.166476 0.151522 0.114141 0.11162 0.125671 0.120482 0.12261 0.10733 0.0860158 0.134721
threshold=-0.003197197122793038 -0.00062522156579813959 -0.012187269333477855 -0.071990789446113132 -0.029506454416010127 -0.024607092819337036 0.0049103137116912792 0.0036986352870528017 1.0795359405476539 -0.001678312209055066 0.013108674013559864 1.5000000000000002 -0.0026802437670980779 -0.0071310231853185515
decision_type=2 2 2 2 2 2 2 2 2 2 2 2 2 2
left_child=1 3 11 4 -1 6 -6 12 -9 10 -10 -2 -4 -14
right_child=2 -3 7 -5 5 -7 -8 8 9 -11 -12 -13 13 -15
leaf_value=-0.00016531601131646313 -4.762465921956832e-05 0.00030964272121776363 -0.00014685453053265091 7.041058168962044e-06 0.00044780372297267292 0.0002259281616144045 0.0014348856567596854 -3.1899039498592033e-05 -0.0012494037391900473 -0.0001860260758857179 -0.00019398784542519378 -0.0008862856629155753 0.00037688703415812122 1.9356153885735333e-06
leaf_weight=1869 738 4890 9607 115977 672 3470 520 21121 570 8772 532 789 2419 238137
leaf_count=1869 738 4890 9607 115977 672 3470 520 21121 570 8772 532 789 2419 238137
internal_value=-9.95853e-08 3.02598e-05 -1.37818e-05 1.91056e-05 0.000233313 0.000393125 0.000879252 -1.12412e-05 -0.000100741 -0.000247981 -0.00074053 -0.000481257 -1.51773e-07 5.70763e-06
internal_weight=410083 127398 282685 122508 6531 4662 1192 281158 30995 9874 1102 1527 250163 240556
internal_count=410083 127398 282685 122508 6531 4662 1192 281158 30995 9874 1102 1527 250163 240556
is_linear=0
shrinkage=0.05


Tree=11
num_leaves=15
num_cat=0
split_feature=22 22 17 11 22 22 22 22 17 22 22 10 22 22
split_gain=0.059899 0.215345 0.159074 0.0863396 0.195146 0.0684843 0.165252 0.108163 0.0649455 0.138903 0.150393 0.101634 0.0960822 0.151102
threshold=0.0014908918336350443 0.0014044104034969254 0.00076219227737794892 0.41254077446040494 0.0018147945473395712 0.035940183515538189 0.034711730432517525 0.030750262930672626 0.0040929135433753769 -0.026534696288983469 -0.024607092819337036 1.5000000000000002 -0.024060311187700963 -0.011971619880438321
decision_type=2 2 2 2 2 2 2 2 2 2 2 2 2 2
left_child=1 8 -3 5 -5 6 7 -2 11 -10 -11 12 -1 -14
right_child=3 2 -4 4 -6 -7 -8 -9 9 10 -12 -13 13 -15
leaf_value=0.00025241485615569551 -1.3653298628770207e-05 0.0013209959526591761 0.00024871886947600545 -0.00099901743226476938 -8.746466087779631e-05 0.00023264816556700202 -0.00062066503433483354 0.000291170556132167 -0.00021245023059120787 0.00070365951531120889 7.8472742841319222e-05 -3.0297069363703324e-05 -0.00012408938454710352 7.572215789301758e-05
leaf_weight=5393 166336 515 1051 602 22333 2901 1108 2961 4079 984 41134 106209 12172 42480
leaf_count=5393 166336 515 1051 602 22333 2901 1108 2961 4079 984 41134 106209 12172 42480
internal_value=-3.17264e-07 1.79773e-05 0.000601969 -2.02689e-05 -0.000111434 -8.20379e-06 -1.23054e-05 -8.32025e-06 1.36698e-05 6.61129e-05 9.30953e-05 -9.02909e-07 5.10898e-05 3.1219e-05
internal_weight=410258 214017 1566 196241 22935 173306 170405 169297 212451 46197 42118 166254 60045 54652
internal_count=410258 214017 1566 196241 22935 173306 170405 169297 212451 46197 42118 166254 60045 54652
is_linear=0
shrinkage=0.05


Tree=12
num_leaves=15
num_cat=0
split_feature=20 12 5 11 12 5 11 20 4 10 13 12 12 12
split_gain=0.0790162 0.0712849 0.0438113 0.0425591 0.0497008 0.0489017 0.0650355 0.0676968 0.0651347 0.0561733 0.0415078 0.0573579 0.0340016 0.0329799
threshold=-0.0028629199514802468 -0.05615145605568133 0.0032841767524572252 0.50494705821397667 -0.048469418041584882 0.0020801242166390978 -0.075216602378631522 0.0072801115751861553 0.0053785548385821905 2.5000000000000004 1.6030277577618746 -0.010613417419223279 -0.040227178197970108 0.072593329313946478
decision_type=2 2 2 2 2 2 2 2 2 2 2 2 2 2
left_child=1 -1 -3 5 -5 -2 13 9 12 -8 -6 -12 -9 -7
right_child=3 2 -4 4 10 6 7 8 -10 -11 11 -13 -14 -15
leaf_value=0.00019288506820646712 2.4289595036544597e-06 -2.2158234116714757e-05 -9.354292084053656e-05 0.0003105986715257567 -4.6622797524514516e-05 1.1049149157140295e-05 9.3067776844455336e-05 -4.1301573943253068e-05 0.00069991593164663805 -2.2935443756618999e-05 -5.8963637086166846e-05 -0.0007090672879961628 0.00018277008729951203 -0.0002406251897694976
leaf_weight=3462 143292 103732 27111 919 20625 47984 28743 1955 564 16384 820 578 12618 1337
leaf_count=3462 143292 103732 27111 919 20625 47984 28743 1955 564 16384 820 578 12618 1337
internal_value=4.26968e-07 -3.1024e-05 -3.69499e-05 1.57415e-05 -4.94639e-05 2.16574e-05 4.68e-05 8.16458e-05 0.000173143 5.09516e-05 -6.45024e-05 -0.000328062 0.00015271 4.22199e-06
internal_weight=410124 134305 130843 275819 22942 252877 109585 60264 15137 45127 22023 1398 14573 49321
internal_count=410124 134305 130843 275819 22942 252877 109585 60264 15137 45127 22023 1398 14573 49321
is_linear=0
shrinkage=0.05


Tree=13
num_leaves=15
num_cat=0
split_feature=20 12 14 13 20 19 10 14 19 19 19 17 19 19
split_gain=0.0611221 0.0630778 0.048219 0.074871 0.0441411 0.047552 0.0974322 0.0972629 0.0906664 0.121932 0.107881 0.0872606 0.073466 0.0730131
threshold=-0.00473894571477007 -0.05615145605568133 -0.097787285191703696 1.4937198340962914 0.027716745285560011 -0.015750767264155471 1.0000000180025095e-35 0.039736355659513507 -0.011619743008824955 -0.010193857073352129 -0.010465675137617479 0.0064460478152211795 -0.019340890612886571 -0.003197197122793038
decision_type=2 2 2 2 2 2 2 2 2 2 2 2 2 2
left_child=1 -1 3 -2 5 6 12 -8 -7 10 11 -10 -4 -11
right_child=2 -3 4 -5 -6 8 7 -9 9 13 -12 -13 -14 -15
leaf_value=0.00019873432022619959 8.1820387655396308e-05 -4.0218879119420043e-05 0.00029213948888203638 0.00075311053255922662 0.00030782003123486484 0.00013544208795820809 -0.00017786080019770707 0.00046115262393143483 -0.00019263294243233614 6.4949820410114658e-05 -0.00071883705827230143 0.00040721616232200324 -0.00010412563552942456 -9.7810827772250731e-07
leaf_weight=2840 1790 99083 2692 540 1233 14365 11865 626 5400 52261 875 682 2067 213777
leaf_count=2840 1790 99083 2692 540 1233 14365 11865 626 5400 52261 875 682 2067 213777
internal_value=6.12893e-09 -3.35588e-05 1.11072e-05 0.000237655 9.38055e-06 8.17152e-06 -7.24569e-05 -0.000145802 1.30118e-05 6.56906e-06 -0.000200055 -0.000125313 0.000120042 1.19731e-05
internal_weight=410096 101923 308173 2330 305843 304610 17250 12491 287360 272995 6957 6082 4759 266038
internal_count=410096 101923 308173 2330 305843 304610 17250 12491 287360 272995 6957 6082 4759 266038
is_linear=0
shrinkage=0.05


Tree=14
num_leaves=15
num_cat=0
split_feature=20 22 19 11 11 22 19 22 5 22 22 22 22 11
split_gain=0.0583272 0.0686072 0.0768637 0.145096 0.04609 0.0608284 0.0572819 0.0903456 0.0716865 0.0801956 0.127435 0.106362 0.0975168 0.20255
threshold=-0.0052934271087031739 -0.025747580640957498 -0.020707881803070146 0.10371704942997916 0.49324309266412864 0.024007854234069041 -0.00098138163580391269 -0.0065317402898331647 0.0026658808392875759 -0.047596385518319843 -0.040136251687286566 -0.029506454416010127 -0.024607092819337036 -0.31071919724494129
decision_type=2 2 2 2 2 2 2 2 2 2 2 2 2 2
left_child=1 2 -1 -4 5 6 8 -8 -2 -10 -11 -12 13 -13
right_child=4 -3 3 -5 -6 -7 7 -9 9 10 11 12 -14 -15
leaf_value=3.5736825317937376e-05 1.1017322857625305e-05 -4.387837601365055e-05 0.0011442158312598217 1.2660837611562144e-05 -5.0938215815029956e-05 0.0001291846928488866 -0.00046518297332270669 -4.2198892681369996e-06 -0.00032016765927165436 0.00065517219630608053 -0.00019251558495752253 0.0010297786102030869 9.334491929945147e-05 8.4720852279237299e-05
leaf_weight=3418 76580 89553 503 647 27759 11501 1069 161428 1128 1032 3011 877 30438 1601
leaf_count=3418 76580 89553 503 647 27759 11501 1069 161428 1128 1032 3011 877 30438 1601
internal_value=3.18715e-07 -3.42365e-05 0.000154754 0.000508157 1.05973e-05 1.65149e-05 1.18392e-05 -7.25522e-06 3.88982e-05 9.49554e-05 0.000107633 9.18876e-05 0.000117909 0.000419471
internal_weight=410545 94121 4568 1150 316424 288665 277164 162497 114667 38087 36959 35927 32916 2478
internal_count=410545 94121 4568 1150 316424 288665 277164 162497 114667 38087 36959 35927 32916 2478
is_linear=0
shrinkage=0.05


Tree=15
num_leaves=15
num_cat=0
split_feature=10 22 22 10 19 22 19 22 22 19 14 12 8 22
split_gain=0.0545147 0.123041 0.196051 0.0983876 0.0953674 0.130948 0.19533 0.140084 0.120132 0.115908 0.0982472 0.0952321 0.092012 0.0830341
threshold=2.5000000000000004 0.035940183515538189 0.034711730432517525 3.5000000000000004 -0.001328707659335848 -0.030673863990566704 -0.017798949852377007 -0.0099168196713678141 -0.012497179139421275 -0.0075154728810680185 -0.047904824685893126 -0.025601752767254789 0.71658260891603576 0.027784614156541102
decision_type=2 2 2 2 2 2 2 2 2 2 2 2 2 2
left_child=-1 2 3 4 5 -2 12 8 -8 -10 -9 -6 -7 -13
right_child=1 -3 -4 -5 11 6 7 10 9 -11 -12 13 -14 -15
leaf_value=1.4885100976595577e-05 -0.0003971432520969087 0.00034208515043179571 -0.00084719921762907262 1.4928567049928744e-05 -0.00045553827199788441 0.00013000252352092439 -1.6612001501836334e-05 0.00055775776712746602 -0.00089321139281139646 -0.00021300355896736092 6.9659950891042764e-05 -8.2985693914054627e-05 0.0010106220196840141 -0.00051605843084222031
leaf_weight=245412 1926 2284 725 81712 1893 506 9626 1108 765 3440 14661 44645 717 1134
leaf_count=245412 1926 2284 725 81712 1893 506 9626 1108 765 3440 14661 44645 717 1134
internal_value=-6.07967e-08 -2.22714e-05 -2.73833e-05 -2.37122e-05 -6.2973e-05 2.72005e-06 2.77179e-05 2.12286e-06 -0.000114016 -0.000336934 0.000103989 -0.000108101 0.000646681 -9.37245e-05
internal_weight=410554 165142 162858 162133 80421 32749 30823 29600 13831 4205 15769 47672 1223 45779
internal_count=410554 165142 162858 162133 80421 32749 30823 29600 13831 4205 15769 47672 1223 45779
is_linear=0
shrinkage=0.05


Tree=16
num_leaves=15
num_cat=0
split_feature=20 22 19 11 11 19 11 21 22 17 22 19 19 4
split_gain=0.0545935 0.0628561 0.090734 0.153718 0.0584123 0.0537663 0.0560952 0.0535767 0.0494364 0.0444945 0.0641154 0.0574069 0.12613 0.157917
threshold=-0.0026951937327683857 -0.025747580640957498 -0.020707881803070146 -0.086104783599092086 -0.47127624974745902 -0.016937014377549572 -0.086104783599092086 -0.12011936287671433 -0.037374638252356367 -0.0031341101947227608 -0.0069106714129071869 -0.015750767264155471 -0.013229610222952324 0.0040535461373563059
decision_type=2 2 2 2 2 2 2 2 2 2 2 2 2 2
left_child=1 2 4 -4 -1 6 -3 8 -6 10 -2 -11 13 -13
right_child=9 5 3 -5 7 -7 -8 -9 -10 11 -12 12 -14 -15
leaf_value=-0.00035096990462485221 0.0003457171469669719 5.2144884070394752e-05 0.0010703656194503341 4.8392628126344388e-05 0.00057585796945047458 -2.7271526465104164e-05 -0.00037745187463530516 -0.00010487431300219157 6.7223423078662642e-05 -8.2785509643605178e-05 4.0471240669250079e-05 0.00013596438883772688 9.2423812823998219e-06 0.00086557202953520078
leaf_weight=858 2385 1158 622 899 833 128002 2208 1613 1119 15758 6167 6903 240923 830
leaf_count=858 2385 1158 622 899 833 128002 2208 1613 1119 15758 6167 6903 240923 830
internal_value=4.52363e-07 -2.52634e-05 0.000133759 0.000466748 1.91694e-05 -3.24597e-05 -0.000229687 0.000108325 0.000284463 1.33884e-05 0.000125629 9.7577e-06 1.56227e-05 0.000214377
internal_weight=410278 137312 5944 1521 4423 131368 3366 3565 1952 272966 8552 264414 248656 7733
internal_count=410278 137312 5944 1521 4423 131368 3366 3565 1952 272966 8552 264414 248656 7733
is_linear=0
shrinkage=0.05


Tree=17
num_leaves=15
num_cat=0
split_feature=20 12 17 20 14 8 13 12 11 20 12 13 11 11
split_gain=0.0469397 0.0507082 0.0396276 0.03397 0.0298418 0.043579 0.0419378 0.0421269 0.0406336 0.0512047 0.0345427 0.0681681 0.0458618 0.0313574
threshold=-0.0026951937327683857 -0.05615145605568133 -0.0031341101947227608 0.0019148848520804675 -0.077267281531425744 0.4499999999999979 2.0703886101545197 0.1106579212244463 -1.1375198010472147 0.027716745285560011 -0.071226539594153634 1.3991018217087772 -0.3314092905831546 -0.13471612474730724
decision_type=2 2 2 2 2 2 2 2 2 2 2 2 2 2
left_child=1 -1 3 -2 5 -4 7 8 -6 13 -7 12 -12 -10
right_child=2 -3 4 -5 6 10 -8 -9 9 -11 11 -13 -14 -15
leaf_value=0.0001657939404016543 9.2686200433807789e-05 -2.8211210916271761e-05 -0.00016426659355964804 0.00050738787246904697 -0.00021315868049450349 -7.2414999945653977e-05 -0.00018774926609602604 0.00042671380718764529 -1.8390172832174823e-05 0.00037346526355831961 0.00034236221279411883 0.00081436965599481707 -0.00014758570894765635 1.9926470640103284e-05
leaf_weight=3454 8091 134013 937 525 2060 782 2738 601 76465 963 1443 527 713 176976
leaf_count=3454 8091 134013 937 525 2060 782 2738 601 76465 963 1443 527 713 176976
internal_value=4.89566e-07 -2.33355e-05 1.24944e-05 0.000118011 9.05294e-06 0.000138133 6.86533e-06 8.9389e-06 7.95822e-06 9.74951e-06 0.000219931 0.000305135 0.000180341 8.36603e-06
internal_weight=410288 137467 272821 8616 264205 4402 259803 257065 256464 254404 3465 2683 2156 253441
internal_count=410288 137467 272821 8616 264205 4402 259803 257065 256464 254404 3465 2683 2156 253441
is_linear=0
shrinkage=0.05


Tree=18
num_leaves=15
num_cat=0
split_feature=22 22 14 5 11 13 22 14 22 22 5 21 13 12
split_gain=0.0469339 0.195073 0.172806 0.152823 0.0757905 0.173629 0.159936 0.0729028 0.102717 0.122978 0.0971033 0.0888613 0.0704189 0.141539
threshold=0.0014908918336350443 0.0014044104034969254 0.0020530128049134348 0.0074262101172617497 0.41254077446040494 1.6539428586280092 0.0073409108528471609 -0.068894690065176609 -0.029506454416010127 -0.024607092819337036 0.0048117390481724519 0.10794675763872739 1.4124564858384909 -0.080217533380277525
decision_type=2 2 2 2 2 2 2 2 2 2 2 2 2 2
left_child=1 7 -3 4 -2 -6 -7 8 11 10 -10 -1 -11 -14
right_child=3 2 -4 -5 5 6 -8 -9 9 12 -12 -13 13 -15
leaf_value=6.5887293197054839e-05 -4.532268932932348e-06 0.00020152855688277345 0.0013280815280559148 -0.00070784264286786666 -6.6725746052924621e-05 -0.0012983300054684524 -0.00019797149624862172 4.9837857377663038e-06 0.00032430440081509062 5.1439627000615104e-05 0.0012132615546861609 -0.00060784112066226883 -8.0956187760750458e-05 0.0010054106364033213
leaf_weight=1621 172848 1021 510 800 21248 558 808 203282 745 4316 523 700 576 624
leaf_count=1621 172848 1021 510 800 21248 558 808 203282 745 4316 523 700 576 624
internal_value=-9.61143e-07 1.5239e-05 0.000577423 -1.86187e-05 -1.57942e-05 -0.00010187 -0.00064808 1.11838e-05 0.000149592 0.000247814 0.000691631 -0.00013748 0.000145683 0.000484321
internal_weight=410180 213918 1531 196262 195462 22614 1366 212387 9105 6784 1268 2321 5516 1200
internal_count=410180 213918 1531 196262 195462 22614 1366 212387 9105 6784 1268 2321 5516 1200
is_linear=0
shrinkage=0.05


Tree=19
num_leaves=15
num_cat=0
split_feature=20 12 11 19 19 20 19 14 19 19 19 17 19 19
split_gain=0.0451007 0.044297 0.0409971 0.0484858 0.0897923 0.215874 0.0851809 0.0576855 0.0574787 0.0677291 0.126976 0.114217 0.0628656 0.0855075
threshold=-0.00473894571477007 -0.05615145605568133 0.49324309266412864 0.015996845199533486 0.014578077773026667 0.0074050072773412809 0.011625407696339353 -0.0061216638721330865 -0.00098138163580391269 -0.0017476816039254104 -0.001678312209055066 -0.00075636364036424364 -0.003197197122793038 -0.0041530809849009689
decision_type=2 2 2 2 2 2 2 2 2 2 2 2 2 2
left_child=1 -1 3 4 6 -6 8 -8 9 12 11 -11 13 -2
right_child=2 -3 -4 -5 5 -7 7 -9 -10 10 -12 -13 -14 -15
leaf_value=0.00016607367111022382 2.3282196697682436e-05 -3.4614573312313148e-05 -4.9484604477613874e-05 0.0001039576019975356 1.2013049959580481e-05 -0.00068151279166864178 0.00040779674012028048 9.9232565575362749e-05 -1.339206287182904e-05 0.0011390814266329021 8.2558566964519473e-05 0.00024307228537850522 -5.9672141647956128e-05 0.00018053260293758621
leaf_weight=2827 74143 99214 27063 14509 3824 1587 1797 9620 138175 573 7752 937 18738 9785
leaf_count=2827 74143 99214 27063 14509 3824 1587 1797 9620 138175 573 7752 937 18738 9785
internal_value=-2.37811e-07 -2.9053e-05 9.29322e-06 1.49454e-05 1.01068e-05 -0.00019148 1.42785e-05 0.000147831 8.18132e-06 3.48135e-05 0.0001643 0.00058361 2.31304e-05 4.16176e-05
internal_weight=410544 102041 308503 281440 266931 5411 261520 11417 250103 111928 9262 1510 102666 83928
internal_count=410544 102041 308503 281440 266931 5411 261520 11417 250103 111928 9262 1510 102666 83928
is_linear=0
shrinkage=0.05


Tree=20
num_leaves=15
num_cat=0
split_feature=14 19 13 12 7 10 22 22 10 20 13 22 22 22
split_gain=0.0431889 0.0791558 0.0744772 0.072042 0.0471574 0.0430697 0.103914 0.178572 0.0956178 0.107819 0.0929297 0.0839978 0.0781981 0.0705587
threshold=-0.097787285191703696 -0.0029097576167193546 1.4937198340962914 -0.046143589700718517 0.036306136258687879 2.5000000000000004 0.035940183515538189 0.034711730432517525 3.5000000000000004 0.019120642961660609 2.0703886101545197 0.027784614156541102 -0.034417383641141601 0.0093029604391741145
decision_type=2 2 2 2 2 2 2 2 2 2 2 2 2 2
left_child=1 2 3 4 -1 10 7 8 9 11 13 12 -7 -2
right_child=5 -3 -4 -5 -6 6 -8 -9 -10 -11 -12 -13 -14 -15
leaf_value=0.00021528777875296572 2.8867293642141127e-05 -0.00030943726198050795 0.00077646894128230578 0.0005435344692684129 -0.00038978379448682116 -0.00047547767099180349 0.00031420427907486993 -0.00078786304251867801 1.5252008327401408e-05 0.0003397143119072707 -0.00031018627883831697 -0.00049478188086261334 -5.789418098107931e-05 -3.5607612231934704e-05
leaf_weight=675 185868 664 627 748 614 1137 2265 766 80640 1635 2228 1148 75659 54986
leaf_count=675 185868 664 627 748 614 1137 2265 766 80640 1635 2228 1148 75659 54986
internal_value=-6.96967e-07 0.000178664 0.000300393 0.000153545 -7.30097e-05 -2.16643e-06 -2.20303e-05 -2.67629e-05 -2.31192e-05 -6.20017e-05 1.11739e-05 -7.04326e-05 -6.40828e-05 1.41478e-05
internal_weight=409660 3328 2664 2037 1289 406332 163250 160985 160219 79579 243082 77944 76796 240854
internal_count=409660 3328 2664 2037 1289 406332 163250 160985 160219 79579 243082 77944 76796 240854
is_linear=0
shrinkage=0.05


Tree=21
num_leaves=15
num_cat=0
split_feature=22 22 5 19 18 22 11 22 17 19 19 19 19 22
split_gain=0.0435975 0.115377 0.0598474 0.0544702 0.0523691 0.0511011 0.234494 0.12668 0.106473 0.0923461 0.101049 0.145017 0.14326 0.301494
threshold=-0.047596385518319843 -0.040136251687286566 0.0031835617214774569 -0.028811006006034808 -0.11592101189898839 -0.024607092819337036 -0.64256544673911176 -0.023533481021522692 -0.00035582388210803057 -0.019340890612886571 -0.015750767264155471 -0.011619743008824955 -0.010193857073352129 -0.011706895888610789
decision_type=2 2 2 2 2 2 2 2 2 2 2 2 2 2
left_child=-1 2 -2 4 -3 6 -5 -7 -8 -9 -11 -12 13 -13
right_child=1 3 -4 5 -6 7 8 9 -10 10 11 12 -14 -15
leaf_value=-0.00023971094953802427 0.00011067985915690179 9.9560759111271024e-05 0.00067503931253878153 0.00085183327574214242 -0.00040839310258935558 -0.00029022531233295151 0.00021027186494215153 0.00053715787972989225 -0.00010004815986183445 -0.00018529771505342181 0.00014870756054555744 -2.8315296300854275e-06 1.6228835842805982e-06 -0.00056447648417720024
leaf_weight=1890 944 752 935 958 1557 3791 4955 798 6249 7291 16257 7512 352705 3503
leaf_count=1890 944 752 935 958 1557 3791 4955 798 6249 7291 16257 7512 352705 3503
internal_value=-1.85574e-07 9.24014e-07 0.000391718 -8.8411e-07 -0.00024299 5.00143e-07 0.000101432 -2.63271e-06 3.71982e-05 1.77515e-07 -9.30365e-07 2.60775e-06 -3.92278e-06 -0.000181481
internal_weight=410097 408207 1879 406328 2309 404019 12162 391857 11204 388066 387268 379977 363720 11015
internal_count=410097 408207 1879 406328 2309 404019 12162 391857 11204 388066 387268 379977 363720 11015
is_linear=0
shrinkage=0.05


Tree=22
num_leaves=15
num_cat=0
split_feature=20 22 19 14 5 22 19 22 14 22 22 10 19 22
split_gain=0.043961 0.0482549 0.0572879 0.0908852 0.0394222 0.0525802 0.120937 0.100146 0.0945362 0.04301 0.0601558 0.0733104 0.0517956 0.0537324
threshold=-0.0052934271087031739 -0.025747580640957498 -0.020707881803070146 -0.026193736051973889 0.0029736992033313381 0.0014908918336350443 0.0024502386501124023 0.0024915639828730911 -0.071990789446113132 -0.0099168196713678141 -0.010939871754435336 1.0000000180025095e-35 -0.0035190323582068857 -0.0053016843219694789
decision_type=2 2 2 2 2 2 2 2 2 2 2 2 2 2
left_child=1 2 -1 -4 -3 6 8 -7 -6 10 11 -10 -11 -14
right_child=-2 4 3 -5 5 7 -8 -9 9 12 -12 -13 13 -15
leaf_value=2.614416956448788e-05 9.084141558218616e-06 -1.7169665686595261e-05 0.0008699664542282118 -2.1991581132261724e-05 0.00040342890983525466 -0.00062837043018844612 0.00062337157230548746 -0.00012150385911595949 -0.00058265273485569498 0.00018911182480825419 -0.00070636617165560666 -5.405892936834519e-05 -0.00048937582506022002 -2.9808199095513899e-05
leaf_weight=3403 316229 64130 585 557 1020 1069 687 10932 797 2122 540 3686 775 3527
leaf_count=3403 316229 64130 585 557 1020 1069 687 10932 797 2122 540 3686 775 3527
internal_value=1.66477e-07 -2.98879e-05 0.00012902 0.000435283 -3.79784e-05 -9.10251e-05 -2.19742e-05 -0.000166702 -5.75834e-05 -9.86942e-05 -0.000208283 -0.000148143 -1.29859e-05 -0.000112693
internal_weight=410059 93830 4545 1142 89285 25155 13154 12001 12467 11447 5023 4483 6424 4302
internal_count=410059 93830 4545 1142 89285 25155 13154 12001 12467 11447 5023 4483 6424 4302
is_linear=0
shrinkage=0.05


Tree=23
num_leaves=15
num_cat=0
split_feature=22 22 20 13 19 18 10 22 22 10 19 19 19 22
split_gain=0.0390103 0.108561 0.0472164 0.0843911 0.0445875 0.0471453 0.0423345 0.0981228 0.156857 0.0816594 0.120205 0.0880955 0.143518 0.121556
threshold=-0.047596385518319843 -0.040136251687286566 0.027716745285560011 1.0337394459433653 -0.028811006006034808 -0.20197111595962214 2.5000000000000004 0.035940183515538189 0.034711730432517525 3.5000000000000004 -0.016125802878148739 -0.0049820208548354552 -0.0025523018919277325 -0.0016302241642132118
decision_type=2 2 2 2 2 2 2 2 2 2 2 2 2 2
left_child=-1 -2 4 -4 5 -3 -6 8 9 -8 -11 -12 13 -13
right_child=1 2 3 -5 6 -7 7 -9 -10 10 11 12 -14 -15
leaf_value=-0.00022749694083748644 0.00038053195453910442 0.00017431697623142389 -1.7386419690542745e-05 0.00078210857714790358 1.2884703642683139e-05 -0.0003518007685116941 -5.7621159813028685e-05 0.00030417969476369174 -0.00074579558698868156 -0.00024784822448140889 0.00012015274965529899 -0.00014346247969055845 2.6174041071116313e-05 -0.00080831726088581026
leaf_weight=1873 1876 565 859 535 241667 1721 78567 2297 750 4145 19507 5859 49186 778
leaf_count=1873 1876 565 859 535 241667 1721 78567 2297 750 4145 19507 5859 49186 778
internal_value=1.07312e-07 1.15193e-06 -6.00121e-07 0.000289791 -1.60025e-06 -0.000221748 -3.50166e-07 -2.02052e-05 -2.48994e-05 -2.14737e-05 1.42611e-05 2.86866e-05 -3.27721e-06 -0.000221508
internal_weight=410185 408312 406436 1394 405042 2286 402756 161089 158792 158042 79475 75330 55823 6637
internal_count=410185 408312 406436 1394 405042 2286 402756 161089 158792 158042 79475 75330 55823 6637
is_linear=0
shrinkage=0.05


Tree=24
num_leaves=15
num_cat=0
split_feature=10 22 22 17 11 10 22 18 22 19 22 22 22 22
split_gain=0.0383456 0.0856268 0.141292 0.095677 0.130774 0.0930308 0.0739524 0.0735868 0.0629929 0.064295 0.115602 0.0965467 0.107318 0.0817317
threshold=2.5000000000000004 0.035940183515538189 0.034711730432517525 0.010531169028910605 -0.59981471542533937 3.5000000000000004 0.027784614156541102 0.38056730268707623 -0.030673863990566704 -0.001328707659335848 0.010448328556166843 0.0080243894576255154 0.0083307458545440766 -0.0099168196713678141
decision_type=2 2 2 2 2 2 2 2 2 2 2 2 2 2
left_child=-1 2 3 5 7 6 8 -5 -2 13 11 -11 -13 -10
right_child=1 -3 -4 4 -6 -7 -8 -9 9 10 -12 12 -14 -15
leaf_value=1.2146515996180178e-05 -0.00034638122686454033 0.00028575150026953624 -0.00070118414168943968 0.0011069487369803387 6.9679159340133097e-05 1.0459278120374288e-05 -0.0004654333194955057 0.00026921086033517645 -8.1746372904737416e-05 -0.00012244488075952722 2.5543135881858909e-05 -0.00092455166943558468 -0.00018275691784816453 8.5518602212347389e-05
leaf_weight=245663 1884 2272 764 510 5688 77990 1146 540 14236 28594 14425 811 1222 14995
leaf_count=245663 1884 2272 764 510 5688 77990 1146 540 14236 28594 14425 811 1222 14995
internal_value=-3.76742e-07 -1.90135e-05 -2.32683e-05 -2.00677e-05 0.000164371 -2.80708e-05 -6.69379e-05 0.000676778 -6.09362e-05 -5.3692e-05 -9.11609e-05 -0.000146126 -0.000478981 4.05767e-06
internal_weight=410740 165077 162805 162041 6738 155303 77313 1050 76167 74283 45052 30627 2033 29231
internal_count=410740 165077 162805 162041 6738 155303 77313 1050 76167 74283 45052 30627 2033 29231
is_linear=0
shrinkage=0.05


Tree=25
num_leaves=15
num_cat=0
split_feature=20 22 19 11 22 11 21 11 22 22 19 10 22 17
split_gain=0.0364919 0.0614187 0.110724 0.147992 0.0925158 0.0704857 0.070236 0.0689082 0.0635522 0.0492669 0.121539 0.0736 0.0776625 0.0621675
threshold=0.0013062630351876605 -0.025747580640957498 -0.020040447767126709 0.10371704942997916 -0.022469593315682154 -0.56279754012041239 -0.033598007846471246 -0.019310671543140329 -0.037374638252356367 0.0077354687141939502 0.0032210678650139717 3.5000000000000004 0.027784614156541102 0.0059671318642284818
decision_type=2 2 2 2 2 2 2 2 2 2 2 2 2 2
left_child=1 2 5 -4 7 -1 8 -3 -7 -2 13 12 -12 -11
right_child=9 4 3 -5 -6 6 -8 -9 -10 10 11 -13 -14 -15
leaf_value=-0.00042993188454895935 3.2530171368499349e-05 2.0895934996686444e-05 0.00083369966698685195 -3.7189976855572228e-05 -1.4161134745796893e-05 0.00045550686038963763 -0.00017307098699659285 -0.00044303818376547049 3.1614582113976521e-05 -0.0001534035468341611 -7.0179109730803932e-05 9.2768696248868594e-05 0.00019296770702054654 -0.0007260992585847682
leaf_weight=770 134276 1256 1098 877 213740 1510 1817 2205 2132 1031 32235 12772 3070 877
leaf_count=770 134276 1256 1098 877 213740 1510 1817 2205 2132 1031 32235 12772 3070 877
internal_value=2.50806e-07 -1.32415e-05 0.000121044 0.000447157 -1.83142e-05 1.75898e-05 8.07805e-05 -0.000274719 0.00020744 1.67559e-05 -2.56188e-05 -1.00827e-05 -4.7292e-05 -0.000416882
internal_weight=409666 225405 8204 1975 217201 6229 5459 3461 3642 184261 49985 48077 35305 1908
internal_count=409666 225405 8204 1975 217201 6229 5459 3461 3642 184261 49985 48077 35305 1908
is_linear=0
shrinkage=0.05


Tree=26
num_leaves=15
num_cat=0
split_feature=20 22 10 13 5 22 22 14 13 22 13 14 19 19
split_gain=0.0365375 0.0534176 0.0532196 0.0646349 0.0398059 0.049915 0.0940672 0.0797756 0.0538937 0.0484655 0.0743339 0.0468309 0.0404556 0.0424084
threshold=-0.0060458426126138711 -0.025747580640957498 2.5000000000000004 0.85987162660649219 0.0033701486466856333 0.0014908918336350443 0.0024915639828730911 -0.071990789446113132 0.75602587939247745 -0.0077084033250290887 1.059928661148936 0.0038193379778149743 -0.0052346497258229921 -0.0014284494699688952
decision_type=2 2 2 2 2 2 2 2 2 2 2 2 2 2
left_child=1 2 3 -1 -3 7 -7 -6 -8 10 -9 -10 -11 -14
right_child=-2 4 -4 -5 5 6 8 9 11 12 -12 -13 13 -15
leaf_value=1.6570142936401372e-05 7.3042553135958425e-06 -2.0487336687339001e-05 -3.8951152582478955e-06 0.00063461531292154268 0.00044402419915910208 -0.00073475742129785505 3.3046842528064963e-05 -0.00038944751297299959 -0.0004596473219248186 0.00041785645783398999 4.7516993148652439e-05 -0.00012969256078977786 -0.00020594442286547685 0.00015464422761611146
leaf_weight=764 325733 63163 2471 947 826 734 2773 2196 1648 634 1747 3095 1566 1699
leaf_count=764 325733 63163 2471 947 826 734 2773 2196 1648 634 1747 3095 1566 1699
internal_value=-2.87431e-07 -2.96341e-05 0.000144552 0.000358815 -3.87322e-05 -0.000106844 -0.000194869 -2.3051e-05 -0.000142053 -7.22985e-05 -0.000195881 -0.000244411 5.26972e-05 -1.83159e-05
internal_weight=409996 84263 4182 1711 80081 16918 8250 8668 7516 7842 3943 4743 3899 3265
internal_count=409996 84263 4182 1711 80081 16918 8250 8668 7516 7842 3943 4743 3899 3265
is_linear=0
shrinkage=0.05


Tree=27
num_leaves=15
num_cat=0
split_feature=10 22 22 17 19 10 22 22 22 19 22 5 5 22
split_gain=0.0322756 0.0770882 0.129286 0.081046 0.0984813 0.078251 0.0666846 0.0569209 0.0566938 0.156342 0.078936 0.147771 0.0679635 0.0871425
threshold=2.5000000000000004 0.035940183515538189 0.034711730432517525 0.010531169028910605 -0.017798949852377007 3.5000000000000004 0.027784614156541102 -0.034417383641141601 0.0093029604391741145 0.0060076070690906489 0.014415420150111548 0.0048117390481724519 0.006145005137996447 -0.016852694184122104
decision_type=2 2 2 2 2 2 2 2 2 2 2 2 2 2
left_child=8 2 3 5 -5 6 7 -2 12 10 11 -10 -1 -14
right_child=1 -3 -4 4 -6 -7 -8 -9 9 -11 -12 -13 13 -15
leaf_value=2.0941916947281781e-05 -0.00041386982733317905 0.00027043088026522437 -0.00067647417728595397 0.00075318847295732208 9.1347159589312337e-05 1.0394742261955187e-05 -0.00044124980901853565 -4.9763915381100188e-05 -0.00026882302741749542 -4.0978157231944876e-06 8.8605135632767451e-05 -0.0011440889282113332 0.00049738940219184883 -2.2915966946459798e-06
leaf_weight=186441 1088 2306 747 618 6116 77826 1133 74981 3976 49907 1151 548 1717 1773
leaf_count=186441 1088 2306 747 618 6116 77826 1133 74981 3976 49907 1151 548 1717 1773
internal_value=5.47453e-07 -1.65676e-05 -2.06418e-05 -1.76091e-05 0.000152189 -2.49856e-05 -6.06515e-05 -5.4977e-05 1.2037e-05 -3.23778e-05 -0.000281033 -0.000375075 2.50348e-05 0.000243612
internal_weight=410328 164815 162509 161762 6734 155028 77202 76069 245513 55582 5675 4524 189931 3490
internal_count=410328 164815 162509 161762 6734 155028 77202 76069 245513 55582 5675 4524 189931 3490
is_linear=0
shrinkage=0.05


Tree=28
num_leaves=15
num_cat=0
split_feature=22 22 18 18 14 10 22 18 22 22 14 10 22 14
split_gain=0.0331915 0.0881256 0.0402602 0.0332676 0.0437003 0.0326403 0.0323786 0.0783493 0.0671505 0.114298 0.102072 0.044126 0.0442437 0.0405426
threshold=-0.047596385518319843 -0.040136251687286566 0.11561526251626532 0.093189728390112775 -0.025722959939014575 2.5000000000000004 -0.030673863990566704 0.02263944868769378 -0.024607092819337036 -0.023533481021522692 -0.058475270224890623 1.0000000180025095e-35 -0.028050748695918167 -0.010625271900178255
decision_type=2 2 2 2 2 2 2 2 2 2 2 2 2 2
left_child=2 3 5 4 -2 -1 7 -3 10 -10 11 -8 -13 -12
right_child=1 6 -4 -5 -6 -7 8 -9 9 -11 13 12 -14 -15
leaf_value=0.00025339651852289153 0.00021788988751845285 5.9161591584800086e-05 -0.00056314835047387244 7.125591438098336e-05 0.00083256322707335603 -0.00025164337973749575 0.00081059897042485391 -0.00030863064053672924 -0.00027459454157835196 9.2802814675979266e-07 0.00013028761753098258 -5.8214912453231667e-05 0.00053968413548155698 -0.00013362486815042212
leaf_weight=515 613 3011 561 696 548 841 616 2788 3800 388074 4679 523 756 2111
leaf_count=515 613 3011 561 696 548 841 616 2788 3800 388074 4679 523 756 2111
internal_value=2.01025e-07 1.17601e-06 -0.00020731 0.00034474 0.000508487 -5.97871e-05 -3.94871e-07 -0.000117686 1.30347e-06 -1.74441e-06 0.00013881 0.000463173 0.000295341 4.82301e-05
internal_weight=410132 408215 1917 1857 1161 1356 406358 5799 400559 391874 8685 1895 1279 6790
internal_count=410132 408215 1917 1857 1161 1356 406358 5799 400559 391874 8685 1895 1279 6790
is_linear=0
shrinkage=0.05


Tree=29
num_leaves=15
num_cat=0
split_feature=11 13 22 14 14 4 22 22 22 10 18 22 13 11
split_gain=0.036781 0.0495438 0.0505741 0.039732 0.0574277 0.0466227 0.0389506 0.105667 0.0659542 0.0517295 0.0508419 0.0483562 0.0421242 0.0722983
threshold=-1.1375198010472147 1.4788177688903794 -0.019282831398915953 -0.097787285191703696 -0.11465517671076018 0.0035844100643189309 0.030750262930672626 0.033548887810287871 0.035940183515538189 2.5000000000000004 -0.0090076328492251414 0.034711730432517525 1.9632071346092974 0.55869796176432795
decision_type=2 2 2 2 2 2 2 2 2 2 2 2 2 2
left_child=1 2 -1 4 -2 -6 12 10 11 -10 -8 -9 -5 -14
right_child=3 -3 -4 6 5 -7 7 8 9 -11 -12 -13 13 -15
leaf_value=-0.00062425031773661113 -7.3363089114402159e-05 0.00027233916384397655 -0.00012763242784589619 1.268465902193792e-07 4.5537498056392503e-05 0.00064270386169575642 0.00083046565082346235 2.0764734827116543e-06 -0.00021174044416051759 0.00026111529898602943 0.0002685477360104981 -0.00047921502952300119 -5.760163280373953e-05 -0.00055192848899991351
leaf_weight=592 1067 651 3791 389956 529 855 528 1100 779 2238 1692 992 4219 896
leaf_count=592 1067 651 3791 389956 529 855 528 1100 779 2238 1692 992 4219 896
internal_value=-7.19248e-08 -0.000134379 -0.000194836 1.5984e-06 0.000202258 0.000414649 3.75692e-07 0.00011458 -1.05861e-05 0.000138993 0.000402507 -0.000226266 -1.74321e-06 -0.000144284
internal_weight=409885 5034 4383 404851 2451 1384 402400 7329 5109 3017 2220 2092 395071 5115
internal_count=409885 5034 4383 404851 2451 1384 402400 7329 5109 3017 2220 2092 395071 5115
is_linear=0
shrinkage=0.05


Tree=30
num_leaves=15
num_cat=0
split_feature=11 14 14 14 4 22 22 22 10 7 22 22 14 19
split_gain=0.0327354 0.0394411 0.0362055 0.0527264 0.0460057 0.035734 0.0915337 0.0584582 0.0500329 0.047718 0.0389567 0.0354898 0.145805 0.161045
threshold=-1.1375198010472147 -0.068894690065176609 -0.097787285191703696 -0.11465517671076018 0.0039743307144292682 0.030750262930672626 0.033548887810287871 0.035940183515538189 2.5000000000000004 -0.047046482567861619 0.034711730432517525 0.0016829495925761997 -0.063250778585040954 0.0075297538882165291
decision_type=2 2 2 2 2 2 2 2 2 2 2 2 2 2
left_child=1 -1 3 -2 -5 11 9 10 -9 -7 -8 -4 13 -13
right_child=2 -3 5 4 -6 6 7 8 -10 -11 -12 12 -14 -15
leaf_value=6.9498863279066495e-05 -7.7153810306637705e-05 -0.00022977368911190752 1.1901472008859583e-05 7.2403389649749929e-05 0.00065591836842888746 0.00080453491321378137 -9.1202342568122861e-06 -0.00020782958524491501 0.00025250084564964543 0.00025141995357190998 -0.00043797238147994655 -0.00093009590258977509 -1.4161291550014351e-05 0.00015526109721353008
leaf_weight=1663 1018 3254 212597 606 763 503 1144 796 2276 1731 985 898 180863 551
leaf_count=1663 1018 3254 212597 606 763 503 1144 796 2276 1731 985 898 180863 551
internal_value=-3.40149e-07 -0.000128562 1.21791e-06 0.000195331 0.000397862 6.58017e-08 0.000108656 -6.33971e-06 0.000133194 0.000376262 -0.000207645 -1.97891e-06 -1.8165e-05 -0.000517553
internal_weight=409648 4917 404731 2387 1369 402344 7435 5201 3072 2234 2129 394909 182312 1449
internal_count=409648 4917 404731 2387 1369 402344 7435 5201 3072 2234 2129 394909 182312 1449
is_linear=0
shrinkage=0.05


Tree=31
num_leaves=15
num_cat=0
split_feature=20 10 19 13 22 19 19 19 10 11 10 19 22 19
split_gain=0.0321974 0.0518667 0.0841028 0.101898 0.0857574 0.100567 0.209678 0.127566 0.100455 0.0861608 0.0774322 0.0968956 0.0703476 0.0566997
threshold=0.001440362983235133 2.5000000000000004 -0.019340890612886571 0.89626055081397371 -0.0084369770417030959 -0.0035190323582068857 -0.0041530809849009689 -0.0044230765082904347 1.5000000000000002 -0.055626052926208196 1.0000000180025095e-35 -0.0081322837921637397 -0.029506454416010127 -0.0048815816298747863
decision_type=2 2 2 2 2 2 2 2 2 2 2 2 2 2
left_child=1 2 3 -1 5 6 7 9 -8 10 11 -4 -5 -3
right_child=-2 13 4 12 -6 -7 8 -9 -10 -11 -12 -13 -14 -15
leaf_value=-9.4479922695197714e-05 1.5932907578813483e-05 2.3017293734957439e-05 5.0315643848948598e-05 0.00026834402320228862 1.9464001887940476e-05 -0.00052726666857573544 0.00087588163511702712 -0.00075907040317087216 3.3000629887476334e-05 -0.0001567548323279568 0.0001600647565169537 -0.00061436577964327265 0.00087088873720233553 -6.5186520056913694e-05
leaf_weight=1446 181392 25001 1575 1741 108951 1218 838 710 611 12974 5343 840 671 67169
leaf_count=1446 181392 25001 1575 1741 108951 1218 838 710 611 12974 5343 840 671 67169
internal_value=1.95799e-07 -1.22649e-05 7.25505e-06 0.000237362 5.81491e-07 -8.47477e-05 -6.11799e-05 -0.000100527 0.000520732 -7.79382e-05 5.38732e-05 -0.000181036 0.000436259 -4.12614e-05
internal_weight=410480 229088 136918 3858 133060 24109 22891 21442 1449 20732 7758 2415 2412 92170
internal_count=410480 229088 136918 3858 133060 24109 22891 21442 1449 20732 7758 2415 2412 92170
is_linear=0
shrinkage=0.05


Tree=32
num_leaves=15
num_cat=0
split_feature=22 22 5 18 20 12 10 22 18 20 22 22 5 22
split_gain=0.0294453 0.0778092 0.0538326 0.0375527 0.0334973 0.0440764 0.0313469 0.0272696 0.071785 0.0329982 0.0672255 0.0810198 0.0645037 0.0487848
threshold=-0.047596385518319843 -0.040136251687286566 0.0031835617214774569 0.11561526251626532 0.027716745285560011 -0.0034876535484403277 2.5000000000000004 -0.030673863990566704 0.02263944868769378 0.0013062630351876605 -0.025747580640957498 -0.022469593315682154 0.00299509851483793 0.0077354687141939502
decision_type=2 2 2 2 2 2 2 2 2 2 2 2 2 2
left_child=3 2 -2 6 7 -6 -1 8 -3 10 12 -12 -9 -11
right_child=1 4 -4 -5 5 -7 -8 9 -10 13 11 -13 -14 -15
leaf_value=0.00024171571047207712 5.3933831831770552e-05 5.930326195000607e-05 0.00058628353319543469 -0.00054829755670558994 0.00046242381881466939 -0.00010906266101925543 -0.00025245548604255051 8.1144889207126309e-07 -0.00029486984837907089 3.2662929616478353e-05 -0.00025655625192729626 -1.2064082478733924e-05 0.00044204584477668796 -2.5596176539884704e-05
leaf_weight=534 949 3003 950 541 873 549 801 1741 2731 128634 3442 213880 1579 49861
leaf_count=534 949 3003 950 541 873 549 801 1741 2731 128634 3442 213880 1579 49861
internal_value=2.84744e-07 1.19329e-06 0.000320417 -0.000197298 -2.99535e-07 0.000241865 -5.4754e-05 -1.15067e-06 -0.000109405 4.04783e-07 -1.25259e-05 -1.59376e-05 0.000210734 1.63887e-05
internal_weight=410068 408192 1899 1876 406293 1422 1335 404871 5734 399137 220642 217322 3320 178495
internal_count=410068 408192 1899 1876 406293 1422 1335 404871 5734 399137 220642 217322 3320 178495
is_linear=0
shrinkage=0.05


Tree=33
num_leaves=15
num_cat=0
split_feature=11 13 22 22 12 22 22 14 13 11 22 22 11 13
split_gain=0.0285538 0.0836649 0.0826742 0.0974035 0.0640861 0.0561859 0.0442744 0.0312954 0.0987803 0.0335911 0.0324642 0.0302478 0.0283848 0.0493745
threshold=0.52745525037557928 1.6030277577618746 0.0016829495925761997 0.0073409108528471609 -0.050543316940780396 -0.023533481021522692 -0.019282831398915953 0.052929873191470918 1.169877427813091 -0.24027364507739477 0.018533470480760598 -0.024607092819337036 -1.1375198010472147 1.4788177688903794
decision_type=2 2 2 2 2 2 2 2 2 2 2 2 2 2
left_child=7 4 -3 -4 -2 11 -7 12 -9 -10 -11 -6 13 -1
right_child=1 2 3 -5 5 6 -8 8 9 10 -12 -13 -14 -15
leaf_value=-0.00018014350526833031 0.00043998670333234051 -7.829422730994633e-05 -0.0011359175741808768 -0.0001890176366145469 -9.8386740098162662e-05 0.00035599957911932987 -2.9680013542169472e-05 0.00015863988716295209 -0.00031260091095573897 -0.00010873668943704009 0.00016386357063122734 -0.00059241717850803488 1.7346522990675534e-06 0.00027963171226306089
leaf_weight=4330 731 1505 529 558 581 765 26046 11169 1304 3749 1540 664 355957 674
leaf_count=4330 731 1505 529 558 581 765 26046 11169 1304 3749 1540 664 355957 674
internal_value=-5.37203e-07 -4.63715e-05 -0.000318399 -0.000650457 -2.18677e-05 -3.39166e-05 -1.86625e-05 3.2605e-06 6.80524e-05 -8.54099e-05 -2.93476e-05 -0.000362134 7.20664e-08 -0.000118172
internal_weight=410102 31379 2592 1087 28787 28056 26811 378723 17762 6593 5289 1245 360961 5004
internal_count=410102 31379 2592 1087 28787 28056 26811 378723 17762 6593 5289 1245 360961 5004
is_linear=0
shrinkage=0.05


Tree=34
num_leaves=15
num_cat=0
split_feature=11 13 22 22 19 19 10 22 14 21 13 10 11 11
split_gain=0.0278721 0.0738186 0.0779424 0.088034 0.0372298 0.0540246 0.0402071 0.0489172 0.0440177 0.0397602 0.035826 0.0563445 0.0347001 0.0316344
threshold=0.50494705821397667 1.6030277577618746 0.0016829495925761997 0.0073409108528471609 -0.017347061898223933 -0.012719325650026534 2.5000000000000004 0.0019066251839331418 -0.020349158706398637 -0.04509904814948934 0.99933998639432975 3.5000000000000004 0.66949380749480192 1.2640214266695573
decision_type=2 2 2 2 2 2 2 2 2 2 2 2 2 2
left_child=-1 4 -3 -4 -2 9 7 8 -7 -6 -8 12 -12 -10
right_child=1 2 3 -5 5 6 10 -9 13 -11 11 -13 -14 -15
leaf_value=4.2424211285192386e-06 0.0002746917529655601 -6.678885798939764e-05 -0.0010725212868339387 -0.00019845078886690317 -4.3275582820153285e-05 0.00054519657008450246 -1.6025918143532258e-05 -4.1594594004971989e-05 5.4405919123368281e-05 -0.00048107796726505961 -0.00054985812489729451 3.6192651600631621e-05 -0.00019027418448755668 0.00036778294051869562
leaf_weight=375485 1029 1638 535 624 973 591 7592 8913 6053 1110 1098 1669 1727 928
leaf_count=375485 1029 1638 535 624 973 591 7592 8913 6053 1110 1098 1669 1727 928
internal_value=2.91729e-07 -4.27299e-05 -0.00028891 -0.000602503 -2.09885e-05 -3.09226e-05 -1.29954e-05 3.77912e-05 0.000131229 -0.000276693 -8.22645e-05 -0.000194137 -0.00033018 9.61105e-05
internal_weight=409965 34480 2797 1159 31683 30654 28571 16485 7572 2083 12086 4494 2825 6981
internal_count=409965 34480 2797 1159 31683 30654 28571 16485 7572 2083 12086 4494 2825 6981
is_linear=0
shrinkage=0.05


Tree=35
num_leaves=15
num_cat=0
split_feature=11 20 19 14 14 4 22 22 22 21 22 19 22 17
split_gain=0.0285529 0.0420603 0.0431623 0.0305395 0.0305285 0.0476375 0.0294727 0.0815948 0.054197 0.048082 0.0387521 0.0325981 0.0623669 0.0568817
threshold=-1.1375198010472147 0.027716745285560011 -0.0075154728810680185 -0.068894690065176609 -0.097787285191703696 0.0040535461373563059 0.030750262930672626 0.033548887810287871 0.035940183515538189 0.0020982807362436018 0.034711730432517525 0.017869301610982328 0.022426848011473436 -0.0046475985227188423
decision_type=2 2 2 2 2 2 2 2 2 2 2 2 2 2
left_child=3 4 -3 -1 5 -2 11 9 10 -8 -9 12 -6 -14
right_child=1 2 -4 -5 6 -7 7 8 -10 -11 -12 -13 13 -15
leaf_value=5.3581548887959594e-05 -3.5400356918819356e-05 0.00064508368344617982 4.3983539995260952e-05 -0.00020576394922248379 -2.5675977850395892e-06 0.00042398734027522587 0.0007817707817866725 -1.6719761025892435e-06 0.0001237529957353326 0.00022565484100759315 -0.00043234330382915348 -8.8036594354153508e-05 -0.00013917913640668832 0.00024979597868343147
leaf_weight=1714 1184 509 721 3358 377885 1077 506 1102 3083 1672 992 10841 1197 4365
leaf_count=1714 1184 509 721 3358 377885 1077 506 1102 3083 1672 992 10841 1197 4365
internal_value=-2.43582e-07 1.23255e-06 0.000293053 -0.000118129 3.43153e-07 0.000183514 -6.8844e-07 9.84736e-05 -9.561e-06 0.000355153 -0.000205805 -2.53844e-06 -1.20972e-07 0.000166075
internal_weight=410206 405134 1230 5072 403904 2261 401643 7355 5177 2178 2094 394288 383447 5562
internal_count=410206 405134 1230 5072 403904 2261 401643 7355 5177 2178 2094 394288 383447 5562
is_linear=0
shrinkage=0.05


Tree=36
num_leaves=15
num_cat=0
split_feature=22 22 5 19 5 20 22 19 22 5 10 19 13 22
split_gain=0.0291777 0.0715081 0.0460556 0.0388432 0.034224 0.0339382 0.0780766 0.100875 0.0729457 0.076228 0.0832773 0.262521 0.0980421 0.0715437
threshold=-0.047596385518319843 -0.040136251687286566 0.0036276725816670589 -0.028811006006034808 0.005245963145397224 0.0072801115751861553 0.0077354687141939502 0.0032210678650139717 -0.026534696288983469 0.0026475968570767714 1.5000000000000002 -0.015338948896160219 1.3390948455133977 -0.021228611705014552
decision_type=2 2 2 2 2 2 2 2 2 2 2 2 2 2
left_child=-1 2 -2 4 -3 -5 8 -8 -7 -10 13 12 -12 -11
right_child=1 3 -4 5 -6 6 7 -9 9 10 11 -13 -14 -15
leaf_value=-0.00019564039987887829 0.00010712002466176301 -0.00031016914405178738 0.0006113318670153431 -5.7505920654573512e-06 0.00015810572823427433 -0.00022388455684944453 -0.00055806996459734938 -2.5516969614863031e-05 3.9777619439861874e-05 -0.00048071168427684416 0.00050359847691198339 0.00016778687557874924 0.0014400659467386783 9.2470961483881079e-05
leaf_weight=1896 1140 1767 751 337972 500 2039 934 18156 31464 626 540 7142 582 4132
leaf_count=1896 1140 1767 751 337972 500 2039 934 18156 31464 626 540 7142 582 4132
internal_value=-2.05755e-09 9.08131e-07 0.000307582 -5.21513e-07 -0.000206864 6.38051e-07 3.35445e-05 -5.16006e-05 6.84813e-05 8.18865e-05 0.00018362 0.000279553 0.000990209 1.69734e-05
internal_weight=409641 407745 1891 405854 2267 403587 65615 19090 46525 44486 13022 8264 1122 4758
internal_count=409641 407745 1891 405854 2267 403587 65615 19090 46525 44486 13022 8264 1122 4758
is_linear=0
shrinkage=0.05


Tree=37
num_leaves=15
num_cat=0
split_feature=10 17 19 22 19 10 19 22 22 19 21 22 19 17
split_gain=0.028832 0.0585282 0.0650853 0.0557419 0.105638 0.0592705 0.0631815 0.104333 0.0968006 0.087765 0.0701009 0.0665395 0.0583616 0.061003
threshold=2.5000000000000004 0.012777287943485873 -0.016937014377549572 0.035940183515538189 0.02523283620856898 3.5000000000000004 -0.014452974769637915 -0.025747580640957498 -0.0091346223297714118 -0.017798949852377007 -0.29095774081293752 -0.028050748695918167 0.010200166289976999 -0.0095825479347391145
decision_type=2 2 2 2 2 2 2 2 2 2 2 2 2 2
left_child=-1 3 -3 4 5 -2 7 9 10 11 -8 -7 -10 -14
right_child=1 2 -4 -5 -6 6 8 -9 12 -11 -12 -13 13 -15
leaf_value=1.0971941557234708e-05 -5.1643473552822742e-05 0.00069207308884343963 9.4368377834742634e-05 0.00022924612660061401 -0.00050493037227827213 6.0870741726390931e-05 0.00057947777439556678 -0.00030706638410392482 -2.0860281485502791e-05 0.00051594547704175654 0.00012359434264122882 -0.00047713860501547527 -0.00041925943479358282 0.00014713991994835842
leaf_weight=245482 78344 521 3577 2197 1134 2502 921 3933 51069 820 9889 745 502 8672
leaf_count=245482 78344 521 3577 2197 1134 2502 921 3933 51069 820 9889 745 502 8672
internal_value=1.1131e-07 -1.60638e-05 0.000170508 -2.08218e-05 -2.42888e-05 -2.08227e-05 9.7219e-06 -0.000123484 2.47213e-05 5.40819e-05 0.000162485 -6.26804e-05 -1.28719e-09 0.000116104
internal_weight=410308 164826 4098 160728 158531 157397 79053 8000 71053 4067 10810 3247 60243 9174
internal_count=410308 164826 4098 160728 158531 157397 79053 8000 71053 4067 10810 3247 60243 9174
is_linear=0
shrinkage=0.05


Tree=38
num_leaves=15
num_cat=0
split_feature=22 22 5 19 18 19 22 19 22 22 22 10 5 18
split_gain=0.0267556 0.0561186 0.0421297 0.0377829 0.0370266 0.0324203 0.121805 0.110825 0.112519 0.108245 0.275892 0.0825647 0.0791341 0.0814337
threshold=-0.047596385518319843 -0.040136251687286566 0.0031835617214774569 -0.028811006006034808 -0.097153869070302837 -0.0030796110586879251 -0.00062522156579813959 -0.0027313307792880544 -0.010354081001407609 -0.0071310231853185515 -0.007531087482836373 1.5000000000000002 0.0037770748224007417 -0.28647491776494211
decision_type=2 2 2 2 2 2 2 2 2 2 2 2 2 2
left_child=-1 2 -2 4 -3 6 12 -7 11 10 -10 -9 -5 -14
right_child=1 3 -4 5 -6 7 -8 8 9 -11 -12 -13 13 -15
leaf_value=-0.00018804568444131471 3.6063206748588386e-05 6.8377621419447908e-05 0.00050836430360439659 -5.9948149831421876e-06 -0.00035456017077752035 -0.00019601534298749389 0.00025725797493082682 -5.0822521875766183e-05 -6.9032615133509182e-07 -3.7881955257174849e-06 0.0011189592598751729 -0.00077970871681503782 0.00042899539767980775 7.2296907514559513e-05
leaf_weight=1875 941 803 947 98966 1453 7647 5286 753 1966 269014 763 802 1763 17228
leaf_count=1875 941 803 947 98966 1453 7647 5286 753 1966 269014 763 802 1763 17228
internal_value=3.47754e-07 1.21329e-06 0.000273108 -5.03772e-08 -0.000204056 1.0888e-06 2.24691e-05 -8.29023e-06 -3.0369e-06 -6.09229e-07 0.000312647 -0.000427009 1.19455e-05 0.000105431
internal_weight=410207 408332 1888 406444 2256 404188 123243 280945 273298 271743 2729 1555 117957 18991
internal_count=410207 408332 1888 406444 2256 404188 123243 280945 273298 271743 2729 1555 117957 18991
is_linear=0
shrinkage=0.05


Tree=39
num_leaves=15
num_cat=0
split_feature=19 22 22 19 22 22 18 19 5 5 13 19 5 19
split_gain=0.0263115 0.117022 0.101998 0.105071 0.105443 0.247297 0.0840321 0.0813759 0.0691413 0.0656651 0.0580163 0.126809 0.128388 0.057413
threshold=-0.0030796110586879251 -0.00062522156579813959 -0.012187269333477855 -0.0026802437670980779 -0.0071310231853185515 -0.007531087482836373 -0.29252844638424613 -0.00082124896432889105 0.0049103137116912792 0.0074262101172617497 1.2657445772100477 -0.0018869546834343607 0.0033402907229094646 -0.0041530809849009689
decision_type=2 2 2 2 2 2 2 2 2 2 2 2 2 2
left_child=1 6 7 -4 5 -5 8 -2 -1 10 -6 12 -12 -8
right_child=2 -3 3 4 9 -7 13 -9 -10 -11 11 -13 -14 -15
leaf_value=9.7872983158821852e-05 -3.2707124416917195e-05 0.00025204412501696329 -0.00017628700845218417 1.1328910410595955e-05 6.4479834150987306e-06 0.0010808984042707012 -1.6765279221684991e-05 -0.00075555895712144463 0.00053047950223642252 -0.00039970033469372533 -0.00021770123266970774 -4.0214151825413324e-05 -0.0011433033396344111 9.823209366229056e-05
leaf_weight=11419 744 5181 8749 1921 237055 751 99399 816 1004 1040 1454 27820 504 12183
leaf_count=11419 744 5181 8749 1921 237055 751 99399 816 1004 1040 1454 27820 504 12183
internal_value=5.78695e-07 1.92537e-05 -8.01138e-06 -5.75871e-06 -2.43458e-07 0.000312237 9.52561e-06 -0.000411056 0.000132875 -3.36157e-06 -1.81532e-06 -6.75953e-05 -0.000456418 -4.20861e-06
internal_weight=410040 129186 280854 279294 270545 2672 124005 1560 12423 267873 266833 29778 1958 111582
internal_count=410040 129186 280854 279294 270545 2672 124005 1560 12423 267873 266833 29778 1958 111582
is_linear=0
shrinkage=0.05


Tree=40
num_leaves=15
num_cat=0
split_feature=10 22 19 20 22 22 4 13 22 22 19 22 21 20
split_gain=0.0247662 0.0528345 0.132677 0.0669246 0.127285 0.0642518 0.112497 0.0634168 0.0502076 0.126219 0.0717129 0.137113 0.0774918 0.0769716
threshold=2.5000000000000004 0.0093029604391741145 0.0060076070690906489 0.0053843822451851162 0.027784614156541102 0.014415420150111548 0.0032595031529409268 1.169877427813091 0.0086050787755626041 0.0082597950280174377 -0.0030796110586879251 -0.0020910923978917913 -0.31782671475944274 0.020811142035873535
decision_type=2 2 2 2 2 2 2 2 2 2 2 2 2 2
left_child=1 -1 5 -4 7 6 -3 -5 9 10 11 12 -2 -14
right_child=8 2 3 4 -6 -7 -8 -9 -10 -11 -12 -13 13 -15
leaf_value=2.2415012602326011e-05 0.00017401252400051897 -0.00023351458094748872 2.4265749809653307e-05 -0.00013041954190784572 0.00024919378505671206 7.6087158084193825e-05 -0.00089612977225081393 -0.00047097944234660146 3.2400563372400212e-05 -0.00054235940014836081 -6.1843578735847721e-05 0.00035984636109494158 -3.2721522877488391e-05 0.00038005340866316948
leaf_weight=189509 5571 3747 38705 7731 1993 1120 772 1660 41436 1195 65534 2741 47331 1156
leaf_count=189509 5571 3747 38705 7731 1993 1120 772 1660 41436 1195 65534 2741 47331 1156
internal_value=-2.46444e-07 9.82989e-06 -3.29668e-05 -7.07882e-06 -0.000113641 -0.000262877 -0.000346885 -0.000190662 -1.5226e-05 -3.12019e-05 -2.62043e-05 1.49163e-05 -2.57969e-06 -2.28727e-05
internal_weight=410201 245237 55728 50089 11384 5639 4519 9391 164964 123528 122333 56799 54058 48487
internal_count=410201 245237 55728 50089 11384 5639 4519 9391 164964 123528 122333 56799 54058 48487
is_linear=0
shrinkage=0.05


Tree=41
num_leaves=15
num_cat=0
split_feature=11 13 22 22 12 22 22 19 11 13 22 22 17 19
split_gain=0.023297 0.0556327 0.0597247 0.0754261 0.057888 0.0526808 0.0436744 0.0284722 0.023766 0.0335899 0.0461161 0.0248174 0.0916886 0.046544
threshold=0.52745525037557928 1.6030277577618746 0.0016829495925761997 0.0073409108528471609 -0.050543316940780396 -0.023533481021522692 -0.019282831398915953 -0.016937014377549572 -1.1375198010472147 1.4788177688903794 -0.018327769648685484 0.024007854234069041 -0.0059828098665016252 0.024861445470631519
decision_type=2 2 2 2 2 2 2 2 2 2 2 2 2 2
left_child=8 4 -3 -4 -2 7 -7 -6 9 10 -1 13 -13 -10
right_child=1 2 3 -5 5 6 -8 -9 11 -11 -12 12 -14 -15
leaf_value=-0.00056200746028274887 0.00040356211898958863 -5.7390091340387766e-05 -0.00097082872187703002 -0.00013953180679205209 -0.00014352028876378037 0.00035451525495087846 -2.929924510751632e-05 -0.0006270633109693762 3.2144459442198206e-06 0.00022770215916298768 -8.9978285784749718e-05 -0.00020399935098673407 0.00011906893305177691 -0.00036635166837519601
leaf_weight=601 779 1487 531 561 710 762 25921 533 356768 656 3688 2627 13366 853
leaf_count=601 779 1487 531 561 710 762 25921 533 356768 656 3688 2627 13366 853
internal_value=1.88769e-07 -4.12789e-05 -0.00026368 -0.00054428 -2.12888e-05 -3.31541e-05 -1.83256e-05 -0.000351202 3.61574e-06 -0.000105269 -0.000156237 5.05717e-06 6.59925e-05 2.33193e-06
internal_weight=409843 31284 2579 1092 28705 27926 26683 1243 378559 4945 4289 373614 15993 357621
internal_count=409843 31284 2579 1092 28705 27926 26683 1243 378559 4945 4289 373614 15993 357621
is_linear=0
shrinkage=0.05


Tree=42
num_leaves=15
num_cat=0
split_feature=22 22 19 5 20 19 19 22 5 14 22 22 22 19
split_gain=0.0240263 0.172711 0.190924 0.0968281 0.0630724 0.050188 0.0600618 0.159495 0.0457124 0.0569161 0.0606297 0.0671461 0.0528219 0.131567
threshold=0.0014908918336350443 0.0014044104034969254 -0.0009122099377015801 0.0074262101172617497 -0.011346025100168354 -0.0030056003922866999 -0.0018086602704558972 0.00370891341657742 0.0049103137116912792 -0.077267281531425744 -0.029506454416010127 -0.024607092819337036 -0.0097023778574893398 -0.00082124896432889105
decision_type=2 2 2 2 2 2 2 2 2 2 2 2 2 2
left_child=1 8 -3 4 -2 -6 7 -7 12 10 -10 -12 13 -1
right_child=3 2 -4 -5 5 6 -8 -9 9 -11 11 -13 -14 -15
leaf_value=-2.4264227968218284e-05 -0.00010452119804758491 2.0254955340323287e-06 0.0011054897149745148 -0.00056898551335760723 0.00024063081241930512 -0.0010131766472926624 -1.8623163717178921e-06 2.9326566999793633e-05 -4.7698442752304833e-05 4.6534603695074981e-05 0.00095492216957448008 0.00027567236188012924 2.2062935842312278e-05 -0.00068158468620183878
leaf_weight=75634 16319 813 756 778 2108 536 174939 1158 818 10566 512 1256 122885 768
leaf_count=75634 16319 813 756 778 2108 536 174939 1158 818 10566 512 1256 122885 768
internal_value=4.91154e-09 1.15856e-05 0.000534079 -1.26503e-05 -1.04284e-05 -1.83723e-06 -4.73227e-06 -0.000300936 7.72418e-06 9.80051e-05 0.000308206 0.000472807 1.7656e-06 -3.08805e-05
internal_weight=409846 214008 1569 195838 195060 178741 176633 1694 212439 13152 2586 1768 199287 76402
internal_count=409846 214008 1569 195838 195060 178741 176633 1694 212439 13152 2586 1768 199287 76402
is_linear=0
shrinkage=0.05


Tree=43
num_leaves=15
num_cat=0
split_feature=22 22 21 18 19 18 12 5 14 13 13 19 5 4
split_gain=0.023393 0.0524698 0.0442007 0.0385166 0.0328807 0.0343681 0.0267272 0.0376719 0.0442442 0.0414121 0.0302204 0.0534499 0.068708 0.0512214
threshold=-0.047596385518319843 -0.040136251687286566 -0.068596194582046896 0.11561526251626532 -0.028811006006034808 0.069540844297817941 -0.048469418041584882 0.0059037043108779866 -0.077267281531425744 0.83240598288966516 1.2657445772100477 -0.006586067676855766 0.0037770748224007417 0.0042269004663520607
decision_type=2 2 2 2 2 2 2 2 2 2 2 2 2 2
left_child=3 2 -2 -1 5 -3 7 9 -9 -6 -8 13 -13 -12
right_child=1 4 -4 -5 6 -7 10 8 -10 -11 11 12 -14 -15
leaf_value=-2.8868569712369479e-05 0.00065168889721386113 -4.2056885854595013e-05 0.00011225795175085119 -0.0005260000093908234 0.00025898561144553427 -0.00044677687928853344 3.4859872690910112e-06 0.00056169883761420468 7.8099558424048687e-05 -1.4103386971316802e-05 2.0558876970091457e-05 -3.8166256568874822e-05 -0.00022028147376655858 0.00040409483272266868
leaf_weight=1308 528 1426 1348 554 1688 829 342941 798 1160 7795 12103 29570 6278 937
leaf_count=1308 528 1426 1348 554 1688 829 342941 798 1160 7795 12103 29570 6278 937
internal_value=-2.09685e-07 5.98677e-07 0.000264347 -0.000176983 -6.22098e-07 -0.000190975 4.42786e-07 7.57689e-05 0.000275381 3.45294e-05 -1.75685e-06 -3.85337e-05 -7.0065e-05 4.8147e-05
internal_weight=409263 407401 1876 1862 405525 2255 403270 11441 1958 9483 391829 48888 35848 13040
internal_count=409263 407401 1876 1862 405525 2255 403270 11441 1958 9483 391829 48888 35848 13040
is_linear=0
shrinkage=0.05


Tree=44
num_leaves=15
num_cat=0
split_feature=11 13 22 20 19 22 22 5 21 22 9 19 19 19
split_gain=0.0225551 0.0343253 0.0413976 0.0269492 0.0422432 0.0263907 0.0676978 0.0461554 0.0437661 0.0308616 0.0329974 0.0308528 0.0509564 0.0603896
threshold=-1.1375198010472147 1.4788177688903794 -0.018327769648685484 0.027716745285560011 -0.0075154728810680185 0.030750262930672626 0.033548887810287871 0.0055368895207732758 0.0020982807362436018 0.035940183515538189 0.59615384615384626 0.017869301610982328 0.015996845199533486 0.015360004859405698
decision_type=2 2 2 2 2 2 2 2 2 2 2 2 2 2
left_child=1 2 -1 5 -5 11 8 9 -7 -8 -11 12 13 -2
right_child=3 -3 -4 4 -6 6 7 -9 -10 10 -12 -13 -14 -15
leaf_value=-0.00053223559815109131 6.3338303876076532e-07 0.00022705831596569497 -9.3509724151632663e-05 0.00057317144418598295 -1.7330574334650529e-05 0.00071499945775149276 -0.00011398081457709324 -0.00044531473511637791 0.00019865132201648788 0.00026777634444621488 -0.00010148062804280804 -8.4042627087217175e-05 0.00016468562224364509 -0.00022518523284226455
leaf_weight=627 377880 672 3744 526 712 537 1847 536 1736 1890 889 10999 4689 2983
leaf_count=627 377880 672 3744 526 712 537 1847 536 1736 1890 889 10999 4689 2983
internal_value=-3.18382e-07 -0.000105398 -0.00015655 9.89588e-07 0.000233821 2.75507e-07 9.35992e-05 -6.53172e-06 0.0003209 4.43939e-05 0.000149657 -1.47447e-06 8.81244e-07 -1.13586e-06
internal_weight=410267 5043 4371 405224 1238 403986 7435 5162 2273 4626 2779 396551 385552 380863
internal_count=410267 5043 4371 405224 1238 403986 7435 5162 2273 4626 2779 396551 385552 380863
is_linear=0
shrinkage=0.05


Tree=45
num_leaves=15
num_cat=0
split_feature=22 22 5 18 19 18 19 19 22 19 22 22 11 11
split_gain=0.0210492 0.0501432 0.0413031 0.0329693 0.0290554 0.0836616 0.0688685 0.140818 0.280931 0.153703 0.125182 0.242435 0.0708858 0.064455
threshold=-0.047596385518319843 -0.040136251687286566 0.0031606288415728773 0.14600381603816634 -0.016125802878148739 -0.18226873341119715 -0.011619743008824955 -0.010193857073352129 -0.011706895888610789 -0.010987139204373884 -0.018327769648685484 -0.018016745319459068 -0.10250139902569017 0.012619566812382682
decision_type=2 2 2 2 2 2 2 2 2 2 2 2 2 2
left_child=3 2 -2 -1 5 -3 10 8 -8 12 13 -12 -10 -6
right_child=1 4 -4 -5 6 -7 7 -9 9 -11 11 -13 -14 -15
leaf_value=-4.1964990329254861e-05 2.2508844305266301e-05 0.00012413744029546095 0.00048744045710937678 -0.00051207822300597459 7.538245456945573e-05 -0.00011219176239004752 -7.3116055281699251e-06 2.8855329217332794e-06 9.4147983777613143e-05 -0.00090742979265034376 0.0010711512273357628 0.00014524015123145744 -0.00052370881768438982 -0.00017316323190991266
leaf_weight=1427 951 4865 959 504 6103 16253 7565 353149 855 1613 761 9797 1014 4554
leaf_count=1427 951 4865 959 504 6103 16253 7565 353149 855 1613 761 9797 1014 4554
internal_value=-2.18995e-07 5.59828e-07 0.000256081 -0.000164868 -6.41318e-07 -5.77448e-05 2.48772e-06 -2.61358e-06 -0.000178393 -0.000549976 9.00573e-05 0.000212073 -0.000241162 -3.08336e-05
internal_weight=410370 408439 1910 1931 406529 21118 385411 364196 11047 3482 21215 10558 1869 10657
internal_count=410370 408439 1910 1931 406529 21118 385411 364196 11047 3482 21215 10558 1869 10657
is_linear=0
shrinkage=0.05


Tree=46
num_leaves=15
num_cat=0
split_feature=22 22 19 5 19 19 19 5 14 13 11 11 22 22
split_gain=0.0238784 0.170153 0.172079 0.08781 0.0522049 0.101521 0.130654 0.039271 0.0583021 0.0605893 0.0520608 0.0469477 0.052908 0.0474995
threshold=0.0014908918336350443 0.0014044104034969254 -0.0009122099377015801 0.0074262101172617497 -0.0030056003922866999 -0.0018086602704558972 -0.0023147654889518194 0.0040380183314809174 -0.077267281531425744 1.3991018217087772 -1.0104429695728618 -0.16235750556501857 -0.016139116122013072 -0.021928316263920552
decision_type=2 2 2 2 2 2 2 2 2 2 2 2 2 2
left_child=1 7 -3 4 -2 6 -6 -1 9 10 -9 12 -10 -13
right_child=3 2 -4 -5 5 -7 -8 8 11 -11 -12 13 -14 -15
leaf_value=-1.2075559725370047e-07 0.00023535015997055696 7.323746120426954e-06 0.0010549219351435883 -0.00054484547061886448 -6.6822515441742339e-05 -9.251408134361751e-06 -0.00085228388327486461 -0.00034328774151709323 0.00010780756909187014 0.00054013774237548996 0.00022893092696034233 -6.7472114847935504e-05 -0.00018728413077412332 0.00013804076031489302
leaf_weight=187592 2134 785 782 771 1515 190740 813 506 2429 1217 1840 3791 4051 10876
leaf_count=187592 2134 785 782 771 1515 190740 813 506 2429 1217 1840 3791 4051 10876
internal_value=-3.58933e-08 1.15169e-05 0.000530459 -1.26437e-05 -1.05388e-05 -1.32579e-05 -0.000341375 7.68412e-06 6.69344e-05 0.000254013 0.000105418 3.54035e-05 -7.66707e-05 8.49206e-05
internal_weight=409842 213869 1567 195973 195202 193068 2328 212302 24710 3563 2346 21147 6480 14667
internal_count=409842 213869 1567 195973 195202 193068 2328 212302 24710 3563 2346 21147 6480 14667
is_linear=0
shrinkage=0.05


Tree=47
num_leaves=15
num_cat=0
split_feature=20 19 22 22 14 10 19 22 22 19 22 14 22 22
split_gain=0.0204114 0.0443676 0.0886593 0.192945 0.0756821 0.0590905 0.104575 0.155212 0.102806 0.115299 0.0713331 0.0650856 0.0616288 0.0574972
threshold=0.0015039922440219791 0.0038093682516423537 0.0021536983414108817 0.0014044104034969254 -0.082294382993790868 1.5000000000000002 -0.0048815816298747863 -0.010354081001407609 -0.010939871754435336 -0.00082124896432889105 -0.0066875411980450985 -0.016875252655428493 -0.004723452200412869 -0.01079344601110732
decision_type=2 2 2 2 2 2 2 2 2 2 2 2 2 2
left_child=1 5 3 -3 -4 -1 10 8 9 -8 13 12 -12 -7
right_child=-2 2 4 -5 -6 6 7 -9 -10 -11 11 -13 -14 -15
leaf_value=1.6823681909538569e-05 1.2927977245289714e-05 4.6493100204838408e-05 -0.00058507629858532857 0.00083509011025468616 1.2237359363756848e-05 2.3117827006799114e-05 1.7613348483428406e-05 -7.230443282586253e-05 -0.00094682609109226828 -0.00075483246813298299 0.00081238052946376561 7.3168824912644352e-05 0.00017965091867702741 -0.00014051765551533618
leaf_weight=52582 179343 3052 533 1039 76711 25136 1305 56110 764 766 684 3774 880 6825
leaf_count=52582 179343 3052 533 1039 76711 25136 1305 56110 764 766 684 3774 880 6825
internal_value=2.82069e-07 -9.57172e-06 2.01234e-05 0.00024693 8.10825e-06 -2.58005e-05 -4.90877e-05 -9.05464e-05 -0.000451437 -0.000268317 1.64318e-05 0.000185609 0.000456711 -1.18284e-05
internal_weight=409504 230161 81335 4091 77244 148826 96244 58945 2835 2071 37299 5338 1564 31961
internal_count=409504 230161 81335 4091 77244 148826 96244 58945 2835 2071 37299 5338 1564 31961
is_linear=0
shrinkage=0.05


Tree=48
num_leaves=15
num_cat=0
split_feature=22 22 5 19 18 18 20 22 19 21 22 19 4 5
split_gain=0.0218968 0.0451895 0.0366115 0.0308988 0.0298847 0.0280511 0.0241503 0.0656704 0.0835022 0.0655575 0.0733458 0.0465532 0.0462139 0.0432156
threshold=-0.047596385518319843 -0.040136251687286566 0.0031606288415728773 -0.028811006006034808 0.14361775996864196 -0.20197111595962214 0.0072801115751861553 0.0077354687141939502 0.0032210678650139717 0.12263211138975411 -0.026534696288983469 -0.025671841720712293 0.0036429089191411302 0.0025304926739733416
decision_type=2 2 2 2 2 2 2 2 2 2 2 2 2 2
left_child=4 2 -2 5 -1 -3 11 9 -9 12 -11 -5 -8 -12
right_child=1 3 -4 6 -6 -7 7 8 -10 10 13 -13 -14 -15
leaf_value=-5.080570672803401e-05 1.8979269005174848e-05 0.00012629939251712421 0.00045868172202040842 0.00028038686438326536 -0.00050025562353788616 -0.00028327861303299913 0.00017854163553396727 -0.0005117070135263695 -2.600219125907234e-05 -0.00029380519398852079 1.7677039906909602e-05 -6.0005137683095511e-06 0.00067208909310929302 0.00012967847016183396
leaf_weight=1406 924 551 970 1424 501 1725 4532 929 18250 1585 27386 336970 529 12563
leaf_count=1406 924 551 970 1424 501 1725 4532 929 18250 1585 27386 336970 529 12563
internal_value=-9.4666e-08 6.94951e-07 0.000244293 -4.40798e-07 -0.000169084 -0.000184111 5.93963e-07 2.83164e-05 -4.95544e-05 6.03692e-05 3.96636e-05 -4.79454e-06 0.000230252 5.29012e-05
internal_weight=410245 408338 1894 406444 1907 2276 404168 65774 19179 46595 41534 338394 5061 39949
internal_count=410245 408338 1894 406444 1907 2276 404168 65774 19179 46595 41534 338394 5061 39949
is_linear=0
shrinkage=0.05


Tree=49
num_leaves=15
num_cat=0
split_feature=11 13 22 22 11 14 13 19 11 20 11 5 5 22
split_gain=0.0193147 0.0458344 0.0471185 0.0566359 0.0343228 0.0302456 0.0834527 0.0366691 0.0607516 0.0393299 0.0317861 0.0271704 0.0266722 0.0266587
threshold=0.52745525037557928 1.6030277577618746 0.0016829495925761997 0.0073409108528471609 0.69563235694769743 0.052929873191470918 1.169877427813091 0.0062119591951890216 -0.082185599132140144 -0.0018287956341739851 0.2806974721393552 0.0032841767524572252 0.0046356728860273465 0.015861126577453092
decision_type=2 2 2 2 2 2 2 2 2 2 2 2 2 2
left_child=5 4 -3 -4 12 -1 -7 9 -9 -8 11 -10 -2 -6
right_child=1 2 3 -5 13 6 7 8 10 -11 -12 -13 -14 -15
leaf_value=-1.9085342842838806e-07 -6.3229533741795228e-05 -5.7785142457938034e-05 -0.00085855471135042006 -0.00013785383006184273 5.1318283919143389e-05 0.00014961605784569954 -0.00045766591638011361 -0.00026270986081527108 0.00011695275585228785 -7.7188156008482588e-05 -6.2221125201441661e-05 0.00054261416608168071 -0.00037359710856206497 -0.00015692970949511748
leaf_weight=360833 11913 1508 531 560 14290 11212 997 1138 786 2128 850 717 734 1721
leaf_count=360833 11913 1508 531 560 14290 11212 997 1138 786 2128 850 717 734 1721
internal_value=-1.68039e-07 -3.79435e-05 -0.000238956 -0.000489091 -1.9706e-05 2.95027e-06 6.65221e-05 -7.42968e-05 3.70739e-05 -0.000198683 0.000182111 0.000320239 -8.12706e-05 2.89256e-05
internal_weight=409918 31257 2599 1091 28658 378661 17828 6616 3491 3125 2353 1503 12647 16011
internal_count=409918 31257 2599 1091 28658 378661 17828 6616 3491 3125 2353 1503 12647 16011
is_linear=0
shrinkage=0.05


Tree=50
num_leaves=15
num_cat=0
split_feature=11 14 13 13 20 19 10 22 22 22 22 9 5 13
split_gain=0.0204177 0.0282048 0.0475378 0.045422 0.0259073 0.0392246 0.0230243 0.0605308 0.0956189 0.0544835 0.127394 0.0827325 0.0804183 0.077905
threshold=-1.1375198010472147 -0.068894690065176609 1.2287652354751739 0.91693312097005386 0.027716745285560011 -0.0075154728810680185 2.5000000000000004 0.0086050787755626041 0.0082597950280174377 -0.0005636631715741357 -0.00068904585194651247 0.45512820512820523 0.0031835617214774569 0.87150991052698989
decision_type=2 2 2 2 2 2 2 2 2 2 2 2 2 2
left_child=1 2 3 -1 6 -6 -2 8 9 10 -8 -12 -11 -14
right_child=4 -3 -4 -5 5 -7 7 -9 -10 12 11 -13 13 -15
leaf_value=0.00016083159295161896 1.0272358658857868e-05 -0.00018463353750481674 0.00046341923897882448 -0.0004634238372023744 0.00055607524896830989 -9.4820847062031334e-06 -9.6461759546625042e-06 3.8426058804957344e-05 -0.00049764694995230174 -4.3632759227052644e-05 0.00087542758761463601 4.9213640158170672e-05 -6.991780092765295e-05 -0.00041749993309586012
leaf_weight=672 242584 3333 520 513 527 731 72806 40988 1091 39244 674 550 3418 3051
leaf_count=672 242584 3333 520 513 527 731 72806 40988 1091 39244 674 550 3418 3051
internal_value=-9.22794e-09 -0.000100037 6.53466e-05 -0.000109579 1.23328e-06 0.000227694 5.28255e-07 -1.40789e-05 -3.18892e-05 -2.76415e-05 -1.13843e-06 0.000504515 -7.0561e-05 -0.000233889
internal_weight=410702 5038 1705 1185 405664 1258 404406 161822 120834 119743 74030 1224 45713 6469
internal_count=410702 5038 1705 1185 405664 1258 404406 161822 120834 119743 74030 1224 45713 6469
is_linear=0
shrinkage=0.05


Tree=51
num_leaves=15
num_cat=0
split_feature=19 19 18 19 20 22 11 22 19 17 13 19 10 14
split_gain=0.0198927 0.0413152 0.0846646 0.0488416 0.0396773 0.025496 0.114406 0.0886692 0.108143 0.0724573 0.0720482 0.038339 0.0600747 0.0365798
threshold=-0.037379997386896562 -0.032174949540690993 -0.0022576308078804956 -0.028811006006034808 -0.0077157718708815151 -0.024607092819337036 -0.64256544673911176 -0.022469593315682154 -0.019340890612886571 -0.00035582388210803057 0.93333333333333646 -0.019340890612886571 1.0000000180025095e-35 -0.019167792312519635
decision_type=2 2 2 2 2 2 2 2 2 2 2 2 2 2
left_child=-1 2 -2 4 -3 6 -5 8 -7 13 -10 12 -11 -8
right_child=1 3 -4 5 -6 7 9 -9 10 11 -12 -13 -14 -15
leaf_value=-0.00016184547089757295 0.00064765724163793009 0.00012271506517020102 -3.70027687680656e-05 0.00059849839714855692 -0.00039330068142001982 0.00024261155184996365 0.00025221899313828544 1.705480259946041e-06 -0.0005613187854012049 0.00014808601357089744 -0.00015136613960002666 7.8865138393655271e-05 -0.00028713400775901943 -4.8092399435721213e-05
leaf_weight=1884 747 510 1139 950 1377 1123 3674 386310 1712 1069 2866 2336 3063 1400
leaf_count=1884 747 510 1139 950 1377 1123 3674 386310 1712 1069 2866 2336 3063 1400
internal_value=2.08798e-07 9.56996e-07 0.000234374 -1.26836e-07 -0.000253846 1.05738e-06 7.13744e-05 -1.18355e-06 -0.000196915 2.79398e-05 -0.000304762 -8.30142e-05 -0.000174529 0.000169365
internal_weight=410160 408276 1886 406390 1887 404503 12492 392011 5701 11542 4578 6468 4132 5074
internal_count=410160 408276 1886 406390 1887 404503 12492 392011 5701 11542 4578 6468 4132 5074
is_linear=0
shrinkage=0.05


Tree=52
num_leaves=15
num_cat=0
split_feature=10 22 22 22 22 5 13 3 22 17 22 5 22 11
split_gain=0.0175324 0.0486697 0.0911101 0.0495733 0.156257 0.06477 0.0588369 0.044786 0.0420953 0.0707674 0.0642528 0.0695487 0.0588195 0.0583136
threshold=2.5000000000000004 0.0086050787755626041 0.0082597950280174377 -0.0005636631715741357 -0.00062522156579813959 0.0031835617214774569 0.87150991052698989 -0.022437101245268206 0.0093029604391741145 0.0038647419827630984 0.027784614156541102 0.0050051062807924176 0.015001423785803937 -0.39498990109009008
decision_type=2 2 2 2 2 2 2 2 2 2 2 2 2 2
left_child=8 2 3 4 -2 -5 -7 -3 -1 12 11 -11 -10 -14
right_child=1 7 -4 5 -6 6 -8 -9 9 10 -12 -13 13 -15
leaf_value=1.9652563512602331e-05 -6.3689681240866815e-06 -0.00038647783221647751 -0.00046639169062011912 -4.0302573223532586e-05 0.0007227996741051056 -6.7248828167367817e-05 -0.00036091214134130684 4.0683187835678757e-05 -6.2942401893698179e-05 -0.0001553272225181193 0.00012501809349057958 -0.00073189387415781206 0.00034131293153442693 3.2167468421845358e-05
leaf_weight=189838 74930 622 1175 39613 741 3587 3252 40782 19987 9687 1974 552 1639 21835
leaf_count=189838 74930 622 1175 39613 741 3587 3252 40782 19987 9687 1974 552 1639 21835
internal_value=-2.58698e-08 -1.26462e-05 -2.83966e-05 -2.41787e-05 7.80794e-07 -6.48372e-05 -0.00020692 3.42569e-05 8.44051e-06 -2.97902e-05 -0.000136125 -0.000186479 9.36294e-08 5.37662e-05
internal_weight=410214 164702 123298 122123 75671 46452 6839 41404 245512 55674 12213 10239 43461 23474
internal_count=410214 164702 123298 122123 75671 46452 6839 41404 245512 55674 12213 10239 43461 23474
is_linear=0
shrinkage=0.05


Tree=53
num_leaves=15
num_cat=0
split_feature=22 19 19 21 17 21 22 11 22 19 17 11 22 14
split_gain=0.0203728 0.0418888 0.0456375 0.0375273 0.0282332 0.0243946 0.0238922 0.0988586 0.0790538 0.0975735 0.0703353 0.0577121 0.0400484 0.0351878
threshold=-0.047596385518319843 -0.032174949540690993 -0.028811006006034808 -0.078162014437864705 -0.0061181851951499491 0.14269406377855876 -0.024607092819337036 -0.64256544673911176 -0.022469593315682154 -0.019340890612886571 -0.00035582388210803057 -0.017454673751945884 -0.024060311187700963 -0.019167792312519635
decision_type=2 2 2 2 2 2 2 2 2 2 2 2 2 2
left_child=5 3 4 -2 -3 -1 7 -4 9 -8 13 -11 -13 -9
right_child=1 2 6 -5 -6 -7 8 10 -10 11 -12 12 -14 -15
leaf_value=-4.3859356616075559e-05 0.00057788970221918953 7.28454576604116e-05 0.00056021139059201806 9.3698348448397099e-05 -0.00036662236930021025 -0.00043372117023750831 0.00023027363119237839 0.00024758893151703519 2.0012316729263721e-06 -7.2163185776438104e-05 -7.8776938281043254e-05 -0.00072114161032135326 -0.00030617193090800118 -4.9458089196390562e-05
leaf_weight=1313 559 501 947 1404 1347 577 1124 3746 386067 1817 6577 848 1855 1358
leaf_count=1313 559 501 947 1404 1347 577 1124 3746 386067 1817 6577 848 1855 1358
internal_value=6.89356e-07 1.44796e-06 3.34135e-07 0.000231805 -0.000247506 -0.000163047 1.46748e-06 6.91573e-05 -7.14881e-07 -0.000186473 2.93021e-05 -0.000290134 -0.000436577 0.000168561
internal_weight=410040 408150 406187 1963 1848 1890 404339 12628 391711 5644 11681 4520 2703 5104
internal_count=410040 408150 406187 1963 1848 1890 404339 12628 391711 5644 11681 4520 2703 5104
is_linear=0
shrinkage=0.05


Tree=54
num_leaves=15
num_cat=0
split_feature=20 11 17 5 22 10 22 10 5 22 22 22 17 7
split_gain=0.0191711 0.0408962 0.0673361 0.0446253 0.0510399 0.0538661 0.0318971 0.0611917 0.0489346 0.0416499 0.0637435 0.0629825 0.0613274 0.0513577
threshold=0.0013062630351876605 0.082620374009967537 -0.0032090409051852005 0.005245963145397224 -0.0019763945676438683 2.5000000000000004 0.0077354687141939502 3.5000000000000004 0.0033988069733330377 -0.026534696288983469 -0.024607092819337036 -0.021228611705014552 0.0073698323498733185 0.24358907534803853
decision_type=2 2 2 2 2 2 2 2 2 2 2 2 2 2
left_child=-1 2 -2 -3 5 -5 9 8 -8 13 12 -12 -11 -4
right_child=1 3 6 4 -6 -7 7 -9 -10 10 11 -13 -14 -15
leaf_value=-1.0806398031294959e-05 0.000564175471556952 3.3100961196675345e-05 -3.8521057913902629e-05 0.00075312248506125511 -6.6964195658901385e-05 0.00010176869898657613 -6.4501208418638709e-05 7.1362215253771254e-05 -0.00026974929723885149 0.00011563037301803858 -0.00024712689395877367 1.6622784249578121e-05 0.00076786367941772328 -0.00039513792994307924
leaf_weight=225385 510 72562 3936 707 711 576 19384 7266 3415 1151 2338 70100 524 1357
leaf_count=225385 510 72562 3936 707 711 576 19384 7266 3415 1151 2338 70100 524 1357
internal_value=-1.0223e-06 1.09275e-05 -8.45241e-06 3.95155e-05 0.000272808 0.000461006 -1.11253e-05 -5.49867e-05 -9.52552e-05 5.48219e-06 1.51601e-05 8.10674e-06 0.000320009 -0.000130007
internal_weight=409922 184537 109981 74556 1994 1283 109471 30065 22799 79406 74113 72438 1675 5293
internal_count=409922 184537 109981 74556 1994 1283 109471 30065 22799 79406 74113 72438 1675 5293
is_linear=0
shrinkage=0.05


Tree=55
num_leaves=15
num_cat=0
split_feature=11 13 13 11 14 13 19 11 10 20 5 11 19 5
split_gain=0.0198018 0.0435421 0.0320255 0.0292069 0.0284472 0.0720901 0.0381478 0.0561193 0.0323592 0.028836 0.026303 0.0243089 0.024185 0.0240373
threshold=0.52745525037557928 1.6030277577618746 1.4788177688903794 0.69563235694769743 0.052929873191470918 1.169877427813091 0.0062119591951890216 -0.082185599132140144 1.0000000180025095e-35 -0.0015801602634385457 0.0036635823020952658 0.2806974721393552 -0.020040447767126709 0.0045601302123359647
decision_type=2 2 2 2 2 2 2 2 2 2 2 2 2 2
left_child=4 2 3 13 -1 -6 8 -8 -7 -10 -3 -9 -5 -2
right_child=1 10 -4 12 5 6 7 11 9 -11 -12 -13 -14 -15
leaf_value=8.9344603486024659e-08 -7.0625205975160331e-05 -0.00014332886124155642 0.00026024359338780223 0.00033252129886123747 0.00014236063246645959 -0.00055387452459911056 -0.0002470000345380232 0.0003025161684585948 -0.0003627311991868849 -6.0684178412381213e-06 -0.00051288332276879585 -3.2943081681210338e-05 2.4042376161949076e-06 -0.00036027922682336757
leaf_weight=360894 11263 1959 980 575 11156 518 1102 1537 836 1755 638 832 15087 764
leaf_count=360894 11263 1959 980 575 11156 518 1102 1537 836 1755 638 832 15087 764
internal_value=-3.03997e-08 -3.82731e-05 -2.05103e-05 -3.04561e-05 3.12765e-06 6.49479e-05 -6.63024e-05 4.76346e-05 -0.00019348 -0.000121243 -0.000234279 0.000184738 1.45443e-05 -8.90535e-05
internal_weight=409896 31266 28669 27689 378630 17736 6580 3471 3109 2591 2597 2369 15662 12027
internal_count=409896 31266 28669 27689 378630 17736 6580 3471 3109 2591 2597 2369 15662 12027
is_linear=0
shrinkage=0.05


Tree=56
num_leaves=15
num_cat=0
split_feature=19 17 19 13 13 7 22 19 22 19 10 22 11 22
split_gain=0.0194232 0.0923415 0.0731782 0.249092 0.0462934 0.0446487 0.0430244 0.126557 0.0640553 0.0601062 0.0491118 0.0561752 0.042743 0.0826902
threshold=-0.015750767264155471 -0.0065762363881127208 -0.015338948896160219 1.3718510701308195 1.006753742157789 0.44668632084084831 -0.024607092819337036 -0.019340890612886571 -0.021928316263920552 -0.019340890612886571 1.0000000180025095e-35 -0.029506454416010127 0.23568758839441609 -0.028050748695918167
decision_type=2 2 2 2 2 2 2 2 2 2 2 2 2 2
left_child=1 4 3 -2 -1 6 9 -8 -9 10 11 -3 13 -11
right_child=2 5 -4 -5 -6 -7 7 8 -10 12 -12 -13 -14 -15
leaf_value=3.1755351992357276e-05 -4.6898240214579074e-05 -1.0793247398734706e-05 1.2584100028996707e-06 0.0012221463159551339 0.0003483066355733993 -0.00042068010577249628 0.00026242730232370397 -0.00054916228344917468 -0.00017024520073308686 -7.9267330958548258e-05 -0.00013088033540779515 0.00049809420786395438 -0.00013879150394067378 0.00064901383133052063
leaf_weight=2927 1368 2317 381306 538 1907 945 1483 1394 5573 649 7386 707 590 974
leaf_count=2927 1368 2317 381306 538 1907 945 1483 1394 5573 649 7386 707 590 974
internal_value=-7.69856e-08 -4.11851e-05 2.80359e-06 0.000311764 0.00015668 -8.46311e-05 -6.9542e-05 -0.000156856 -0.000246129 -1.10854e-05 -6.13948e-05 0.000108308 0.000225492 0.000357922
internal_weight=410064 26852 383212 1906 4834 22018 21073 8450 6967 12623 10410 3024 2213 1623
internal_count=410064 26852 383212 1906 4834 22018 21073 8450 6967 12623 10410 3024 2213 1623
is_linear=0
shrinkage=0.05


Tree=57
num_leaves=15
num_cat=0
split_feature=18 19 17 13 19 11 10 13 4 19 19 19 19 10
split_gain=0.0180805 0.0805561 0.0370888 0.0661369 0.0305473 0.0611441 0.024618 0.0552062 0.0470086 0.0329752 0.0968846 0.0683706 0.0499955 0.219966
threshold=0.31962647753075052 -0.020707881803070146 0.010531169028910605 1.3258309960940868 0.010483984956173533 -0.093792549570356293 1.5000000000000002 1.9632071346092974 0.0024523940640815947 0.0032210678650139717 0.00015577717618397993 0.00027770115248804133 0.0052504451465049682 2.5000000000000004
decision_type=2 2 2 2 2 2 2 2 2 2 2 2 2 2
left_child=2 -2 6 4 -4 -6 7 -1 -9 10 -8 -12 13 -11
right_child=1 -3 3 -5 5 -7 9 8 -10 12 11 -13 -14 -15
leaf_value=1.9919919827836634e-05 -0.00046880568763323614 -2.2363677571345706e-05 0.00013746798040990566 0.00055239029356566715 -0.00050061078500631101 8.781015599810632e-05 -2.4355998900642113e-06 -6.2504976027416301e-05 -0.00055341638863570092 0.00043132076436355358 -0.00053663977252309464 -8.8746984365203655e-05 -5.3064243798930744e-06 -2.3099420118274654e-07
leaf_weight=146412 1050 26184 4348 771 642 1408 111952 1378 754 3720 875 31221 64641 14302
leaf_count=146412 1050 26184 4348 771 642 1408 111952 1378 754 3720 875 31221 64641 14302
internal_value=-2.31108e-07 -3.95927e-05 2.57209e-06 0.00011522 6.24598e-05 -9.66203e-05 4.19731e-07 1.62409e-05 -0.000236298 -9.94656e-06 -2.43919e-05 -0.000100974 1.52258e-05 8.88665e-05
internal_weight=409658 27234 382424 7169 6398 2050 375255 148544 2132 226711 144048 32096 82663 18022
internal_count=409658 27234 382424 7169 6398 2050 375255 148544 2132 226711 144048 32096 82663 18022
is_linear=0
shrinkage=0.05


Tree=58
num_leaves=15
num_cat=0
split_feature=19 19 18 19 20 14 19 14 13 19 4 18 14 16
split_gain=0.0162459 0.0373174 0.0703844 0.0412215 0.0296316 0.0188208 0.052702 0.0470509 0.0183044 0.0597636 0.0495954 0.0465452 0.0463851 0.0424377
threshold=-0.037379997386896562 -0.032174949540690993 -0.0022576308078804956 -0.028811006006034808 -0.0071577123909367648 -0.097787285191703696 -0.0029097576167193546 -0.11465517671076018 1.2657445772100477 -0.006586067676855766 0.0043271851097829344 0.30007671192477209 -0.058475270224890623 0.68750000000000011
decision_type=2 2 2 2 2 2 2 2 2 2 2 2 2 2
left_child=-1 2 -2 4 -3 6 7 -5 -7 10 11 -10 -11 -12
right_child=1 3 -4 5 -6 8 -8 -9 9 12 13 -13 -14 -15
leaf_value=-0.00014727313471756242 0.00059375561587071603 8.2956896977770078e-05 -2.7912212147592801e-05 3.8616295976173079e-05 -0.00036172452495032297 4.1870125121089703e-06 -0.00024775898386142115 0.00052673084459868688 6.2741660973742198e-05 -0.00033678566993808047 0.00053985926056653499 -0.0001861767939423913 -5.0526362732302932e-05 4.6948816763883847e-06
leaf_weight=1859 761 522 1131 1074 1323 348169 676 913 12344 1472 915 2214 36055 622
leaf_count=1859 761 522 1131 1074 1323 348169 676 913 12344 1472 915 2214 36055 622
internal_value=1.61249e-07 8.3306e-07 0.000222317 -1.9886e-07 -0.000235935 8.77082e-07 0.000133338 0.000263051 -1.17344e-09 -2.71947e-05 5.34046e-05 2.48756e-05 -6.17636e-05 0.00032343
internal_weight=410050 408191 1892 406299 1845 404454 2663 1987 401791 53622 16095 14558 37527 1537
internal_count=410050 408191 1892 406299 1845 404454 2663 1987 401791 53622 16095 14558 37527 1537
is_linear=0
shrinkage=0.05


Tree=59
num_leaves=15
num_cat=0
split_feature=22 22 19 20 19 19 14 11 14 22 11 20 10 10
split_gain=0.0176475 0.139587 0.147706 0.0548506 0.0406899 0.0447626 0.0923021 0.068915 0.0565523 0.0659307 0.0547923 0.0683759 0.0374412 0.0359434
threshold=0.0014908918336350443 0.0014044104034969254 -0.0009122099377015801 -0.011346025100168354 -0.0030056003922866999 0.0099332258520320477 -0.063250778585040954 -0.69315592758838906 -0.047904824685893126 0.013096181704226108 -0.44215295360248991 0.011704337955056434 1.5000000000000002 1.0000000180025095e-35
decision_type=2 2 2 2 2 2 2 2 2 2 2 2 2 2
left_child=1 -1 -3 -2 12 6 7 -6 9 -7 11 -10 -5 -12
right_child=3 2 -4 4 5 8 -8 -9 10 -11 13 -13 -14 -15
leaf_value=7.0128828555437413e-06 -9.7792545506372321e-05 1.3422844202415807e-05 0.00099191806354793281 -3.2986609616180912e-05 6.3136806712210027e-05 0.0007884230545393868 -1.6243017484133262e-05 -0.00062016470345556006 -7.4075722789633753e-05 7.8664699386533975e-05 -3.37988523545136e-05 -0.00069686679980733297 0.0003931433876182367 6.5550037907618905e-05
leaf_weight=212297 16416 802 742 884 554 527 123173 1103 3330 861 12276 507 1235 35227
leaf_count=212297 16416 802 742 884 554 527 123173 1103 3330 861 12276 507 1235 35227
internal_value=5.24762e-07 1.04591e-05 0.000483996 -1.03087e-05 -2.31534e-06 -4.91526e-06 -2.12314e-05 -0.00039181 3.37118e-05 0.000348521 2.51942e-05 -0.000156528 0.00021544 3.98756e-05
internal_weight=409934 213841 1544 196093 179677 177558 124830 1657 52728 1388 51340 3837 2119 47503
internal_count=409934 213841 1544 196093 179677 177558 124830 1657 52728 1388 51340 3837 2119 47503
is_linear=0
shrinkage=0.05


Tree=60
num_leaves=15
num_cat=0
split_feature=11 14 20 19 19 19 19 14 19 10 11 10 11 19
split_gain=0.0163071 0.0273355 0.0449575 0.0382454 0.0373325 0.0241614 0.0216739 0.0215567 0.0304934 0.0434817 0.0299439 0.0263166 0.0247643 0.0222724
threshold=0.42012439868860535 0.0018640816548638475 0.009845590405338946 -0.0041530809849009689 0.008692549766008641 -0.020040447767126709 -0.010465675137617479 -0.0053213872001907627 -0.012719325650026534 1.5000000000000002 0.64443955821602816 2.5000000000000004 0.69563235694769743 -0.017347061898223933
decision_type=2 2 2 2 2 2 2 2 2 2 2 2 2 2
left_child=-1 2 4 -4 7 -3 -7 8 9 13 -9 -11 -10 -2
right_child=1 5 3 -5 -6 6 -8 10 12 11 -12 -13 -14 -15
leaf_value=3.5489208102618953e-06 0.00023423304353602828 0.0002772981617407016 0.00045787514287061844 -0.00011862024787059048 -0.00043270111247710013 -0.00016837516022329162 -1.5184468843641576e-06 -9.8246358066771973e-05 -2.488424672986556e-05 -0.00065750481507317708 -0.00045069856958362248 -0.00018982675976125132 0.00029325616048445432 -0.00015445352343845234
leaf_weight=359830 572 741 658 510 876 2061 34660 1810 4664 575 903 632 703 1032
leaf_count=359830 572 741 658 510 876 2061 34660 1810 4664 575 903 632 703 1032
internal_value=-1.81884e-07 -2.6819e-05 -8.94837e-05 0.000206266 -0.000118855 -5.18018e-06 -1.08878e-05 -9.35739e-05 -5.30445e-05 -0.000186422 -0.00021568 -0.000412983 1.68344e-05 -1.5785e-05
internal_weight=410227 50397 12935 1168 11767 37462 36721 10891 8178 2811 2713 1207 5367 1604
internal_count=410227 50397 12935 1168 11767 37462 36721 10891 8178 2811 2713 1207 5367 1604
is_linear=0
shrinkage=0.05


Tree=61
num_leaves=15
num_cat=0
split_feature=22 22 17 5 11 22 9 19 11 19 19 22 18 10
split_gain=0.0195773 0.0662015 0.0427106 0.0405122 0.0347447 0.0275166 0.0276835 0.0256521 0.0461831 0.0419485 0.0611641 0.1814 0.0508391 0.0364646
threshold=0.030750262930672626 0.033548887810287871 -0.0016562115275731701 0.0055368895207732758 0.12875014424573944 0.035940183515538189 0.60897435897435914 0.017869301610982328 0.13524279393309308 0.015996845199533486 0.015360004859405698 0.021836335811010302 -0.087214190509061235 1.0000000180025095e-35
decision_type=2 2 2 2 2 2 2 2 2 2 2 2 2 2
left_child=7 2 -2 5 -4 -3 -7 9 -9 10 -1 -12 -13 -10
right_child=1 3 4 -5 -6 6 -8 8 13 -11 11 12 -14 -15
leaf_value=6.3863938803446975e-07 0.00071171255492937229 -0.0001098630922478003 2.8496135829538744e-06 -0.00041807462113956399 0.00045476268495797835 0.00023616739314918247 -0.00011084295196252268 9.4156183121477764e-06 -0.00042826064220746052 0.00014859768932399083 -0.00071021125961552014 -0.00036006241393454817 0.00022197808637724168 -0.00011162544791691716
leaf_weight=383426 504 2010 1029 561 724 1939 816 6480 1249 4732 1181 503 1467 3340
leaf_count=383426 504 2010 1029 561 724 1939 816 6480 1249 4732 1181 503 1467 3340
internal_value=2.34891e-08 7.96105e-05 0.000306489 -1.65734e-05 0.000189645 3.07745e-05 0.000133384 -1.47656e-06 -7.65351e-05 6.4682e-07 -1.16459e-06 -0.000220519 7.32584e-05 -0.000197879
internal_weight=409961 7583 2257 5326 1753 4765 2755 402378 11069 391309 386577 3151 1970 4589
internal_count=409961 7583 2257 5326 1753 4765 2755 402378 11069 391309 386577 3151 1970 4589
is_linear=0
shrinkage=0.05


Tree=62
num_leaves=15
num_cat=0
split_feature=20 18 22 22 22 14 22 10 22 22 22 14 20 10
split_gain=0.0163641 0.0258464 0.0541414 0.0456273 0.224827 0.0488028 0.0436184 0.0698365 0.0563533 0.0406143 0.105606 0.059726 0.0393722 0.0433773
threshold=-0.00473894571477007 -0.37645511616313426 0.015653860196210848 -0.0099168196713678141 -0.010559555949042286 -0.018806175643468977 -0.011107791565813872 1.0000000180025095e-35 -0.016139116122013072 0.0014908918336350443 0.001338049188288615 -0.077267281531425744 -0.020101484752782114 3.5000000000000004
decision_type=2 2 2 2 2 2 2 2 2 2 2 2 2 2
left_child=1 2 -1 4 5 6 7 8 -3 10 12 -11 -5 -14
right_child=-2 3 -4 9 -6 -7 -8 -9 -10 11 -12 -13 13 -15
leaf_value=6.5235571227937843e-05 5.6101806802270754e-06 -7.3280220130680207e-05 -0.00020593646401587869 0.00037180874282682187 -0.00088120049573963332 -0.00014852844396261676 0.00046767594723200911 7.6109737889143816e-05 -0.00055406501860994655 -0.00055485870254289428 0.00075407611306793306 -3.6168652002178481e-05 4.5532948157718501e-05 -0.00011079168629744357
leaf_weight=16746 308317 2076 2067 785 870 8492 501 6972 862 563 502 34781 21176 5613
leaf_count=16746 308317 2076 2067 785 870 8492 501 6972 862 563 502 34781 21176 5613
internal_value=-1.33209e-07 -1.74927e-05 3.54323e-05 -2.94613e-05 -9.57749e-05 -5.95814e-05 1.29779e-05 -1.00543e-05 -0.000214481 -8.78494e-06 3.61082e-05 -4.44464e-05 2.30103e-05 1.27759e-05
internal_weight=410323 102006 18813 83193 19773 18903 10411 9910 2938 63420 28076 35344 27574 26789
internal_count=410323 102006 18813 83193 19773 18903 10411 9910 2938 63420 28076 35344 27574 26789
is_linear=0
shrinkage=0.05


Tree=63
num_leaves=15
num_cat=0
split_feature=18 22 17 13 19 22 22 10 13 22 5 22 22 22
split_gain=0.0166817 0.0715154 0.0400692 0.0622844 0.0258149 0.0257695 0.0296384 0.023026 0.0495255 0.0439243 0.0433152 0.0409906 0.0581003 0.0499106
threshold=0.31962647753075052 -0.029506454416010127 0.010531169028910605 1.3258309960940868 0.024861445470631519 -0.020099449415480638 -0.024607092819337036 1.5000000000000002 1.9632071346092974 0.0031921583446822281 0.0036276725816670589 0.035940183515538189 0.034711730432517525 0.030750262930672626
decision_type=2 2 2 2 2 2 2 2 2 2 2 2 2 2
left_child=2 -2 7 4 -4 6 -3 8 9 -1 -10 12 13 -9
right_child=1 5 3 -5 -6 -7 -8 11 10 -11 -12 -13 -14 -15
leaf_value=4.3857421966437009e-05 -0.00052083696813824579 4.1582407889276814e-05 9.8483043888002891e-05 0.0005385423198185083 -0.00025612846466044765 -7.0660937937123596e-06 -0.00028894122724358086 -1.1992634226755246e-05 -8.9437965076627545e-05 -1.1095653814585447e-05 -0.00060090320229972717 0.00022310385854869966 -0.00047873070548018872 0.00032442020048369005
leaf_weight=80455 745 1084 5917 787 561 23495 1810 223087 1589 66351 559 1873 663 1107
leaf_count=80455 745 1084 5917 787 561 23495 1810 223087 1589 66351 559 1873 663 1107
internal_value=-1.74474e-07 -3.80588e-05 2.50993e-06 0.000118807 6.77386e-05 -2.441e-05 -0.000165166 2.6066e-07 1.55326e-05 1.90207e-05 -0.00022276 -9.77253e-06 -1.17133e-05 -1.03301e-05
internal_weight=410083 27134 382949 7265 6478 26389 2894 375684 148954 146806 2148 226730 224857 224194
internal_count=410083 27134 382949 7265 6478 26389 2894 375684 148954 146806 2148 226730 224857 224194
is_linear=0
shrinkage=0.05


Tree=64
num_leaves=15
num_cat=0
split_feature=19 18 19 19 22 19 22 22 11 4 5 19 22 22
split_gain=0.0155343 0.0961233 0.0616342 0.127244 0.249871 0.137821 0.10009 0.166305 0.0646684 0.0485261 0.0441065 0.0415604 0.0728327 0.072308
threshold=-0.015750767264155471 -0.13601170693913056 -0.011619743008824955 -0.010193857073352129 -0.011706895888610789 -0.010987139204373884 -0.018327769648685484 -0.018016745319459068 -0.10250139902569017 0.0040535461373563059 0.0040864817524702453 -0.003197197122793038 -0.00062522156579813959 -0.012187269333477855
decision_type=2 2 2 2 2 2 2 2 2 2 2 2 2 2
left_child=1 10 6 4 -4 8 -2 -8 -6 -9 -1 12 -5 -13
right_child=2 -3 3 11 5 -7 7 9 -10 -11 -12 13 -14 -15
leaf_value=4.7060712633979849e-05 -2.9598223484348205e-05 -9.5596739587308643e-05 -8.0655974643128902e-06 2.4035547001259591e-05 0.00010085380501041182 -0.00085727959995984381 0.00092023720201419353 0.00011019300717471611 -0.00049316107977334677 0.00055543091701906982 0.0003302918729972077 -0.00034698670447313274 0.00022496546227795627 -3.2154599706575638e-06
leaf_weight=5776 9215 19337 7584 65235 834 1618 738 8768 1015 657 1803 1537 4844 281192
leaf_count=5776 9215 19337 7584 65235 834 1618 738 8768 1015 657 1803 1537 4844 281192
internal_value=2.73699e-07 -3.64429e-05 2.85252e-06 -1.77497e-06 -0.000168834 -0.000520408 8.97381e-05 0.000197935 -0.000225318 0.000141285 0.000114474 3.45827e-06 3.79272e-05 -5.08552e-06
internal_weight=410153 26916 383237 363859 11051 3467 19378 10163 1849 9425 7579 352808 70079 282729
internal_count=410153 26916 383237 363859 11051 3467 19378 10163 1849 9425 7579 352808 70079 282729
is_linear=0
shrinkage=0.05


Tree=65
num_leaves=15
num_cat=0
split_feature=7 22 20 22 22 22 19 22 19 19 22 19 22 22
split_gain=0.0164614 0.0668355 0.0368148 0.0337088 0.0306639 0.0483207 0.13587 0.10318 0.0730594 0.207846 0.0914403 0.0679663 0.102586 0.0599607
threshold=0.16800685047998704 -0.029506454416010127 0.0072801115751861553 0.016449707939916517 -0.024607092819337036 -0.0097023778574893398 -0.00082124896432889105 -0.01079344601110732 -0.011357258456344608 -0.010193857073352129 -0.004723452200412869 -0.0041530809849009689 -0.013447327178863598 -0.0032162516068494069
decision_type=2 2 2 2 2 2 2 2 2 2 2 2 2 2
left_child=2 -2 4 -3 -1 6 7 11 -7 -10 -11 -6 -13 -12
right_child=1 3 -4 -5 5 8 -8 -9 9 10 13 12 -14 -15
leaf_value=7.8676730699557247e-05 -0.00027831953854392475 -9.2584024626665251e-07 5.689455342501724e-05 -0.0001031530473215205 -2.8940139457146695e-05 0.00052021563378993327 -0.00071916094890770539 -0.00026194561371784393 -0.00061385741100236798 9.6491241469663189e-05 -0.00011669972352432181 -0.0001714172979252697 0.00055145066628143659 2.8084067316466009e-06
leaf_weight=11747 2426 73682 30917 9054 38236 686 747 4678 1353 25652 11085 810 1243 197112
leaf_count=11747 2426 73682 30917 9054 38236 686 747 4678 1353 25652 11085 810 1243 197112
internal_value=-1.3729e-07 -1.97005e-05 5.00063e-06 -1.21139e-05 -4.68809e-07 -3.77063e-06 -5.08187e-05 -3.97003e-05 5.34724e-06 3.84335e-06 7.41984e-06 -1.38893e-05 0.000266302 -3.55508e-06
internal_weight=409428 85162 324266 82736 293349 281602 45714 44967 235888 235202 233849 40289 2053 208197
internal_count=409428 85162 324266 82736 293349 281602 45714 44967 235888 235202 233849 40289 2053 208197
is_linear=0
shrinkage=0.05


Tree=66
num_leaves=15
num_cat=0
split_feature=18 19 17 22 11 10 5 11 10 22 22 22 14 22
split_gain=0.0153429 0.0606655 0.0361782 0.0424257 0.0671805 0.0417715 0.0631197 0.0263934 0.018742 0.0393139 0.0505178 0.0468824 0.036745 0.0344131
threshold=0.32664331328827995 -0.020707881803070146 0.010531169028910605 0.011147594864600376 -0.09896299539350388 1.5000000000000002 0.0041894829508246651 0.15768517213867736 1.5000000000000002 0.035940183515538189 0.034711730432517525 0.030750262930672626 0.13159654247052524 -0.024060311187700963
decision_type=2 2 2 2 2 2 2 2 2 2 2 2 2 2
left_child=2 -2 8 5 -5 -4 7 -7 13 10 11 12 -10 -1
right_child=1 -3 3 4 -6 6 -8 -9 9 -11 -12 -13 -14 -15
leaf_value=0.00012573395610237308 -0.00041591182016041607 -2.1241512441946941e-05 3.1478463845010882e-05 -0.00040055464614893255 0.00012125067937963665 0.00032849405339215981 0.00079928688835299042 -5.9983328135863098e-05 -1.1496999388610106e-05 0.00021948321581762432 -0.00045817498115223736 0.00031250531202803625 0.00035315357821263921 9.5177750770065813e-06
leaf_weight=6666 1013 24487 1932 883 2040 1396 577 636 222900 1881 626 1129 692 142939
leaf_count=6666 1013 24487 1932 883 2040 1396 577 636 222900 1881 626 1129 692 142939
internal_value=6.21581e-07 -3.69357e-05 3.11378e-06 0.000112112 -3.6463e-05 0.000207735 0.000338193 0.000206934 9.54544e-07 -8.09331e-06 -9.99388e-06 -8.74336e-06 -1.03669e-05 1.46969e-05
internal_weight=409797 25500 384297 7464 2923 4541 2609 2032 376833 227228 225347 224721 223592 149605
internal_count=409797 25500 384297 7464 2923 4541 2609 2032 376833 227228 225347 224721 223592 149605
is_linear=0
shrinkage=0.05


Tree=67
num_leaves=15
num_cat=0
split_feature=19 18 19 19 22 19 22 4 11 10 19 11 13 22
split_gain=0.0182996 0.0727094 0.0469056 0.103049 0.212633 0.122787 0.0930913 0.15506 0.0526221 0.0666729 0.0590769 0.0525236 0.0429798 0.0492841
threshold=-0.016125802878148739 -0.12766758884963561 -0.011619743008824955 -0.010193857073352129 -0.011706895888610789 -0.010987139204373884 -0.018327769648685484 0.0040535461373563059 0.012619566812382682 3.5000000000000004 -0.012410437544380813 -0.10250139902569017 1.2657445772100477 -0.018016745319459068
decision_type=2 2 2 2 2 2 2 2 2 2 2 2 2 2
left_child=1 -1 6 4 -4 11 8 -8 9 -2 -10 -6 13 -5
right_child=2 -3 3 12 5 -7 7 -9 10 -11 -12 -13 -14 -15
leaf_value=9.0711359580416704e-05 -5.8970262805356415e-05 -9.6603951018217583e-05 -3.9548617362543209e-06 0.00024824833751529394 8.5062215304898211e-05 -0.00080202204875705937 0.00012050443164256225 0.00079560063375282316 -0.00025122678813685066 0.00028309567018294373 0.00017505063661791306 -0.00044316615982730432 -4.4595959064655718e-05 7.8612915627842357e-06
leaf_weight=7337 3844 17621 7636 2146 857 1575 9635 932 3611 2262 1048 1042 41594 309038
leaf_count=7337 3844 17621 7636 2146 857 1575 9635 932 3611 2262 1048 1042 41594 309038
internal_value=-4.6565e-08 -4.15367e-05 2.64164e-06 -1.5828e-06 -0.00015151 -0.000475748 7.47001e-05 0.000180117 -2.87849e-05 6.77755e-05 -0.000155323 -0.000204863 3.13926e-06 9.51985e-06
internal_weight=410178 24958 385220 363888 11110 3474 21332 10567 10765 6106 4659 1899 352778 311184
internal_count=410178 24958 385220 363888 11110 3474 21332 10567 10765 6106 4659 1899 352778 311184
is_linear=0
shrinkage=0.05


Tree=68
num_leaves=15
num_cat=0
split_feature=19 18 19 19 22 10 10 11 22 22 22 5 11 10
split_gain=0.0158579 0.0625463 0.0420387 0.0992543 0.189161 0.220361 0.124228 0.0911076 0.0842581 0.146539 0.0817409 0.0572929 0.0437875 0.0636786
threshold=-0.016125802878148739 -0.18226873341119715 -0.011619743008824955 -0.010193857073352129 -0.013447327178863598 2.5000000000000004 3.5000000000000004 -0.10250139902569017 -0.018327769648685484 -0.018016745319459068 -0.010354081001407609 0.0027926544430243168 0.012619566812382682 3.5000000000000004
decision_type=2 2 2 2 2 2 2 2 2 2 2 2 2 2
left_child=1 -1 8 4 6 7 -4 -6 12 -10 -9 -7 13 -2
right_child=2 -3 3 -5 5 11 -8 10 9 -11 -12 -13 -14 -15
leaf_value=0.00010809460665246605 -6.2887944656371393e-05 -8.1252312475495661e-05 -0.00011275448399117694 3.0112404175176481e-06 0.0001389982695738726 -0.00059589318494312202 0.00038710978860719084 -8.386617693934928e-05 0.00085039831831014889 0.00012012990099910164 -0.00069035310131291682 -0.0012097199706044199 -0.00014217539334323323 0.00027107734040171609
leaf_weight=5626 3853 19391 3754 353060 1539 873 1857 1218 738 9764 1021 678 4694 2266
leaf_count=5626 3853 19391 3754 353060 1539 873 1857 1218 738 9764 1021 678 4694 2266
internal_value=-9.29815e-08 -3.8668e-05 2.41164e-06 -1.58494e-06 -0.000149901 -0.000363213 5.27186e-05 -0.000157109 7.06587e-05 0.000171524 -0.000360613 -0.000864826 -2.73119e-05 6.08108e-05
internal_weight=410332 25017 385315 364000 10940 5329 5611 3778 21315 10502 2239 1551 10813 6119
internal_count=410332 25017 385315 364000 10940 5329 5611 3778 21315 10502 2239 1551 10813 6119
is_linear=0
shrinkage=0.05


Tree=69
num_leaves=15
num_cat=0
split_feature=22 19 19 19 22 19 19 22 22 20 19 22 22 13
split_gain=0.014319 0.0981799 0.0839207 0.213564 0.0753573 0.105495 0.148617 0.0688121 0.0681935 0.0857552 0.0601968 0.0579794 0.118106 0.111949
threshold=-0.0097023778574893398 -0.00082124896432889105 -0.0041530809849009689 -0.0047378682830713217 -0.004723452200412869 -0.010193857073352129 -0.011357258456344608 -0.014847204805669976 -0.011470086718440129 -0.0026951937327683857 -0.0054400526457443745 -0.0042958986194108753 -0.0044655575481649659 0.76098955617359054
decision_type=2 2 2 2 2 2 2 2 2 2 2 2 2 2
left_child=1 2 3 7 5 6 -2 -1 -4 -10 -9 12 -6 -14
right_child=4 -3 8 -5 11 -7 -8 10 9 -11 -12 -13 13 -15
leaf_value=1.803912898568264e-05 0.00026564727251966031 -0.00056861121019486283 3.620396884491431e-07 -0.00068664344592291764 -6.5809433066210278e-06 8.9870688567558554e-05 -0.00054231309990505612 -0.00011338754259632787 0.00096130604522061598 0.00022457743155816632 9.4899630708037094e-05 -1.6566783251349196e-06 -0.00017167008482125783 -0.0010280610006441174
leaf_weight=51990 894 803 2306 1202 3319 37210 1563 22331 503 1831 4106 280917 904 660
leaf_count=51990 894 803 2306 1202 3319 37210 1563 22331 503 1831 4106 280917 904 660
internal_value=-4.36927e-07 -1.87014e-05 -1.34546e-05 -2.55002e-05 4.33716e-06 6.89159e-05 -0.000248341 -1.53586e-05 0.000193225 0.000383693 -8.10355e-05 -4.62612e-06 -0.000175421 -0.000533489
internal_weight=410539 85072 84269 79629 325467 39667 2457 78427 4640 2334 26437 285800 4883 1564
internal_count=410539 85072 84269 79629 325467 39667 2457 78427 4640 2334 26437 285800 4883 1564
is_linear=0
shrinkage=0.05


Tree=70
num_leaves=15
num_cat=0
split_feature=11 6 10 22 22 21 5 19 17 22 19 20 19 20
split_gain=0.0152234 0.0265123 0.0232446 0.0166652 0.0490122 0.0340052 0.0331809 0.0271669 0.0415861 0.0386332 0.0399478 0.0890901 0.062523 0.165132
threshold=-1.1375198010472147 2.5555026923441591 3.5000000000000004 0.030750262930672626 0.033548887810287871 0.0020982807362436018 0.0055368895207732758 0.017869301610982328 -0.00035582388210803057 0.022426848011473436 0.014578077773026667 0.010659152853191302 0.014453471215686855 0.0031564623784960948
decision_type=2 2 2 2 2 2 2 2 2 2 2 2 2 2
left_child=1 2 -1 7 5 -5 -6 9 -9 10 12 -12 -2 -14
right_child=3 -3 -4 4 6 -7 -8 8 -10 -11 11 -13 13 -15
leaf_value=-0.00010432866047724507 3.2888822093764014e-07 0.00011123996016705305 -0.00046620980802421089 0.00062249921819930313 3.3420434323359201e-05 0.00016210668377546536 -0.00037827882990972239 -0.00018756586263397065 7.611274403197151e-06 0.00013255546830540758 -5.5362308036499523e-05 -0.00061034689399589175 0.0010448921284443987 -0.00017974494500929198
leaf_weight=3255 372330 1259 513 523 4647 1715 546 4879 6192 5502 6886 807 503 606
leaf_count=3255 372330 1259 513 523 4647 1715 546 4879 6192 5502 6886 807 503 606
internal_value=-8.76664e-07 -8.73436e-05 -0.000153708 1.96446e-07 7.43789e-05 0.000269926 -9.93075e-06 -1.18982e-06 -7.84126e-05 1.0216e-06 -8.77554e-07 -0.000113652 1.44595e-06 0.000376145
internal_weight=410163 5027 3768 405136 7431 2238 5193 397705 11071 386634 381132 7693 373439 1109
internal_count=410163 5027 3768 405136 7431 2238 5193 397705 11071 386634 381132 7693 373439 1109
is_linear=0
shrinkage=0.05


Tree=71
num_leaves=15
num_cat=0
split_feature=18 19 17 19 5 10 19 20 10 19 5 17 19 19
split_gain=0.0160329 0.0553635 0.0304109 0.0330644 0.0328317 0.0260973 0.0627056 0.0196819 0.016419 0.0311295 0.0771116 0.0380604 0.0351401 0.045452
threshold=0.31962647753075052 -0.020707881803070146 0.010531169028910605 0.014578077773026667 0.0030865928078409309 1.5000000000000002 -0.015338948896160219 0.017673928407204279 1.5000000000000002 -0.019340890612886571 0.0059037043108779866 -0.010636051761674313 -0.0075154728810680185 -0.0035938437725443468
decision_type=2 2 2 2 2 2 2 2 2 2 2 2 2 2
left_child=2 -2 8 5 -5 -4 -7 -8 9 10 11 -1 -11 -14
right_child=1 -3 3 4 -6 6 7 -9 -10 12 -12 -13 13 -15
leaf_value=0.00045650281591582618 -0.00038471073839220943 -2.2138450908317216e-05 1.8807653107528316e-05 5.1521135702735931e-05 -0.00041997051193687476 0.00070793205831449308 0.00025452609300511699 -1.6183136220691683e-05 -7.4723640002565846e-06 -5.7507265745190763e-05 0.00066567070749740391 1.6652394038456475e-05 0.00010823113087787253 8.495024860696854e-06
leaf_weight=552 1096 26177 1895 1358 506 613 1747 1090 226678 17271 598 4446 12701 113466
leaf_count=552 1096 26177 1895 1358 506 613 1747 1090 226678 17271 598 4446 12701 113466
internal_value=3.167e-07 -3.67224e-05 2.95485e-06 0.000104671 -7.66262e-05 0.000167899 0.000249761 0.000150548 1.00289e-06 1.38936e-05 0.000129576 6.53129e-05 9.37954e-06 1.85361e-05
internal_weight=410194 27273 382921 7209 1864 5345 3450 2837 375712 149034 5596 4998 143438 126167
internal_count=410194 27273 382921 7209 1864 5345 3450 2837 375712 149034 5596 4998 143438 126167
is_linear=0
shrinkage=0.05


Tree=72
num_leaves=15
num_cat=0
split_feature=19 18 19 19 22 19 22 4 14 14 18 7 14 19
split_gain=0.0138952 0.0610106 0.0440961 0.0824438 0.165027 0.103171 0.0724086 0.138691 0.0457764 0.0384 0.0372103 0.0368788 0.036848 0.0368265
threshold=-0.016125802878148739 -0.13601170693913056 -0.011619743008824955 -0.010193857073352129 -0.011706895888610789 -0.010987139204373884 -0.018327769648685484 0.0040535461373563059 -0.025130938590362469 -0.082294382993790868 0.54715980989419855 0.062435195707612641 -0.077267281531425744 -0.0072756500943174643
decision_type=2 2 2 2 2 2 2 2 2 2 2 2 2 2
left_child=1 -1 6 4 -4 8 11 -8 -6 13 -3 -2 -11 -5
right_child=2 10 3 9 5 -7 7 -9 -10 12 -12 -13 -14 -15
leaf_value=8.7981931708654642e-05 5.7066442699229399e-05 -7.1101129000061009e-05 -4.8119789368221307e-06 0.00015925319800101897 0.00017806265067863924 -0.0007180589593452618 0.00010861373593929111 0.00074346017169114138 -0.00034387607727893023 0.00026835439992543863 -0.00045202904033712286 -0.00013194155669975265 3.1801416628168091e-06 -0.00026423897666412308
leaf_weight=7098 6414 17174 7558 652 626 1587 9606 944 1273 1314 665 4317 348740 2403
leaf_count=7098 6414 17174 7558 652 626 1587 9606 944 1273 1314 665 4317 348740 2403
internal_value=1.76278e-07 -3.59944e-05 2.51656e-06 -1.57189e-06 -0.000136089 -0.000420628 7.24734e-05 0.000165484 -0.000171817 2.6357e-06 -8.53259e-05 -1.89753e-05 4.17629e-06 -0.000173834
internal_weight=410371 24937 385434 364153 11044 3486 21281 10550 1899 353109 17839 10731 350054 3055
internal_count=410371 24937 385434 364153 11044 3486 21281 10550 1899 353109 17839 10731 350054 3055
is_linear=0
shrinkage=0.05


Tree=73
num_leaves=15
num_cat=0
split_feature=11 13 11 22 12 22 11 13 11 12 22 10 5 11
split_gain=0.0143335 0.0295045 0.0156942 0.0340632 0.0417411 0.0358758 0.023303 0.0353819 0.0198998 0.0192173 0.0251764 0.0277921 0.0231528 0.0302999
threshold=2.4642446011185961 0.97437084379003858 1.0960002490311134 0.0022989855160269195 -0.0014124938493823012 0.0059563972896620196 0.52745525037557928 2.0703886101545197 1.6751074886334811 -0.048469418041584882 -0.023533481021522692 1.5000000000000002 0.0048117390481724519 0.66949380749480192
decision_type=2 2 2 2 2 2 2 2 2 2 2 2 2 2
left_child=2 -2 6 4 8 -5 -1 9 -4 -8 11 -11 -12 -14
right_child=1 -3 3 5 -6 -7 7 -9 -10 10 12 -13 13 -15
leaf_value=2.5675365588030823e-06 9.6139270607836102e-05 -0.00034803231536661538 0.0002250868584524485 -0.00040526820209972809 0.00062071617377656985 6.3306172267212587e-05 0.00022122294398073839 -0.00038433895111461276 -0.00011272138355927662 -6.6320172517199069e-05 -1.9093535723891157e-05 -0.00051750265241247591 -0.00050046314246929356 1.0922204233060988e-06
leaf_weight=379174 665 852 1324 540 511 1667 700 754 649 845 20940 572 589 615
leaf_count=379174 665 852 1324 540 511 1667 700 754 649 845 20940 572 589 615
internal_value=-3.00863e-08 -0.000153388 5.39266e-07 9.14583e-05 0.000218422 -5.14744e-05 -5.16161e-07 -4.72567e-05 0.000113967 -3.67652e-05 -4.44391e-05 -0.000248685 -3.13587e-05 -0.000244482
internal_weight=410397 1517 408880 4691 2484 2207 404189 25015 1973 24261 23561 1417 22144 1204
internal_count=410397 1517 408880 4691 2484 2207 404189 25015 1973 24261 23561 1417 22144 1204
is_linear=0
shrinkage=0.05


Tree=74
num_leaves=15
num_cat=0
split_feature=14 13 13 13 10 13 8 19 12 12 13 19 17 12
split_gain=0.0140777 0.0403122 0.0367026 0.026771 0.0337772 0.0296017 0.0257891 0.0224563 0.0494441 0.0350669 0.0384849 0.028392 0.0234668 0.0217085
threshold=0.030606109097598647 1.1558166472710154 1.1361440795977293 1.236257056636048 2.5000000000000004 1.2657445772100477 0.44565217391304479 -0.017347061898223933 -0.020539065483490378 -0.010854058371177365 1.101882519966203 -0.0056184192190598661 0.00041500926822868328 0.010986758177129132
decision_type=2 2 2 2 2 2 2 2 2 2 2 2 2 2
left_child=-1 2 7 4 -3 -5 -6 -2 11 12 13 -9 -10 -11
right_child=1 3 -4 5 6 -7 -8 8 9 10 -12 -13 -14 -15
leaf_value=-3.7243263555651277e-06 0.00032950553513878399 -5.7878117704797356e-05 0.00036902214229682189 0.00022162800239625049 -0.0006630457834889145 -3.7102496809843114e-05 -0.0001683460945616409 -0.00044074137501813181 0.00044132204986548854 -8.7464335856739689e-06 -0.00023877429160174609 6.3663246852356979e-06 3.3217402633391028e-05 6.8444325726319015e-05
leaf_weight=344920 656 2021 858 1208 508 12914 548 839 909 13261 1235 615 575 29084
leaf_count=344920 656 2021 858 1208 508 12914 548 839 909 13261 1235 615 575 29084
internal_value=3.04089e-07 2.16047e-05 4.51251e-05 -4.40798e-05 -0.000177694 -1.49565e-05 -0.000406729 3.92264e-05 3.51258e-05 4.43874e-05 3.62448e-05 -0.000251753 0.000283324 4.42712e-05
internal_weight=410151 65231 48032 17199 3077 14122 1056 47174 46518 45064 43580 1454 1484 42345
internal_count=410151 65231 48032 17199 3077 14122 1056 47174 46518 45064 43580 1454 1484 42345
is_linear=0
shrinkage=0.05


Tree=75
num_leaves=15
num_cat=0
split_feature=18 19 20 22 22 10 22 22 19 5 22 11 4 12
split_gain=0.0157213 0.049537 0.0367779 0.055904 0.162303 0.031797 0.032301 0.0538004 0.0525875 0.039075 0.0331159 0.0290348 0.0282922 0.0269291
threshold=0.22869298693388479 -0.020707881803070146 0.0087917725108099826 -0.01747090866620293 -0.020099449415480638 3.5000000000000004 0.0080243894576255154 0.027784614156541102 0.0026439530182617026 0.0031606288415728773 0.018218092413134105 -0.49486846750551072 0.0022042488538215692 -0.048469418041584882
decision_type=2 2 2 2 2 2 2 2 2 2 2 2 2 2
left_child=2 -2 13 4 11 6 8 9 -5 -8 -11 -4 -6 -1
right_child=1 -3 3 5 12 -7 7 -9 -10 10 -12 -13 -14 -15
leaf_value=7.8754608708767173e-05 -0.00027871982557822739 -1.6072313183710924e-05 0.00033069202075602103 -1.4200891911832049e-05 0.0005191713533846228 0.00014874806552117438 -9.1858077569511334e-05 0.00021354217001015561 0.00026656906921350074 -0.00015458616126863317 -0.0007027484909169166 -5.5961532984431995e-05 0.0010418474355329197 -3.1721698952494114e-06
leaf_weight=10354 1854 55736 636 6932 543 4380 3400 1104 2195 541 562 2041 501 319798
leaf_count=10354 1854 55736 636 6932 543 4380 3400 1104 2195 541 562 2041 501 319798
internal_value=-3.09975e-07 -2.45324e-05 3.64199e-06 6.50084e-05 0.000242293 3.04848e-05 -4.67916e-06 -9.91224e-05 5.33448e-05 -0.000175809 -0.000434269 3.59886e-05 0.000770753 -6.02608e-07
internal_weight=410577 57590 352987 22835 3721 19114 14734 5607 9127 4503 1103 2677 1044 330152
internal_count=410577 57590 352987 22835 3721 19114 14734 5607 9127 4503 1103 2677 1044 330152
is_linear=0
shrinkage=0.05


Tree=76
num_leaves=15
num_cat=0
split_feature=19 22 17 19 17 10 5 22 19 19 22 10 17 13
split_gain=0.0156032 0.035824 0.0453425 0.017622 0.0685071 0.0607462 0.0521346 0.051024 0.0427486 0.0366389 0.0459226 0.090063 0.0530119 0.046344
threshold=-0.037379997386896562 -0.040136251687286566 -0.002108996997098433 -0.016125802878148739 -0.0065762363881127208 3.5000000000000004 0.0040864817524702453 -0.023533481021522692 -0.028811006006034808 -0.017798949852377007 -0.026534696288983469 2.5000000000000004 0.010531169028910605 0.89626055081397371
decision_type=2 2 2 2 2 2 2 2 2 2 2 2 2 2
left_child=-1 2 -2 4 6 8 -3 -7 -6 10 -10 12 13 -12
right_child=1 3 -4 -5 5 7 -8 -9 9 -11 11 -13 -14 -15
leaf_value=-0.00014208330859850752 0.00062174771444129721 4.2365990632741289e-05 6.9960168751732925e-05 2.2848267906008107e-06 -0.000299085023764046 -0.00012650991507202536 0.00046976552308083345 -0.00053359066753514003 -5.6489896012195247e-05 -0.00012148616284121566 -3.7520941136902785e-05 0.00065847195523825773 -0.00038292168232027839 0.00043368277941191767
leaf_weight=1917 507 3077 1395 385465 1452 2011 928 1247 4172 4749 1214 790 556 914
leaf_count=1917 507 3077 1395 385465 1452 2011 928 1247 4172 4749 1214 790 556 914
internal_value=1.93737e-07 8.61795e-07 0.000217295 -1.51233e-07 -4.46313e-05 -8.82162e-05 0.000141491 -0.000282436 -4.25019e-05 -1.2423e-05 5.53241e-05 0.000189582 5.13759e-05 0.000164975
internal_weight=410394 408477 1902 406575 21110 17105 4005 3258 13847 12395 7646 3474 2684 2128
internal_count=410394 408477 1902 406575 21110 17105 4005 3258 13847 12395 7646 3474 2684 2128
is_linear=0
shrinkage=0.05


Tree=77
num_leaves=15
num_cat=0
split_feature=7 22 17 22 13 22 5 12 13 5 10 14 10 8
split_gain=0.013532 0.0547195 0.0294373 0.0265974 0.0233529 0.020481 0.0341352 0.0201836 0.0239067 0.0273098 0.0440912 0.0223465 0.056672 0.0921828
threshold=0.20182000626985661 -0.029506454416010127 0.010531169028910605 0.016449707939916517 1.3258309960940868 0.021836335811010302 0.0027744160549988072 -0.048469418041584882 0.8412889831634307 0.006145005137996447 2.5000000000000004 -0.082294382993790868 2.5000000000000004 0.40594981285838277
decision_type=2 2 2 2 2 2 2 2 2 2 2 2 2 2
left_child=2 -2 7 -3 -4 6 -5 8 -1 -10 -11 12 13 -9
right_child=1 3 4 5 -6 -7 -8 11 9 10 -12 -13 -14 -15
leaf_value=0.0002229317206948048 -0.00027992638738038022 -1.7562888568006704e-06 7.771230826969962e-05 -8.4651148768744055e-05 0.00038391362847995785 -2.0155126333941666e-05 -0.0004192272673841079 -0.00067003050406438903 -2.4380340941891145e-06 0.00051669900107590404 -3.5621669779584534e-05 6.6073312565808866e-07 0.00016707827079322595 0.00016754290312014479
leaf_weight=2024 1974 58887 5230 2446 706 3633 1107 867 8017 704 741 322363 837 528
leaf_count=2024 1974 58887 5230 2446 706 3633 1107 867 8017 704 741 322363 837 528
internal_value=-2.27881e-07 -2.05909e-05 3.82355e-06 -1.28388e-05 0.000114189 -0.000103644 -0.000188983 1.87389e-06 6.70088e-05 3.36356e-05 0.000233639 -4.31146e-07 -0.000158059 -0.000353121
internal_weight=410064 68047 342017 66073 5936 7186 3553 336081 11486 9462 1445 324595 2232 1395
internal_count=410064 68047 342017 66073 5936 7186 3553 336081 11486 9462 1445 324595 2232 1395
is_linear=0
shrinkage=0.05


Tree=78
num_leaves=15
num_cat=0
split_feature=11 13 17 19 12 17 11 20 19 13 21 12 10 19
split_gain=0.0125987 0.0320357 0.0334772 0.0344096 0.0459394 0.0321818 0.0252575 0.0238414 0.0345016 0.0288097 0.0363819 0.0277985 0.0246125 0.0245244
threshold=0.39451390593217833 1.7306976072852798 -0.014664681291025437 0.015360004859405698 0.015130841581901701 -0.0056207064926743202 0.55869796176432795 0.0034562234658891415 -0.0092689585092878262 1.4937198340962914 -0.04509904814948934 -0.050543316940780396 1.0000000180025095e-35 -0.001328707659335848
decision_type=2 2 2 2 2 2 2 2 2 2 2 2 2 2
left_child=-1 2 -2 7 -5 -3 -6 8 9 10 -4 -9 -10 -14
right_child=1 5 3 4 6 -7 -8 11 12 -11 -12 -13 13 -15
leaf_value=3.3086789113803538e-06 0.00022444080711887744 -0.00053525897511485403 -8.7844617812025234e-05 -0.00062073968656334007 8.9291299360285539e-05 -0.0001054276224080118 -0.00024346770736015323 0.00034482382022244906 8.3900358355910829e-05 0.00019307109661552765 -0.00037818045881202016 2.555228505445022e-05 3.068362280792221e-05 -7.6331614938542698e-05
leaf_weight=352941 1442 526 3009 506 1029 2512 1277 712 5373 541 1682 15575 8703 13908
leaf_count=352941 1442 526 3009 506 1029 2512 1277 712 5373 541 1682 15575 8703 13908
internal_value=-2.08444e-07 -2.20646e-05 -1.31359e-05 -1.96885e-05 -0.000189796 -0.00018 -9.50072e-05 -1.0022e-05 -3.43195e-05 -0.000152159 -0.000192006 3.95298e-05 -1.22832e-05 -3.51418e-05
internal_weight=409736 56795 53757 52315 2812 3038 2306 49503 33216 5232 4691 16287 27984 22611
internal_count=409736 56795 53757 52315 2812 3038 2306 49503 33216 5232 4691 16287 27984 22611
is_linear=0
shrinkage=0.05


Tree=79
num_leaves=15
num_cat=0
split_feature=22 22 19 5 20 5 19 22 5 5 19 5 19 22
split_gain=0.0138169 0.101512 0.128224 0.0859191 0.0385657 0.0357661 0.0337497 0.0340309 0.0482748 0.0382657 0.0319423 0.0413565 0.0664686 0.0693685
threshold=0.0014908918336350443 0.0014044104034969254 -0.0009122099377015801 0.0074262101172617497 -0.011346025100168354 0.0055368895207732758 0.0022793553399849125 -0.0001493420582179272 0.0036635823020952658 0.0035576302890857983 0.0099332258520320477 0.0034275396539407837 0.008692549766008641 0.0018147945473395712
decision_type=2 2 2 2 2 2 2 2 2 2 2 2 2 2
left_child=1 6 -3 4 5 -2 -1 8 -8 -9 11 -6 13 -13
right_child=3 2 -4 -5 10 -7 7 9 -10 -11 -12 12 -14 -15
leaf_value=1.1060584498484018e-06 -6.6918985299277442e-05 -2.2846148983296224e-05 0.0008878566366715368 -0.00053217658074424001 -4.3355947307709768e-06 -0.00046745116316654383 0.00013464731791325299 6.05328231506541e-05 0.00063240779598348678 -0.00031121796535060384 3.2223423573276442e-05 -0.00060301512159745231 -0.0003980502158181059 -2.9634923754288507e-05
leaf_weight=200663 15640 809 739 782 113234 577 3940 6698 555 771 52244 552 1611 11440
leaf_count=200663 15640 809 739 782 113234 577 3940 6698 555 771 52244 552 1611 11440
internal_value=1.28702e-07 8.90841e-06 0.000412207 -9.46123e-06 -7.36549e-06 -8.11978e-05 5.97033e-06 8.75481e-05 0.000196233 2.21217e-05 -6.79051e-07 -1.42317e-05 -9.66023e-05 -5.60761e-05
internal_weight=410255 214175 1548 196080 195298 16217 212627 11964 4495 7469 179081 126837 13603 11992
internal_count=410255 214175 1548 196080 195298 16217 212627 11964 4495 7469 179081 126837 13603 11992
is_linear=0
shrinkage=0.05


end of trees

feature_importances:
qqq_prior_ret=329
spy_prior_ret=222
gap=82
dow=78
prior_range_atr=72
qqq_from_open=64
rv_36=62
dist_ma5=58
spy_from_open=40
spy_vwap_dist=35
prior_ret=31
qqq_vwap_dist=15
rv_12=14
vwap_dist=7
session_pos=5
tod=3
ret_12=1
rvol=1
xs_rank_vwap=1

parameters:
[boosting: gbdt]
[objective: regression]
[metric: l2]
[tree_learner: serial]
[device_type: cpu]
[data_sample_strategy: bagging]
[data: ]
[valid: ]
[num_iterations: 80]
[learning_rate: 0.05]
[num_leaves: 15]
[num_threads: 4]
[seed: 7]
[deterministic: 0]
[force_col_wise: 1]
[force_row_wise: 0]
[histogram_pool_size: -1]
[max_depth: -1]
[min_data_in_leaf: 500]
[min_sum_hessian_in_leaf: 0.001]
[bagging_fraction: 0.8]
[pos_bagging_fraction: 1]
[neg_bagging_fraction: 1]
[bagging_freq: 1]
[bagging_seed: 7]
[bagging_by_query: 0]
[feature_fraction: 0.8]
[feature_fraction_bynode: 1]
[feature_fraction_seed: 7]
[extra_trees: 0]
[extra_seed: 6516]
[early_stopping_round: 0]
[early_stopping_min_delta: 0]
[first_metric_only: 0]
[max_delta_step: 0]
[lambda_l1: 0]
[lambda_l2: 1]
[linear_lambda: 0]
[min_gain_to_split: 0]
[drop_rate: 0.1]
[max_drop: 50]
[skip_drop: 0.5]
[xgboost_dart_mode: 0]
[uniform_drop: 0]
[drop_seed: 15215]
[top_rate: 0.2]
[other_rate: 0.1]
[min_data_per_group: 100]
[max_cat_threshold: 32]
[cat_l2: 10]
[cat_smooth: 10]
[max_cat_to_onehot: 4]
[top_k: 20]
[monotone_constraints: ]
[monotone_constraints_method: basic]
[monotone_penalty: 0]
[feature_contri: ]
[forcedsplits_filename: ]
[refit_decay_rate: 0.9]
[cegb_tradeoff: 1]
[cegb_penalty_split: 0]
[cegb_penalty_feature_lazy: ]
[cegb_penalty_feature_coupled: ]
[path_smooth: 0]
[interaction_constraints: ]
[verbosity: -1]
[saved_feature_importance_type: 0]
[use_quantized_grad: 0]
[num_grad_quant_bins: 4]
[quant_train_renew_leaf: 0]
[stochastic_rounding: 1]
[linear_tree: 0]
[max_bin: 255]
[max_bin_by_feature: ]
[min_data_in_bin: 3]
[bin_construct_sample_cnt: 200000]
[data_random_seed: 61]
[is_enable_sparse: 1]
[enable_bundle: 1]
[use_missing: 1]
[zero_as_missing: 0]
[feature_pre_filter: 1]
[pre_partition: 0]
[two_round: 0]
[header: 0]
[label_column: ]
[weight_column: ]
[group_column: ]
[ignore_column: ]
[categorical_feature: ]
[forcedbins_filename: ]
[precise_float_parser: 0]
[parser_config_file: ]
[objective_seed: 15521]
[num_class: 1]
[is_unbalance: 0]
[scale_pos_weight: 1]
[sigmoid: 1]
[boost_from_average: 1]
[reg_sqrt: 0]
[alpha: 0.9]
[fair_c: 1]
[poisson_max_delta_step: 0.7]
[tweedie_variance_power: 1.5]
[lambdarank_truncation_level: 30]
[lambdarank_norm: 1]
[label_gain: ]
[lambdarank_position_bias_regularization: 0]
[eval_at: ]
[multi_error_top_k: 1]
[auc_mu_weights: ]
[num_machines: 1]
[local_listen_port: 12400]
[time_out: 120]
[machine_list_filename: ]
[machines: ]
[gpu_platform_id: -1]
[gpu_device_id: -1]
[gpu_device_id_list: ]
[gpu_use_dp: 0]
[num_gpu: 1]

end of parameters

pandas_categorical:null
