tree
version=v4
num_class=1
num_tree_per_iteration=1
label_index=0
max_feature_idx=23
objective=regression
feature_names=ret_1 ret_3 ret_6 ret_12 rv_12 rv_36 rvol vwap_dist session_pos tod dow gap prior_ret prior_range_atr dist_ma5 xs_rank_ret12 xs_rank_vwap spy_from_open spy_vwap_dist spy_prior_ret qqq_from_open qqq_vwap_dist qqq_prior_ret resid_12
feature_infos=[-0.042374616171954926:0.072603641149374898] [-0.057756274569095711:0.070828505214368453] [-0.06168192607663614:0.13163010274923637] [-0.082796078777709115:0.1352394740016889] [0.00013561278045815875:0.029113348959159579] [0.00028669541474363256:0.029113348959159579] [0.033580010017566012:23.426706195986295] [-1.5280466795878367:2.8436321049799318] [0:1] [0.076923076923076927:0.82051282051282048] [0:4] [-6.463315457599152:11.39539170506913] [-0.26363045295519982:0.24361493123772093] [0.24135297326786445:3.6175905281771343] [-0.2460895975702353:0.31439283279774077] [0.125:1] [0.125:1] [-0.038975223714718288:0.090608787289234716] [-1.5461791173098252:1.5488443953974635] [-0.059779778290305785:0.094202460782536912] [-0.043461945212021957:0.10599533081421919] [-1.5045934428370884:1.489242662945965] [-0.060974527380846744:0.11743225062463969] [-0.08081582179097524:0.12209126559077021]
tree_sizes=1616 1629 1633 1623 1628 1634 1633 1635 1635 1631 1658 1639 1625 1650 1633 1647 1643 1636 1655 1645 1657 1639 1652 1647 1647 1633 1657 1644 1644 1637 1643 1660 1607 1639 1676 1621 1602 1640 1628 1632 1641 1649 1645 1627 1626 1648 1622 1665 1617 1653 1641 1641 1612 1648 1618 1616 1655 1623 1647 1644 1653 1631 1644 1625 1655 1615 1648 1647 1641 1629 1606 1623 1653 1620 1607 1637 1659 1625 1634 1674

Tree=0
num_leaves=15
num_cat=0
split_feature=20 22 19 11 20 22 22 11 10 22 21 22 21 4
split_gain=0.19327 0.178841 0.18835 0.296353 0.117786 0.0784215 0.139766 0.07618 0.0786422 0.0755213 0.0676359 0.0572004 0.0633943 0.0503495
threshold=-0.0028629199514802468 -0.025747580640957498 -0.020707881803070146 -0.086104783599092086 0.027716745285560011 0.035940183515538189 0.034711730432517525 -0.39498990109009008 2.5000000000000004 -0.022469593315682154 -0.13751798061790896 -0.024060311187700963 0.49762996072971732 0.0027986728384006309
decision_type=2 2 2 2 2 2 2 2 2 2 2 2 2 2
left_child=1 2 7 -4 -2 6 9 -1 10 -3 -9 -6 -13 -11
right_child=4 5 3 -5 11 -7 -8 8 -10 13 -12 12 -14 -15
leaf_value=-0.00031220372043385135 4.2004950415719757e-05 -0.00030469965626305152 0.0015990544918250845 0.00014957404744469013 0.00090455473256572814 0.00040247283236212255 -0.00073796528661705283 0.0008327020229953586 -1.6696260722534173e-05 -1.9289027693083132e-05 0.00014240829841680432 -0.00011845032993976078 0.00064364162813681527 -0.00010034755768447749
leaf_weight=973 274006 2644 589 877 516 989 721 679 1946 100771 743 541 549 23654
leaf_count=973 274006 2644 589 877 516 989 721 679 1946 100771 743 541 549 23654
internal_value=2.05251e-05 -2.85886e-05 0.000242813 0.000732616 4.45082e-05 -4.08285e-05 -4.42623e-05 7.7276e-05 0.00018986 -4.03202e-05 0.00047236 0.000471323 0.000265611 -3.46996e-05
internal_weight=410198 134586 5807 1466 275612 128779 127790 4341 3368 127069 1422 1606 1090 124425
internal_count=410198 134586 5807 1466 275612 128779 127790 4341 3368 127069 1422 1606 1090 124425
is_linear=0
shrinkage=1


Tree=1
num_leaves=15
num_cat=0
split_feature=14 19 21 19 10 19 11 14 19 19 19 19 19 14
split_gain=0.125737 0.138505 0.0799012 0.143504 0.120624 0.107542 0.08755 0.085503 0.082382 0.180207 0.0797501 0.0979686 0.0781288 0.107772
threshold=-0.097787285191703696 -0.0029097576167193546 -0.056774260206897915 -0.019340890612886571 2.5000000000000004 -0.015750767264155471 -0.34526544006222182 0.039736355659513507 -0.011357258456344608 -0.010193857073352129 -0.020040447767126709 -0.017798949852377007 -0.028811006006034808 -0.11465517671076018
decision_type=2 2 2 2 2 2 2 2 2 2 2 2 2 2
left_child=1 12 3 4 -2 6 10 -8 -7 -10 -4 -12 -1 -14
right_child=2 -3 5 -5 -6 8 7 -9 9 -11 11 -13 13 -15
leaf_value=-7.335487748781633e-06 0.00048284260203413975 -0.0003304290479416651 -0.00025094053398009843 -4.1289036751000203e-05 -2.0786294253302097e-05 0.00014082850772299723 -0.00019101805593017569 0.00042985239952250936 -0.00028861265321964157 2.1427590761473662e-05 0.00068796465578385658 -8.6020296885498885e-05 0.00028647126962640974 0.001026125598176956
leaf_weight=644 2443 677 796 141669 2315 13784 12659 579 4785 226101 955 714 1073 911
leaf_count=644 2443 677 796 141669 2315 13784 12659 579 4785 226101 955 714 1073 911
internal_value=-1.72393e-07 0.000306937 -2.66822e-06 -3.22171e-05 0.00023785 1.39494e-05 -0.000112887 -0.000163832 2.20902e-05 1.50009e-05 0.000160661 0.000357 0.000471193 0.000626447
internal_weight=410105 3305 406800 146427 4758 260373 15703 13238 244670 230886 2465 1669 2628 1984
internal_count=410105 3305 406800 146427 4758 260373 15703 13238 244670 230886 2465 1669 2628 1984
is_linear=0
shrinkage=0.05


Tree=2
num_leaves=15
num_cat=0
split_feature=20 19 19 20 11 10 21 5 12 10 17 19 19 4
split_gain=0.167579 0.116157 0.314517 0.0993579 0.0655845 0.0734813 0.0607042 0.0585853 0.104907 0.0571053 0.0493983 0.0723539 0.132984 0.102288
threshold=-0.0028629199514802468 -0.019340890612886571 -0.020707881803070146 0.027716745285560011 -0.47127624974745902 2.5000000000000004 -0.083413550394513744 0.0032841767524572252 -0.05615145605568133 2.5000000000000004 -0.0034399315240212221 -0.015750767264155471 -0.013229610222952324 0.0039743307144292682
decision_type=2 2 2 2 2 2 2 2 2 2 2 2 2 2
left_child=1 2 4 10 -1 6 -6 -3 -9 -5 -2 -12 13 -13
right_child=3 7 -4 9 5 -7 -8 8 -10 -11 11 12 -14 -15
leaf_value=-0.00034341882111741718 0.00014700373117294374 -3.7359120672179998e-05 0.0013589955662764519 5.3525533786525424e-05 0.0006705280143971434 -4.1189773035037595e-05 -4.0809797378867326e-06 0.00032777800763509593 -0.00014157990957986024 0.00066237567898449351 -8.9109552481579369e-05 0.00016679648858915699 1.6529480379206371e-05 0.00077337644188182582
leaf_weight=832 7460 102573 517 648 913 2061 525 1247 25876 949 15271 6901 244012 772
leaf_count=832 7460 102573 517 648 913 2061 525 1247 25876 949 15271 6901 244012 772
internal_value=9.58936e-08 -4.56576e-05 0.000194612 2.23987e-05 5.53358e-05 0.000150224 0.000424403 -5.46402e-05 -0.00011999 0.000415516 2.01094e-05 1.65629e-05 2.29749e-05 0.000227919
internal_weight=410557 134544 4848 276013 4331 3499 1438 129696 27123 1597 274416 266956 251685 7673
internal_count=410557 134544 4848 276013 4331 3499 1438 129696 27123 1597 274416 266956 251685 7673
is_linear=0
shrinkage=0.05


Tree=3
num_leaves=15
num_cat=0
split_feature=20 22 19 11 20 13 22 22 22 14 11 17 18 19
split_gain=0.148032 0.144187 0.157588 0.235421 0.096463 0.0854492 0.080983 0.121028 0.0722026 0.0655464 0.0631146 0.0654515 0.0557567 0.0523578
threshold=-0.0028629199514802468 -0.025747580640957498 -0.020040447767126709 0.10371704942997916 0.027716745285560011 1.0337394459433653 0.035940183515538189 0.034711730432517525 -0.022469593315682154 -0.097787285191703696 -0.39498990109009008 -0.0058484674211721202 -0.2806228717803278 -0.0051551365728957346
decision_type=2 2 2 2 2 2 2 2 2 2 2 2 2 2
left_child=1 2 10 -4 9 -6 7 8 -3 13 -1 12 -12 -2
right_child=4 6 3 -5 5 -7 -8 -9 -10 -11 11 -13 -14 -15
leaf_value=-0.00031197298679321684 0.00051722522294761031 -0.00031295015124985942 0.0013118480434293036 3.6015339970421681e-05 8.0836482916949576e-05 0.0008003083341063807 0.00039517414601684129 -0.00070796897410803253 -4.8310125178057539e-05 1.6755471191982487e-05 0.00078154095916932714 -0.00011470301307183888 0.00017849279467472775 -5.7022744420425453e-05
leaf_weight=940 1167 2631 699 748 932 740 995 710 124339 272235 513 1381 1511 601
leaf_count=940 1167 2631 699 748 932 740 995 710 124339 272235 513 1381 1511 601
internal_value=5.88103e-08 -4.29512e-05 0.000201066 0.00065281 2.1038e-05 0.000399551 -5.39365e-05 -5.74395e-05 -5.37963e-05 1.87269e-05 5.05078e-05 0.000150638 0.000331651 0.000322098
internal_weight=410142 134467 5792 1447 275675 1672 128675 127680 126970 274003 4345 3405 2024 1768
internal_count=410142 134467 5792 1447 275675 1672 128675 127680 126970 274003 4345 3405 2024 1768
is_linear=0
shrinkage=0.05


Tree=4
num_leaves=15
num_cat=0
split_feature=14 13 22 22 22 22 10 14 4 10 22 13 11 10
split_gain=0.0882406 0.0895896 0.0762218 0.253078 0.0895851 0.0799636 0.0773373 0.0721366 0.0704376 0.0688911 0.120716 0.117183 0.117104 0.103834
threshold=-0.097787285191703696 1.4937198340962914 0.035940183515538189 0.034711730432517525 0.030750262930672626 0.033548887810287871 2.5000000000000004 -0.11465517671076018 0.0040535461373563059 2.5000000000000004 0.0093029604391741145 2.0703886101545197 0.58988242404892888 3.5000000000000004
decision_type=2 2 2 2 2 2 2 2 2 2 2 2 2 2
left_child=1 7 3 4 9 -6 -4 -1 -9 10 11 -2 -13 -11
right_child=2 -3 6 -5 5 -7 -8 8 -10 13 -12 12 -14 -15
leaf_value=-0.00014169376737558335 3.4821456538367472e-05 0.00077933431574430355 -0.00017524793233168932 -0.00074338840746410086 0.00042819064333938627 -8.5706959904416108e-05 0.000396820435110313 3.7952485240049847e-05 0.00076391053273592202 -7.0798946027919517e-05 -5.55108389039472e-05 -0.0001127918054112203 -0.00099619003811267869 9.9273349580590515e-06
leaf_weight=1280 185753 657 801 1155 2231 1145 2245 703 636 79125 51518 1303 526 80215
leaf_count=1280 185753 657 801 1155 2231 1145 2245 703 636 79125 51518 1303 526 80215
internal_value=-6.74188e-07 0.000257742 -2.75988e-06 -4.64368e-06 -2.51835e-06 0.000253924 0.000246377 0.000126649 0.000383082 -4.69183e-06 1.22805e-05 3.08991e-05 -0.000367253 -3.01599e-05
internal_weight=409293 3276 406017 402971 401816 3376 3046 2619 1339 398440 239100 187582 1829 159340
internal_count=409293 3276 406017 402971 401816 3376 3046 2619 1339 398440 239100 187582 1829 159340
is_linear=0
shrinkage=0.05


Tree=5
num_leaves=15
num_cat=0
split_feature=20 22 19 19 22 19 20 13 17 14 22 22 19 19
split_gain=0.136663 0.121274 0.127481 0.178293 0.0809823 0.0811608 0.080575 0.0752779 0.0665947 0.0578863 0.053101 0.267616 0.101592 0.0870732
threshold=-0.00473894571477007 -0.025747580640957498 -0.020707881803070146 -0.016413292501268547 0.035940183515538189 0.019698143975368402 0.027716745285560011 1.0337394459433653 -0.0064234257723269064 -0.097787285191703696 -0.0099168196713678141 -0.010559555949042286 -0.00082124896432889105 -0.0040816337114733528
decision_type=2 2 2 2 2 2 2 2 2 2 2 2 2 2
left_child=1 2 -1 -4 5 10 9 -8 -7 -2 11 12 13 -3
right_child=6 4 3 -5 -6 8 7 -9 -10 -11 -12 -13 -14 -15
leaf_value=4.399828405366127e-05 0.00028907830281077354 -9.6497246190578687e-05 0.0013384106020163005 0.00012255528467947915 0.00041362678814573493 -0.00050429670876418861 6.5866739102254709e-05 0.00074083819828966513 -2.4978211176692171e-05 1.2812624642358724e-05 -3.9548715244409877e-05 -0.00095392258447769189 -0.00078942525037674197 0.00040070544413117786
leaf_weight=3662 1907 16569 517 722 884 1885 942 735 1177 304182 74502 943 504 929
leaf_count=3662 1907 16569 517 722 884 1885 942 735 1177 304182 74502 943 504 929
internal_value=-2.12283e-07 -5.02797e-05 0.000192385 0.000630568 -6.24929e-05 -6.68583e-05 1.6429e-05 0.00036196 -0.00032012 1.45348e-05 -5.85562e-05 -0.000133298 -9.02607e-05 -7.00785e-05
internal_weight=410060 102294 4901 1239 97393 96509 307766 1677 3062 306089 93447 18945 18002 17498
internal_count=410060 102294 4901 1239 97393 96509 307766 1677 3062 306089 93447 18945 18002 17498
is_linear=0
shrinkage=0.05


Tree=6
num_leaves=15
num_cat=0
split_feature=20 22 19 11 20 22 22 10 10 22 22 20 17 22
split_gain=0.118646 0.106771 0.10421 0.177804 0.0771772 0.066971 0.0776924 0.0632595 0.0550882 0.119648 0.23081 0.0865034 0.092662 0.0859129
threshold=-0.00473894571477007 -0.025747580640957498 -0.020707881803070146 0.10371704942997916 0.027716745285560011 0.035940183515538189 0.034711730432517525 2.5000000000000004 2.5000000000000004 0.0086050787755626041 0.0081337182466360031 0.0085005234333470642 0.0079059682907033375 -0.025747580640957498
decision_type=2 2 2 2 2 2 2 2 2 2 2 2 2 2
left_child=1 2 -1 -4 8 6 -3 -6 -2 10 11 12 -10 -13
right_child=4 5 3 -5 7 -7 -8 -9 9 -11 -12 13 -14 -15
leaf_value=4.8943763427811326e-05 3.0062239811404592e-05 -5.8740061821324559e-05 0.0012633164106054171 3.9430844702331567e-05 -2.6235035213176164e-05 0.00038354067445265901 -0.00060066512063052218 0.00060888476795434136 -5.1719616757050905e-05 7.2094294917850196e-05 -0.00076968468408099234 -0.00033380852323116 -0.00066273844395429201 0.00011063399510985749
leaf_weight=3662 189105 95275 535 665 649 848 665 989 70566 30275 1079 1180 625 13715
leaf_count=3662 189105 95275 535 665 649 848 665 989 70566 30275 1079 1180 625 13715
internal_value=-2.62154e-07 -4.71049e-05 0.000181509 0.000585677 1.51884e-05 -5.85907e-05 -6.25026e-05 0.000357378 1.33588e-05 -1.35377e-05 -4.32807e-05 -3.41671e-05 -5.70931e-05 7.54047e-05
internal_weight=409833 101650 4862 1200 308183 96788 95940 1638 306545 117440 87165 86086 71191 14895
internal_count=409833 101650 4862 1200 308183 96788 95940 1638 306545 117440 87165 86086 71191 14895
is_linear=0
shrinkage=0.05


Tree=7
num_leaves=15
num_cat=0
split_feature=20 22 10 5 20 22 22 10 14 5 22 22 14 22
split_gain=0.107814 0.0993218 0.0761308 0.088188 0.0682956 0.059297 0.0716198 0.0561731 0.0540123 0.0515744 0.0693361 0.130029 0.0793091 0.085679
threshold=-0.00473894571477007 -0.025747580640957498 2.5000000000000004 0.0039898664541695517 0.027716745285560011 0.035940183515538189 0.034711730432517525 2.5000000000000004 -0.097787285191703696 0.00299509851483793 0.0014908918336350443 0.0024915639828730911 -0.071990789446113132 -0.0099168196713678141
decision_type=2 2 2 2 2 2 2 2 2 2 2 2 2 2
left_child=1 2 3 -1 8 6 9 -6 -2 -3 12 -12 -11 -14
right_child=4 5 -4 -5 7 -7 -8 -9 -10 10 11 -13 13 -15
leaf_value=0.00016272048726958597 0.00027700683814560939 -3.2703510510880533e-05 2.0392756232333405e-06 0.00083812204818192791 -1.9330557869197919e-05 0.0003589099629496216 -0.00056618574416131826 0.00057364350231977473 1.2003616136286812e-05 0.00035906904648996487 -0.0007189651310301917 -0.00015115196573768706 -0.00023003994092345238 3.3424091727510065e-05
leaf_weight=1361 1934 69907 2703 749 668 857 689 992 304651 1142 1113 10635 5268 7447
leaf_count=1361 1934 69907 2703 749 668 857 689 992 304651 1142 1113 10635 5268 7447
internal_value=6.70782e-07 -4.39231e-05 0.000177759 0.000402755 1.54086e-05 -5.49177e-05 -5.8608e-05 0.000335157 1.36762e-05 -5.49406e-05 -0.000115649 -0.000205003 -3.98847e-05 -7.57422e-05
internal_weight=410116 101871 4813 2110 308245 97058 96201 1660 306585 95512 25605 11748 13857 12715
internal_count=410116 101871 4813 2110 308245 97058 96201 1660 306585 95512 25605 11748 13857 12715
is_linear=0
shrinkage=0.05


Tree=8
num_leaves=15
num_cat=0
split_feature=20 22 19 11 20 11 19 22 11 17 14 5 19 10
split_gain=0.103193 0.0946288 0.107299 0.175117 0.065729 0.0700013 0.105128 0.0630572 0.0555334 0.0516568 0.0463565 0.0561436 0.0539679 0.087667
threshold=-0.0028629199514802468 -0.025747580640957498 -0.020040447767126709 -0.029653858633685696 0.027716745285560011 -0.92154605713927895 -0.0055647162005601483 -0.022469593315682154 -0.47127624974745902 -0.010636051761674313 -0.077267281531425744 0.0040380183314809174 -0.015750767264155471 1.0000000180025095e-35
decision_type=2 2 2 2 2 2 2 2 2 2 2 2 2 2
left_child=1 2 8 -4 10 -6 -7 -3 -1 -10 11 -2 13 -12
right_child=4 7 3 -5 5 6 -8 -9 9 -11 12 -13 -14 -15
leaf_value=-0.00032473114402760341 -1.6987910791969457e-05 -0.00028742266549970375 0.0012109121109385038 8.399114552847011e-05 -0.00015959301930649426 0.0010752933934168097 0.00011743519990317293 -4.0136121863131751e-05 0.00055638140037259521 4.0257478308578214e-05 0.0001178688933640902 0.00035631357857173699 1.8254736032097204e-05 -0.00015182587308367791
leaf_weight=849 1878 2631 575 859 507 516 643 125603 580 2929 4135 2171 254505 11100
leaf_count=849 1878 2631 575 859 507 516 643 125603 580 2929 4135 2171 254505 11100
internal_value=-2.98779e-07 -3.62826e-05 0.000161386 0.000536389 1.72096e-05 0.000330223 0.000544444 -4.52119e-05 3.78964e-05 0.000125701 1.53038e-05 0.000183208 1.27827e-05 -7.86239e-05
internal_weight=409481 134026 5792 1434 275455 1666 1159 128234 4358 3509 273789 4049 269740 15235
internal_count=409481 134026 5792 1434 275455 1666 1159 128234 4358 3509 273789 4049 269740 15235
is_linear=0
shrinkage=0.05


Tree=9
num_leaves=15
num_cat=0
split_feature=20 20 13 19 10 13 17 10 10 19 19 19 19 19
split_gain=0.0932857 0.0707968 0.0645616 0.0634097 0.0854303 0.106513 0.056569 0.054264 0.0961733 0.102072 0.0935322 0.0665129 0.0581444 0.118507
threshold=-0.0050652031113255771 0.027716745285560011 1.0337394459433653 -0.019340890612886571 2.5000000000000004 0.85987162660649219 -0.0099527180246483087 2.5000000000000004 3.5000000000000004 -0.020707881803070146 -0.017798949852377007 0.010200166289976999 -0.032174949540690993 -0.028811006006034808
decision_type=2 2 2 2 2 2 2 2 2 2 2 2 2 2
left_child=3 7 -3 4 5 -1 -7 12 9 -9 -11 -10 -2 -14
right_child=1 2 -4 -5 -6 6 -8 8 11 10 -12 -13 13 -15
leaf_value=-5.6480485173629572e-05 0.00035577469990151473 5.0862305266556108e-05 0.00067856344180014332 -5.0855625820811751e-05 -5.5801996080059868e-05 0.0011099416001687716 0.00036992081915063673 -0.00047691205713576565 9.5522724860223044e-06 0.00047513650397627128 -5.7280016257567748e-05 0.00016625022965652495 -0.00054398382168957483 2.8597070048965303e-05
leaf_weight=711 1344 889 759 93435 2154 514 521 1431 52271 836 57074 7779 907 189537
leaf_count=711 1344 889 759 93435 2154 514 521 1431 52271 836 57074 7779 907 189537
internal_value=1.37821e-07 1.34388e-05 0.000340191 -4.26101e-05 0.000154896 0.000414714 0.000738145 1.17072e-05 -1.47561e-05 -5.98987e-05 -4.95859e-05 2.98537e-05 2.8181e-05 2.58673e-05
internal_weight=410162 312827 1648 97335 3900 1746 1035 311179 119391 59341 57910 60050 191788 190444
internal_count=410162 312827 1648 97335 3900 1746 1035 311179 119391 59341 57910 60050 191788 190444
is_linear=0
shrinkage=0.05


Tree=10
num_leaves=15
num_cat=0
split_feature=20 12 20 11 12 5 19 10 11 19 19 17 19 19
split_gain=0.0872536 0.0730328 0.054778 0.0644102 0.0758864 0.0436027 0.108532 0.0753221 0.0425806 0.0567368 0.111968 0.201857 0.0715118 0.0674934
threshold=-0.0028629199514802468 -0.05615145605568133 0.027716745285560011 -0.92154605713927895 -0.009280998751301282 0.0032841767524572252 -0.019340890612886571 2.5000000000000004 0.50494705821397667 0.015996845199533486 0.014578077773026667 0.0084626758972876654 0.011625407696339353 -0.00098138163580391269
decision_type=2 2 2 2 2 2 2 2 2 2 2 2 2 2
left_child=1 -1 8 -4 -5 -3 7 -7 9 10 12 -12 13 -2
right_child=2 5 3 4 -6 6 -8 -9 -10 -11 11 -13 -14 -15
leaf_value=0.00019288946256448787 4.3561800238744043e-05 -2.4988081216182134e-05 -0.00016985828557276782 0.00091933204615924453 0.00010570758328674461 0.00067293268663392322 -0.00011936988262677489 -7.0806091195039977e-05 -5.158706693963208e-05 0.00012058744887992386 -7.8679895296127934e-05 -0.00092710548111142068 0.00014639017427794338 -1.1800284000219823e-05
leaf_weight=3462 100079 103654 501 568 578 752 25711 621 22901 13185 4318 836 10540 122361
leaf_count=3462 100079 103654 501 568 578 752 25711 621 22901 13185 4318 836 10540 122361
internal_value=-6.77981e-07 -3.37458e-05 1.54085e-05 0.000302813 0.00050942 -3.97487e-05 -9.62363e-05 0.000336737 1.36812e-05 1.96288e-05 1.40385e-05 -0.000216451 1.91383e-05 1.3108e-05
internal_weight=410067 134200 275867 1647 1146 130738 27084 1373 274220 251319 238134 5154 232980 222440
internal_count=410067 134200 275867 1647 1146 130738 27084 1373 274220 251319 238134 5154 232980 222440
is_linear=0
shrinkage=0.05


Tree=11
num_leaves=15
num_cat=0
split_feature=20 22 19 19 22 14 22 22 8 18 22 22 13 22
split_gain=0.0749037 0.0797621 0.103669 0.141631 0.0563657 0.0535281 0.0556507 0.126752 0.0537871 0.0457526 0.0457367 0.0821037 0.0443602 0.0448147
threshold=-0.0028629199514802468 -0.025747580640957498 -0.020040447767126709 -0.016937014377549572 -0.022469593315682154 -0.077267281531425744 -0.029506454416010127 -0.024607092819337036 0.46296296296296435 -0.11592101189898839 0.035940183515538189 0.034711730432517525 2.0703886101545197 -0.047596385518319843
decision_type=2 2 2 2 2 2 2 2 2 2 2 2 2 2
left_child=1 2 9 -4 -3 6 -2 -8 -9 -1 11 -6 13 -7
right_child=5 4 3 -5 10 12 7 8 -10 -11 -12 -13 -14 -15
leaf_value=0.00015911648908364787 -0.00021412535039106001 -0.00026991826634262115 0.0011281045527650306 0.00011610054905834354 -3.3077906729519784e-05 -0.00030645070637263551 0.00086117293364820205 -0.00024691542932104904 0.00023844983658913863 -0.00017308323971262229 0.0003055128834437373 -0.00056309413437046635 -0.00018142161973520748 1.5985950830909098e-05
leaf_weight=2657 736 2572 573 870 124310 1081 714 746 2420 1698 986 734 2914 267240
leaf_count=2657 736 2572 573 870 124310 1081 714 746 2420 1698 986 734 2914 267240
internal_value=5.39146e-07 -3.00687e-05 0.000151322 0.00051846 -3.82478e-05 1.54519e-05 0.000184269 0.000259876 0.000124042 2.95829e-05 -3.35178e-05 -3.61935e-05 1.25783e-05 1.46858e-05
internal_weight=410251 134400 5798 1443 128602 275851 4616 3880 3166 4355 126030 125044 271235 268321
internal_count=410251 134400 5798 1443 128602 275851 4616 3880 3166 4355 126030 125044 271235 268321
is_linear=0
shrinkage=0.05


Tree=12
num_leaves=15
num_cat=0
split_feature=20 22 19 19 22 19 19 13 13 5 4 22 20 22
split_gain=0.0674923 0.0683654 0.0950906 0.121519 0.0511352 0.118086 0.221837 0.0725175 0.0590055 0.0587564 0.0573131 0.0764165 0.123275 0.101527
threshold=-0.0026951937327683857 -0.025747580640957498 -0.020040447767126709 -0.016937014377549572 -0.004723452200412869 -0.0017476816039254104 -0.0014284494699688952 0.76382931300633838 1.0908100547028738 0.0074262101172617497 0.0024933102575332173 -0.047596385518319843 0.027716745285560011 -0.040136251687286566
decision_type=2 2 2 2 2 2 2 2 2 2 2 2 2 2
left_child=1 2 -1 -4 5 10 7 -7 -8 -6 -2 -12 13 -13
right_child=4 -3 3 -5 9 6 8 -9 -10 -11 11 12 -14 -15
leaf_value=2.2995067092444762e-05 5.7984731619803635e-06 -3.6233305962898785e-05 0.0010530817266720129 0.00011834627952995275 1.6183590253233804e-06 0.0013149139704258126 0.00019225303705475803 0.00050031981040757291 -0.00034562722927099611 -0.00049149993714302947 -0.00033138593586629723 0.00068862899265554982 0.0008275584035586245 7.9539519680220879e-05
leaf_weight=4452 55656 131622 575 878 190464 554 3031 542 612 605 967 709 602 18822
leaf_count=4452 55656 131622 575 878 190464 554 3031 542 612 605 967 709 602 18822
internal_value=-2.10179e-07 -2.87661e-05 0.000137656 0.000488722 1.41982e-05 4.73588e-05 0.000289555 0.0009129 0.000101823 5.43873e-08 3.24017e-05 0.00010257 0.000123429 0.000101684
internal_weight=410091 137527 5905 1453 272564 81495 4739 1096 3643 191069 76756 21100 20133 19531
internal_count=410091 137527 5905 1453 272564 81495 4739 1096 3643 191069 76756 21100 20133 19531
is_linear=0
shrinkage=0.05


Tree=13
num_leaves=15
num_cat=0
split_feature=20 12 22 22 20 13 22 22 22 22 11 13 22 22
split_gain=0.0660043 0.0641635 0.0505923 0.0550501 0.0868524 0.0739872 0.0502526 0.0605725 0.0769861 0.0586342 0.0502349 0.0549228 0.0722048 0.0502446
threshold=-0.00473894571477007 -0.05615145605568133 0.035940183515538189 0.015653860196210848 -0.010102055681051323 1.9632071346092974 0.013096181704226108 0.011390091444814733 0.010448328556166843 0.012286657844000961 0.49324309266412864 1.6030277577618746 0.0016829495925761997 0.024007854234069041
decision_type=2 2 2 2 2 2 2 2 2 2 2 2 2 2
left_child=1 -1 3 5 -5 6 7 8 -3 -9 13 -12 -13 -2
right_child=10 2 -4 4 -6 -7 -8 9 -10 -11 11 12 -14 -15
leaf_value=0.00019953464358696155 1.3290212400646345e-05 -3.1168760315624117e-05 0.00034179779921399817 -0.00027713699102652743 4.2004542503335217e-07 -0.00055821680410154592 0.0001776687424355965 -0.00038984283046359064 0.00036639805275288505 -1.0858520244062114e-05 -3.366325900296379e-05 -7.2461856284095817e-05 -0.00069463691996931632 0.00012211178835677637
leaf_weight=2831 269966 77968 851 6094 5243 661 2881 2294 1236 1838 25181 1239 747 11040
leaf_count=2831 269966 77968 851 6094 5243 661 2881 2294 1236 1838 25181 1239 747 11040
internal_value=-2.4573e-07 -3.51309e-05 -4.18389e-05 -4.51664e-05 -0.000148787 -3.16431e-05 -2.75996e-05 -3.46979e-05 -2.49601e-05 -0.000221306 1.12891e-05 -5.36348e-05 -0.000306714 1.7566e-05
internal_weight=410070 101897 99066 98215 11337 86878 86217 83336 79204 4132 308173 27167 1986 281006
internal_count=410070 101897 99066 98215 11337 86878 86217 83336 79204 4132 308173 27167 1986 281006
is_linear=0
shrinkage=0.05


Tree=14
num_leaves=15
num_cat=0
split_feature=19 22 22 19 22 22 14 22 22 5 10 14 14 7
split_gain=0.0619919 0.156669 0.129622 0.116267 0.135132 0.29239 0.110171 0.155467 0.138752 0.0988571 0.0972188 0.092036 0.0745732 0.0742909
threshold=-0.003197197122793038 -0.00062522156579813959 -0.012187269333477855 -0.0026802437670980779 -0.0071310231853185515 -0.007531087482836373 -0.071990789446113132 -0.029506454416010127 -0.024607092819337036 0.0049103137116912792 1.5000000000000002 -0.082294382993790868 -0.028950328728657545 -0.0019615884286136626
decision_type=2 2 2 2 2 2 2 2 2 2 2 2 2 2
left_child=1 6 10 -4 5 -5 7 -1 9 -9 -2 13 -3 -6
right_child=2 12 3 4 11 -7 -8 8 -10 -11 -12 -13 -14 -15
leaf_value=-0.00016465009248079279 -6.27437393426907e-05 0.00073330610830582088 -0.00017217022646318986 2.5849039853588002e-05 -0.00071898382227581501 0.0011733376307770833 6.5402975687733415e-06 0.00044362994894329505 0.00021157980189312681 0.001361403892385877 -0.00084352635008228211 -5.6691571676219738e-06 0.00021707566371249239 1.7261777555146276e-05
leaf_weight=1890 779 846 10709 2010 818 766 115944 689 3441 512 816 266709 4030 589
leaf_count=1890 779 846 10709 2010 818 766 115944 689 3441 512 816 266709 4030 589
internal_value=-1.09438e-07 2.88636e-05 -1.31385e-05 -1.05919e-05 -4.2037e-06 0.000342792 1.7797e-05 0.000217574 0.000373199 0.000835695 -0.000462469 -7.79766e-06 0.000306775 -0.000410982
internal_weight=410548 127352 283196 281601 270892 2776 122476 6532 4642 1201 1595 268116 4876 1407
internal_count=410548 127352 283196 281601 270892 2776 122476 6532 4642 1201 1595 268116 4876 1407
is_linear=0
shrinkage=0.05


Tree=15
num_leaves=15
num_cat=0
split_feature=19 22 22 19 22 22 4 13 10 13 19 4 22 22
split_gain=0.0579661 0.140323 0.114142 0.10392 0.118254 0.26056 0.0905976 0.102694 0.0829793 0.0818032 0.174044 0.182523 0.0646086 0.0702722
threshold=-0.003197197122793038 -0.00062522156579813959 -0.012187269333477855 -0.0026802437670980779 -0.0071310231853185515 -0.007531087482836373 0.0045454210154644839 1.3166516602993097 1.5000000000000002 1.2657445772100477 -0.0018869546834343607 0.0025359781030852772 0.030750262930672626 0.033548887810287871
decision_type=2 2 2 2 2 2 2 2 2 2 2 2 2 2
left_child=1 6 8 -4 5 -5 -1 -8 -2 12 11 -11 -6 -14
right_child=2 -3 3 4 9 -7 7 -9 -10 10 -12 -13 13 -15
leaf_value=5.0949390071178315e-06 -6.5911795712537879e-05 0.00029038358825526168 -0.00016362813194049721 2.2644928259825229e-05 -2.5027662796702069e-06 0.0011115633172127284 6.8352219213753959e-05 0.00046143455560743765 -0.00079045225175506837 -0.00018138073596646564 -5.4018318046937436e-05 -0.0011816006222681854 0.00039196428256632474 2.5395461523504909e-05
leaf_weight=114241 772 4870 10730 2010 232447 755 6106 2282 809 1280 28095 708 2174 3278
leaf_count=114241 772 4870 10730 2010 232447 755 6106 2282 809 1280 28095 708 2174 3278
internal_value=-7.97947e-07 2.71953e-05 -1.34071e-05 -1.10267e-05 -4.97839e-06 0.000320275 1.67409e-05 0.000175335 -0.000436926 -8.3355e-06 -8.60192e-05 -0.000538011 1.48815e-06 0.000171611
internal_weight=410557 127499 283058 281477 270747 2765 122629 8388 1581 267982 30083 1988 237899 5452
internal_count=410557 127499 283058 281477 270747 2765 122629 8388 1581 267982 30083 1988 237899 5452
is_linear=0
shrinkage=0.05


Tree=16
num_leaves=15
num_cat=0
split_feature=19 19 13 19 5 5 19 14 13 21 5 19 14 19
split_gain=0.0517346 0.107595 0.110236 0.144967 0.184914 0.104022 0.114157 0.092271 0.0887894 0.08172 0.0655626 0.0645863 0.0761043 0.0592562
threshold=-0.0030796110586879251 -0.0027313307792880544 1.2657445772100477 -0.0018869546834343607 0.0033701486466856333 0.0038174079830899919 -0.0041530809849009689 -0.077267281531425744 1.4124564858384909 -0.3560529528620246 0.0037770748224007417 -0.0077128292530969636 -0.029651995411060002 -0.0041530809849009689
decision_type=2 2 2 2 2 2 2 2 2 2 2 2 2 2
left_child=5 -2 -3 4 -4 11 7 8 -7 -9 -5 -1 13 -13
right_child=1 2 3 10 -6 6 -8 9 -10 -11 -12 12 -14 -15
leaf_value=-3.0914123052603151e-05 -0.00019706648525689226 4.9424825677868009e-06 -0.00021998783269842138 -2.8868228866721797e-05 -0.001254741026087189 0.00014242869972379339 0.00049875596463346819 0.0005087832766046777 0.00069427884045181751 1.8335483158598342e-05 -0.00022601072443373109 0.00010471634366878342 1.9029943215758146e-05 0.00040188346445667696
leaf_weight=55720 7602 242623 1754 23371 572 2062 1876 896 1127 15988 5145 6624 42625 2246
leaf_count=55720 7602 242623 1754 23371 572 2062 1876 896 1127 15988 5145 6624 42625 2246
internal_value=5.02478e-07 -1.15343e-05 -6.37608e-06 -9.54124e-05 -0.00047488 2.66951e-05 0.000125863 9.09894e-05 0.00033761 4.43912e-05 -6.44443e-05 6.39254e-06 4.67599e-05 0.00018
internal_weight=410231 281067 273465 30842 2326 129164 21949 20073 3189 16884 28516 107215 51495 8870
internal_count=410231 281067 273465 30842 2326 129164 21949 20073 3189 16884 28516 107215 51495 8870
is_linear=0
shrinkage=0.05


Tree=17
num_leaves=15
num_cat=0
split_feature=20 22 19 11 5 22 22 19 14 11 21 19 22 11
split_gain=0.0560999 0.0554669 0.0670824 0.121994 0.0442032 0.0565536 0.113594 0.112156 0.101105 0.0440064 0.0430814 0.065701 0.0499778 0.0413774
threshold=-0.0050652031113255771 -0.025747580640957498 -0.020040447767126709 0.10371704942997916 0.0031835617214774569 0.0014908918336350443 0.0024915639828730911 0.0024502386501124023 -0.071990789446113132 -0.56279754012041239 -0.31782671475944274 -0.0043087394022177086 -0.0039806111203157237 0.49324309266412864
decision_type=2 2 2 2 2 2 2 2 2 2 2 2 2 2
left_child=1 2 9 -4 -3 7 -7 8 -6 -1 11 -10 -12 -2
right_child=13 4 3 -5 5 6 -8 -9 10 -11 12 -13 -14 -15
leaf_value=-0.00037614851269194205 1.5870219440279535e-05 -2.2341593635817307e-05 0.0010380123596518635 4.9220106948085079e-06 0.00042215065899854545 -0.00071676994097877908 -0.00013594600388277069 0.00065190303839212543 0.00029375418581543326 0.00010324585437001231 -0.00026973860077788447 -0.00017930628704210957 1.4907640143319298e-05 -4.8283647059833304e-05
leaf_weight=569 285396 70341 514 642 980 920 9801 578 1429 2988 4737 1507 2286 27560
leaf_count=569 285396 70341 514 642 980 920 9801 578 1429 2988 4737 1507 2286 27560
internal_value=-8.87408e-08 -3.32498e-05 0.000134056 0.000464772 -4.17683e-05 -0.000103213 -0.00018585 -2.62781e-05 -6.21685e-05 2.64748e-05 -0.000109865 5.09617e-05 -0.000177097 1.02205e-05
internal_weight=410248 97292 4713 1156 92579 22238 10721 11517 10939 3557 9959 2936 7023 312956
internal_count=410248 97292 4713 1156 92579 22238 10721 11517 10939 3557 9959 2936 7023 312956
is_linear=0
shrinkage=0.05


Tree=18
num_leaves=15
num_cat=0
split_feature=20 22 19 17 22 19 14 22 22 14 19 5 14 19
split_gain=0.055592 0.0499425 0.0623063 0.0530218 0.0464326 0.0571914 0.0840679 0.0503867 0.248241 0.0724839 0.0691231 0.0652812 0.0839447 0.0644224
threshold=-0.00473894571477007 0.035940183515538189 0.019698143975368402 -0.0064234257723269064 -0.025747580640957498 -0.020707881803070146 -0.026193736051973889 -0.0099168196713678141 -0.010559555949042286 -0.071990789446113132 -0.0044230765082904347 0.0033988069733330377 -0.0041680260487741974 -0.00082124896432889105
decision_type=2 2 2 2 2 2 2 2 2 2 2 2 2 2
left_child=1 2 4 -4 5 -1 -7 8 9 -6 -9 -12 -13 -11
right_child=-2 -3 3 -5 7 6 -8 10 -10 13 11 12 -14 -15
leaf_value=2.6025361693634691e-05 1.0675094972618525e-05 0.0003465897810782108 -0.00041769818178247339 7.3806807684955143e-06 0.00032593032610142006 0.00085971994592427532 1.0814034021524943e-05 0.00012397783922329412 -0.00090232169653583615 -7.5828473218659834e-05 -1.0796304348418126e-05 -0.00030188411964145298 -3.0815172484875682e-05 -0.00064433744563428385
leaf_weight=3688 308303 863 1922 1186 1098 572 594 7736 936 16356 54470 4788 7077 513
leaf_count=3688 308303 863 1922 1186 1098 572 594 7736 936 16356 54470 4788 7077 513
internal_value=9.68566e-08 -3.19396e-05 -3.51794e-05 -0.00025554 -2.8176e-05 0.000122567 0.000427638 -3.60473e-05 -0.000108908 -6.75266e-05 -1.7452e-05 -3.39472e-05 -0.000140219 -9.31545e-05
internal_weight=410102 101799 100936 3108 97828 4854 1166 92974 18903 17967 74071 66335 11865 16869
internal_count=410102 101799 100936 3108 97828 4854 1166 92974 18903 17967 74071 66335 11865 16869
is_linear=0
shrinkage=0.05


Tree=19
num_leaves=15
num_cat=0
split_feature=10 22 22 17 19 10 22 22 22 19 5 13 22 19
split_gain=0.0495328 0.115159 0.210427 0.121267 0.153888 0.104014 0.0841775 0.0814773 0.073323 0.0943144 0.0828465 0.0863568 0.091062 0.0773534
threshold=2.5000000000000004 0.035940183515538189 0.034711730432517525 0.010531169028910605 -0.017798949852377007 3.5000000000000004 0.027784614156541102 -0.030673863990566704 0.0071253456274125168 0.010483984956173533 0.006145005137996447 2.0703886101545197 0.00071228648079213485 -0.013229610222952324
decision_type=2 2 2 2 2 2 2 2 2 2 2 2 2 2
left_child=8 2 3 5 -5 6 7 -2 9 10 11 -1 -13 -12
right_child=1 -3 -4 4 -6 -7 -8 -9 -10 -11 13 12 -14 -15
leaf_value=2.8197609306980932e-05 -0.00039197803471747642 0.00033032404976311854 -0.00086458560698769206 0.00093200182129204187 0.00010883996022624686 9.4237423243690623e-06 -0.00050160314385333288 -5.7893206906498956e-05 -2.828144040822805e-05 0.00069091372599522783 0.00053882555820164869 -6.2274601404791805e-05 -0.00088053253865717069 5.5660612687644155e-05
leaf_weight=168373 1870 2296 744 625 6109 77893 1125 74297 71874 540 1524 949 529 1814
leaf_count=168373 1870 2296 744 625 6109 77893 1125 74297 71874 540 1524 949 529 1814
internal_value=-4.07227e-08 -2.12319e-05 -2.61961e-05 -2.23385e-05 0.000185367 -3.13527e-05 -7.24457e-05 -6.61005e-05 1.41923e-05 3.17643e-05 2.97051e-05 2.48564e-05 -0.00035554 0.00027635
internal_weight=410562 164959 162663 161919 6734 155185 77292 76167 245603 173729 173189 169851 1478 3338
internal_count=410562 164959 162663 161919 6734 155185 77292 76167 245603 173729 173189 169851 1478 3338
is_linear=0
shrinkage=0.05


Tree=20
num_leaves=15
num_cat=0
split_feature=22 22 19 21 22 22 19 14 11 13 22 17 19 14
split_gain=0.0471784 0.115479 0.0573996 0.0515171 0.0492814 0.21191 0.193529 0.113278 0.0706297 0.147722 0.146483 0.0666526 0.0655933 0.0626877
threshold=-0.047596385518319843 -0.040136251687286566 -0.028811006006034808 -0.068596194582046896 0.0014908918336350443 0.0014044104034969254 -0.0009122099377015801 -0.071990789446113132 0.41254077446040494 1.6539428586280092 0.0073409108528471609 0.0040929135433753769 -0.0030056003922866999 -0.004767713993017785
decision_type=2 2 2 2 2 2 2 2 2 2 2 2 2 2
left_child=-1 3 -3 -2 5 7 -7 -4 12 13 -11 -9 -6 -10
right_child=1 2 4 -5 8 6 -8 11 9 10 -12 -13 -14 -15
leaf_value=-0.00024716504846776863 0.00080297392019889127 -0.00025098368665834599 0.00022200107045765584 0.00022499394766834995 0.00031284905876208854 5.3774532702601313e-05 0.0011675762231976266 -8.0837172411184961e-06 -0.00035706302653463166 -0.0012071917360976512 -0.00016919523733459682 6.2686868877917602e-05 -9.1788592454906046e-06 -4.1966114821048405e-05
leaf_weight=1919 543 2274 6311 1328 1595 798 762 157525 1715 577 826 42177 171619 19700
leaf_count=1919 543 2274 6311 1328 1595 798 762 157525 1715 577 826 42177 171619 19700
internal_value=1.04606e-07 1.26894e-06 -5.38149e-07 0.000393074 8.73535e-07 1.78525e-05 0.000598223 1.34548e-05 -1.7105e-05 -9.9793e-05 -0.000596639 6.86325e-06 -6.21175e-06 -6.72158e-05
internal_weight=409669 407750 405879 1871 403605 207573 1560 206013 196032 22818 1403 199702 173214 21415
internal_count=409669 407750 405879 1871 403605 207573 1560 206013 196032 22818 1403 199702 173214 21415
is_linear=0
shrinkage=0.05


Tree=21
num_leaves=15
num_cat=0
split_feature=20 22 21 19 13 10 13 22 19 19 19 19 4 22
split_gain=0.0445706 0.0489422 0.0604477 0.0563751 0.0555855 0.0525446 0.04538 0.039277 0.100239 0.176036 0.0555357 0.101444 0.129068 0.118062
threshold=-0.0028629199514802468 -0.025747580640957498 -0.17043388313107533 -0.016937014377549572 0.92988894518219078 1.5000000000000002 0.91395331725450546 -0.004723452200412869 -0.0017476816039254104 -0.0014284494699688952 -0.015750767264155471 -0.013229610222952324 0.0040535461373563059 -0.021228611705014552
decision_type=2 2 2 2 2 2 2 2 2 2 2 2 2 2
left_child=1 2 5 4 -3 6 -1 8 10 -10 -2 12 -12 -13
right_child=7 3 -4 -5 -6 -7 -8 -9 9 -11 11 13 -14 -15
leaf_value=0.00017969735349080345 -5.33453593423144e-05 -0.00049442425293727966 -4.3880789255776057e-05 -2.5227784446522575e-05 -7.4094955346316662e-05 0.00010551978991792189 0.00081144243498764649 -1.3980931069739831e-06 0.00080845592841935856 9.3277504509056475e-05 0.00014342704221226562 -0.00034964385475072393 0.00078210910510473233 3.846189439880206e-05
leaf_weight=500 17111 1265 2897 125159 2078 1748 660 193567 1126 3639 7121 2038 889 50270
leaf_count=500 17111 1265 2897 125159 2078 1748 660 193567 1126 3639 7121 2038 889 50270
internal_value=-6.05674e-07 -2.42258e-05 0.000117771 -3.06413e-05 -0.000233249 0.000278771 0.000539528 1.08983e-05 3.98561e-05 0.000262413 2.61567e-05 4.87103e-05 0.000214401 2.33343e-05
internal_weight=410068 134307 5805 128502 3343 2908 1160 275761 82194 4765 77429 60318 8010 52308
internal_count=410068 134307 5805 128502 3343 2908 1160 275761 82194 4765 77429 60318 8010 52308
is_linear=0
shrinkage=0.05


Tree=22
num_leaves=15
num_cat=0
split_feature=10 22 22 17 19 10 22 22 22 19 17 19 22 22
split_gain=0.0464964 0.101336 0.187902 0.106951 0.126325 0.09431 0.0774496 0.0713862 0.0665086 0.152945 0.0833525 0.06475 0.114181 0.082769
threshold=2.5000000000000004 0.035940183515538189 0.034711730432517525 0.010531169028910605 -0.017798949852377007 3.5000000000000004 0.027784614156541102 -0.030673863990566704 0.0093029604391741145 0.0058919193584626725 0.0028597719532593717 -0.016125802878148739 -0.023533481021522692 -0.0091346223297714118
decision_type=2 2 2 2 2 2 2 2 2 2 2 2 2 2
left_child=8 2 3 5 -5 6 7 -2 -1 10 -10 12 -7 -13
right_child=1 -3 -4 4 -6 11 -8 -9 9 -11 -12 13 -14 -15
leaf_value=2.8107087577465981e-05 -0.00037264171012123449 0.00030807615375296154 -0.00080884286459104084 0.00084429244448732126 0.00010378040226644719 -3.3534146452661028e-05 -0.00047608340792335544 -5.5251356354915455e-05 -0.00020351668524237971 -8.3831510942535393e-06 -0.00073768545575649371 0.00013676359177756554 -0.00057418280374492133 -3.1698380859999822e-06
leaf_weight=189489 1814 2315 760 635 6102 4366 1150 74164 3977 50674 894 12844 1257 59594
leaf_count=189489 1814 2315 760 635 6102 4366 1150 74164 3977 50674 894 12844 1257 59594
internal_value=1.87099e-07 -2.0331e-05 -2.50061e-05 -2.13222e-05 0.000173693 -2.97891e-05 -6.90017e-05 -6.2834e-05 1.40036e-05 -3.41093e-05 -0.000301687 8.95514e-06 -0.000154475 2.16433e-05
internal_weight=410035 165001 162686 161926 6737 155189 77128 75978 245034 55545 4871 78061 5623 72438
internal_count=410035 165001 162686 161926 6737 155189 77128 75978 245034 55545 4871 78061 5623 72438
is_linear=0
shrinkage=0.05


Tree=23
num_leaves=15
num_cat=0
split_feature=10 22 22 17 11 18 10 22 22 19 22 22 22 19
split_gain=0.0420668 0.088598 0.1653 0.0928028 0.140903 0.0846462 0.0839981 0.0708159 0.0613976 0.0658005 0.119787 0.0939861 0.150188 0.126509
threshold=2.5000000000000004 0.035940183515538189 0.034711730432517525 0.010531169028910605 -0.59981471542533937 0.39372764927844067 3.5000000000000004 0.027784614156541102 -0.030673863990566704 -0.001328707659335848 0.010448328556166843 -0.0099168196713678141 -0.012497179139421275 -0.0075154728810680185
decision_type=2 2 2 2 2 2 2 2 2 2 2 2 2 2
left_child=-1 2 3 6 5 -5 7 8 -2 11 -11 12 -10 -14
right_child=1 -3 -4 4 -6 -7 -8 -9 9 10 -12 -13 13 -15
leaf_value=1.4322643440498593e-05 -0.00034372762650691254 0.00029376091597770092 -0.00076174009420498236 0.0011384278788487165 6.3907384002552829e-05 0.00024166042478847923 9.5956649992850207e-06 -0.00045173034138774084 1.8711582156085766e-05 -0.00014479917038686104 2.9807118743581368e-05 9.5498585571419993e-05 -0.00092768222833093748 -0.00020836013278277074
leaf_weight=245494 1835 2242 752 530 5647 523 77803 1159 10191 30662 14452 14870 747 3349
leaf_count=245494 1835 2242 752 530 5647 523 77803 1159 10191 30662 14452 14870 747 3349
internal_value=1.20609e-06 -1.83374e-05 -2.26447e-05 -1.92042e-05 0.000162973 0.000693677 -2.70765e-05 -6.40037e-05 -5.80933e-05 -5.10316e-05 -8.88657e-05 7.50927e-06 -8.40709e-05 -0.00033974
internal_weight=410256 164762 162520 161768 6700 1053 155068 77265 76106 74271 45114 29157 14287 4096
internal_count=410256 164762 162520 161768 6700 1053 155068 77265 76106 74271 45114 29157 14287 4096
is_linear=0
shrinkage=0.05


Tree=24
num_leaves=15
num_cat=0
split_feature=10 22 22 10 19 22 22 19 22 19 5 12 12 19
split_gain=0.0378489 0.0842436 0.150814 0.0656713 0.0742625 0.104387 0.136981 0.114637 0.110897 0.346514 0.0879279 0.0876405 0.0866889 0.080974
threshold=2.5000000000000004 0.035940183515538189 0.034711730432517525 3.5000000000000004 -0.001328707659335848 -0.0099168196713678141 -0.012497179139421275 -0.0075154728810680185 -0.025747580640957498 -0.017798949852377007 0.0031835617214774569 -0.025149236006650252 0.0092117039148658115 0.0038093682516423537
decision_type=2 2 2 2 2 2 2 2 2 2 2 2 2 2
left_child=-1 2 3 4 5 6 8 -8 -2 -10 13 -12 -13 -6
right_child=1 -3 -4 -5 10 -7 7 -9 9 -11 11 12 -14 -15
leaf_value=1.3250330160379347e-05 -0.00025406708035371795 0.00028384825201663056 -0.00073122833188672286 1.2846257253577583e-05 -0.00013567192943929026 9.9289627689020028e-05 -0.00087730319686403274 -0.00020275648911146648 0.0011155652412231114 -3.1672122635913138e-07 -0.00073567628780277943 2.334811047025616e-05 -0.00031808805932151781 9.1064970096486828e-06
leaf_weight=245618 3160 2283 745 81831 18187 15846 768 3487 754 8858 794 3053 4752 20592
leaf_count=245618 3160 2283 745 81831 18187 15846 768 3487 754 8858 794 3053 4752 20592
internal_value=8.05888e-07 -1.77065e-05 -2.19363e-05 -1.86716e-05 -5.08097e-05 6.93319e-06 -7.90181e-05 -0.000324685 2.84505e-06 8.7324e-05 -9.08736e-05 -0.000235515 -0.000184546 -5.8795e-05
internal_weight=410728 165110 162827 162082 80251 32873 17027 4255 12772 9612 47378 8599 7805 38779
internal_count=410728 165110 162827 162082 80251 32873 17027 4255 12772 9612 47378 8599 7805 38779
is_linear=0
shrinkage=0.05


Tree=25
num_leaves=15
num_cat=0
split_feature=20 22 10 13 11 22 13 22 22 22 22 22 22 19
split_gain=0.0400838 0.0530719 0.0457936 0.062878 0.0391894 0.0552042 0.047143 0.0616751 0.0478321 0.107821 0.0810874 0.0411324 0.107214 0.0390494
threshold=-0.0060458426126138711 -0.025747580640957498 2.5000000000000004 0.85987162660649219 0.49324309266412864 0.024007854234069041 1.6030277577618746 0.0016829495925761997 -0.023533481021522692 -0.019564548842768866 -0.026534696288983469 0.034711730432517525 0.035940183515538189 -0.016125802878148739
decision_type=2 2 2 2 2 2 2 2 2 2 2 2 2 2
left_child=1 2 3 -1 5 13 8 -8 10 -10 -6 -7 -13 -2
right_child=4 -3 -4 -5 6 11 7 -9 9 -11 -12 12 -14 -15
leaf_value=2.0025627356512797e-05 -6.6884670289998695e-05 -4.0070640307234827e-05 5.9415227445495619e-06 0.00063072472451765858 9.099267723822409e-05 0.00017031165211353117 -6.0769119907420514e-05 -0.00060574102238948916 0.00055285360681956266 -3.4476754941128607e-05 -0.00078097269242905453 -0.00067736335880385842 0.00010202578352377765 1.3264861935945598e-05
leaf_weight=796 16106 79803 2476 895 518 9101 1347 844 806 24642 548 545 2299 268934
leaf_count=796 16106 79803 2476 895 518 9101 1347 844 806 24642 548 545 2299 268934
internal_value=-1.84726e-07 -3.09868e-05 0.000142948 0.000343434 7.75679e-06 1.3149e-05 -4.80302e-05 -0.00027088 -2.96054e-05 -1.58536e-05 -0.000357572 0.000118449 -4.75153e-05 8.73585e-06
internal_weight=409660 83970 4167 1691 325690 296985 28705 2191 26514 25448 1066 11945 2844 285040
internal_count=409660 83970 4167 1691 325690 296985 28705 2191 26514 25448 1066 11945 2844 285040
is_linear=0
shrinkage=0.05


Tree=26
num_leaves=15
num_cat=0
split_feature=22 22 5 19 22 11 22 17 19 19 19 19 22 19
split_gain=0.0351717 0.103644 0.061393 0.0458915 0.044613 0.224513 0.13138 0.0976378 0.0846922 0.104847 0.162173 0.174117 0.323271 0.168439
threshold=-0.047596385518319843 -0.040136251687286566 0.0032082288257284709 -0.028811006006034808 -0.024607092819337036 -0.64256544673911176 -0.023533481021522692 -0.00035582388210803057 -0.019340890612886571 -0.015750767264155471 -0.011619743008824955 -0.010193857073352129 -0.011706895888610789 -0.010987139204373884
decision_type=2 2 2 2 2 2 2 2 2 2 2 2 2 2
left_child=-1 2 -2 -3 5 -5 -6 -7 -8 -10 -11 12 -12 -14
right_child=1 3 -4 4 6 7 8 -9 9 10 11 -13 13 -15
leaf_value=-0.00021431884405923149 9.0048329336838009e-05 -0.00022370338499305551 0.0006566218590688378 0.00084148729846797172 -0.00029936183108820753 0.00019718280833716398 0.0005130799091959742 -9.8864139358709191e-05 -0.00018822203622050583 0.00015715985248449698 -1.6203339173717416e-05 1.8905877471267965e-06 -0.00027551029237086669 -0.00097280903151721304
leaf_weight=1910 976 2300 937 928 3696 5015 802 6261 7331 16259 7575 352515 1874 1611
leaf_count=1910 976 2300 937 928 3696 5015 802 6261 7331 16259 7575 352515 1874 1611
internal_value=-3.14883e-07 6.87276e-07 0.000367758 -1.04249e-06 2.26106e-07 9.43649e-05 -2.70744e-06 3.28085e-05 1.19428e-07 -9.44475e-07 2.67057e-06 -4.23857e-06 -0.000199576 -0.000598035
internal_weight=409990 408080 1913 406167 403867 12204 391663 11276 387967 387165 379834 363575 11060 3485
internal_count=409990 408080 1913 406167 403867 12204 391663 11276 387967 387165 379834 363575 11060 3485
is_linear=0
shrinkage=0.05


Tree=27
num_leaves=15
num_cat=0
split_feature=20 22 19 14 22 18 13 22 22 17 21 22 19 22
split_gain=0.0329434 0.0645315 0.0908351 0.108758 0.0890155 0.0706861 0.0628004 0.0528589 0.0871976 0.113665 0.0665729 0.065593 0.100237 0.0972516
threshold=0.0015039922440219791 -0.025747580640957498 -0.020040447767126709 -0.026193736051973889 -0.022469593315682154 0.034493557386464202 0.93909836869116659 -0.026534696288983469 -0.024607092819337036 0.0075342771703758036 0.29457252322987332 -0.021228611705014552 -0.020040447767126709 -0.014847204805669976
decision_type=2 2 2 2 2 2 2 2 2 2 2 2 2 2
left_child=1 2 5 -4 6 -1 -3 10 9 -9 -2 12 -10 -13
right_child=7 4 3 -5 -6 -7 -8 8 11 -11 -12 13 -14 -15
leaf_value=0.00011579084257756947 -3.9902348158074959e-05 -0.00051036862538775187 0.00076066570653878516 2.7325544415275319e-05 -1.3871077752987057e-05 -0.00029644304438173697 -8.2025978461731819e-05 0.00013305338627248779 0.00033343476585294521 0.0009830257624682075 -0.00041581516188900035 0.0001646893947529476 -0.00031601063401741407 1.1829617322738639e-05
leaf_weight=5013 5815 1516 1071 957 218652 1311 1964 1636 738 517 1476 11150 3032 155579
leaf_count=5013 5815 1516 1071 957 218652 1311 1964 1636 738 517 1476 11150 3032 155579
internal_value=-2.18e-07 -1.27345e-05 0.000123698 0.000414791 -1.78648e-05 3.02991e-05 -0.000268719 1.5814e-05 2.13832e-05 0.000337519 -0.000116049 1.73892e-05 -0.000188823 2.2053e-05
internal_weight=410427 230484 8352 2028 222132 6324 3480 179943 172652 2153 7291 170499 3770 166729
internal_count=410427 230484 8352 2028 222132 6324 3480 179943 172652 2153 7291 170499 3770 166729
is_linear=0
shrinkage=0.05


Tree=28
num_leaves=15
num_cat=0
split_feature=11 13 20 19 19 10 10 19 19 20 20 19 19 12
split_gain=0.0331728 0.0609726 0.0465785 0.056876 0.0365234 0.0363701 0.0532756 0.0578766 0.112789 0.105306 0.0908432 0.0698547 0.0626619 0.0562528
threshold=-1.1375198010472147 1.4788177688903794 0.027716745285560011 -0.0075154728810680185 -0.0059780487331211321 2.5000000000000004 3.5000000000000004 -0.014452974769637915 -0.0062834923244681753 -0.013347551567588432 -0.016105621159723912 0.010200166289976999 -0.022957146497341426 -0.026848032935114948
decision_type=2 2 2 2 2 2 2 2 2 2 2 2 2 2
left_child=1 4 5 -4 -1 -2 13 12 9 -9 -10 -12 -8 -7
right_child=2 -3 3 -5 -6 6 7 8 10 -11 11 -13 -14 -15
leaf_value=-0.00047416544264833002 1.2992399906930161e-05 0.00032715412445659864 0.00070022434678655135 1.5529820341657671e-05 -0.00011976337391867121 -0.00016146219504591163 8.9387906145490948e-05 0.00056376628464437724 -0.00029531937195568576 0.00010652305359614108 -1.7228407411005158e-05 0.00013056401874081601 -0.00020599825263180392 -3.1347860544946692e-05
leaf_weight=918 242100 643 528 711 3485 9417 2608 1396 2583 12777 47193 9625 5758 70413
leaf_count=918 242100 643 528 711 3485 9417 2608 1396 2583 12777 47193 9625 5758 70413
internal_value=7.95613e-08 -0.000127316 1.6667e-06 0.000307642 -0.000193745 7.27268e-07 -1.76283e-05 1.06934e-05 2.48639e-05 0.000151597 -5.37648e-06 7.80957e-06 -0.000113915 -4.66984e-05
internal_weight=410155 5046 405109 1239 4403 403870 161770 81940 73574 14173 59401 56818 8366 79830
internal_count=410155 5046 405109 1239 4403 403870 161770 81940 73574 14173 59401 56818 8366 79830
is_linear=0
shrinkage=0.05


Tree=29
num_leaves=15
num_cat=0
split_feature=22 22 19 5 20 5 22 22 22 13 22 22 10 22
split_gain=0.0374647 0.192682 0.181546 0.137829 0.0685332 0.0549223 0.066998 0.0691521 0.0890728 0.135169 0.0722411 0.0635473 0.061722 0.0544388
threshold=0.0014908918336350443 0.0014044104034969254 -0.0009122099377015801 0.0074262101172617497 -0.011346025100168354 0.0047189359375879392 -0.047596385518319843 -0.014847204805669976 -0.018327769648685484 1.3166516602993097 -0.024607092819337036 -0.012497179139421275 1.0000000180025095e-35 0.021836335811010302
decision_type=2 2 2 2 2 2 2 2 2 2 2 2 2 2
left_child=1 5 -3 4 -2 -1 -7 8 10 -10 12 -9 -8 -6
right_child=3 2 -4 -5 13 6 7 11 9 -11 -12 -13 -14 -15
leaf_value=3.4728243144095082e-06 -0.00011130880515150008 4.4376160317381085e-05 0.0011222935467105634 -0.00068551247990280249 -1.3749805737156506e-05 -0.00031395568983243557 0.00079919216186541918 -0.00032114026561631207 0.00021129738206028656 0.0012535043092981593 -7.5762669129682907e-05 8.6081804195137408e-05 0.00020717287431340405 7.4920067397770261e-05
leaf_weight=197156 16272 805 758 764 159720 906 521 1130 804 507 2077 6263 2821 19413
leaf_count=197156 16272 805 758 764 159720 906 521 1130 804 507 2077 6263 2821 19413
internal_value=9.12591e-08 1.45722e-05 0.000567512 -1.56873e-05 -1.30649e-05 1.04965e-05 0.000102629 0.000129373 0.000245322 0.000614996 0.000155791 2.3804e-05 0.000299677 -4.14011e-06
internal_weight=409917 213748 1563 196169 195405 212185 15029 14123 6730 1311 5419 7393 3342 179133
internal_count=409917 213748 1563 196169 195405 212185 15029 14123 6730 1311 5419 7393 3342 179133
is_linear=0
shrinkage=0.05


Tree=30
num_leaves=15
num_cat=0
split_feature=11 22 19 14 5 17 12 22 10 22 14 11 22 10
split_gain=0.0320602 0.0387078 0.0695938 0.0634751 0.0844494 0.0441018 0.0396667 0.0491013 0.0438023 0.0421058 0.0368131 0.044707 0.0376512 0.0314888
threshold=0.52745525037557928 -0.0001493420582179272 0.00027770115248804133 0.002373163093079667 0.0023956358201706034 0.001424148015371385 -0.050543316940780396 -0.023533481021522692 1.0000000180025095e-35 -0.019564548842768866 0.052929873191470918 -0.24027364507739477 0.0033170525759482765 2.5000000000000004
decision_type=2 2 2 2 2 2 2 2 2 2 2 2 2 2
left_child=10 2 6 4 -3 -4 -2 8 -8 -9 13 12 -12 -1
right_child=1 3 5 -5 -6 -7 7 9 -10 -11 11 -13 -14 -15
leaf_value=1.2683596271700096e-05 0.00031568094761057761 -9.0881591468463331e-05 0.00069920163503792588 -6.9539990600434566e-05 -0.00081658018141909147 0.00013339630185731473 3.6636545560080903e-05 0.00040510801119382901 -0.00049193369821839918 -3.317178805412632e-05 0.00023101589636547473 0.00010431755628681178 -0.00024895800215133464 -1.74710872539408e-05
leaf_weight=216285 793 948 524 14121 694 1003 616 576 1076 10902 536 15570 1709 144355
leaf_count=216285 793 948 524 14121 694 1003 616 576 1076 10902 536 15570 1709 144355
internal_value=6.00654e-08 -4.86109e-05 7.52236e-06 -0.000103769 -0.000397912 0.000327887 -2.75338e-05 -4.8222e-05 -0.000299591 -1.11442e-05 4.07945e-06 7.42403e-05 -0.000134311 6.1343e-07
internal_weight=409708 31253 15490 15763 1642 1527 13963 13170 1692 11478 378455 17815 2245 360640
internal_count=409708 31253 15490 15763 1642 1527 13963 13170 1692 11478 378455 17815 2245 360640
is_linear=0
shrinkage=0.05


Tree=31
num_leaves=15
num_cat=0
split_feature=22 22 19 5 20 19 19 22 20 22 10 19 22 22
split_gain=0.0324422 0.190995 0.156517 0.112335 0.06569 0.0570561 0.0650384 0.162563 0.0510635 0.123006 0.0794398 0.0811513 0.133061 0.121648
threshold=0.0014908918336350443 0.0014044104034969254 -0.0009122099377015801 0.0074262101172617497 -0.011346025100168354 -0.0030056003922866999 -0.0018086602704558972 0.00370891341657742 0.0072801115751861553 -0.026534696288983469 1.5000000000000002 -0.019340890612886571 -0.011470086718440129 -0.01079344601110732
decision_type=2 2 2 2 2 2 2 2 2 2 2 2 2 2
left_child=1 8 -3 4 -2 -6 7 -7 10 -10 11 -1 -13 -14
right_child=3 2 -4 -5 5 6 -8 -9 9 -11 -12 12 13 -15
leaf_value=0.00023672017308512609 -0.00010856803955981557 7.7635984107076507e-05 0.0010740877500224416 -0.00060945563567985648 0.00025468212203548144 -0.0010612715286005565 -3.7909349450291392e-06 1.03728645926971e-05 -0.00021714166511622651 8.9906010571493391e-05 -2.7953751953005679e-05 -9.9923453385966708e-05 0.00051397304333229081 5.4950243123965988e-05
leaf_weight=4943 16277 812 765 790 2111 509 175444 1156 3596 35003 110286 15497 1494 41810
leaf_count=4943 16277 812 765 790 2111 509 175444 1156 3596 35003 110286 15497 1494 41810
internal_value=-1.19901e-07 1.33357e-05 0.000561387 -1.48038e-05 -1.23977e-05 -3.66285e-06 -6.74354e-06 -0.000317675 9.26831e-06 6.12956e-05 -2.27138e-06 4.21624e-05 2.58036e-05 7.07982e-05
internal_weight=410493 214206 1577 196287 195497 179220 177109 1665 212629 38599 174030 63744 58801 43304
internal_count=410493 214206 1577 196287 195497 179220 177109 1665 212629 38599 174030 63744 58801 43304
is_linear=0
shrinkage=0.05


Tree=32
num_leaves=15
num_cat=0
split_feature=14 13 14 12 13 11 11 14 22 22 22 10 21 22
split_gain=0.0321043 0.0510589 0.0504772 0.0413985 0.0312919 0.0574553 0.0340539 0.0488276 0.03643 0.0909472 0.0640881 0.0582022 0.0565942 0.045007
threshold=-0.097787285191703696 1.4937198340962914 -0.11465517671076018 -0.044387460934774407 2.0703886101545197 0.58988242404892888 -1.1375198010472147 -0.068894690065176609 0.030750262930672626 0.033548887810287871 0.035940183515538189 2.5000000000000004 0.0020982807362436018 0.034711730432517525
decision_type=2 2 2 2 2 2 2 2 2 2 2 2 2 2
left_child=1 2 -1 -4 6 -6 7 -2 -8 12 13 -12 -10 -11
right_child=4 -3 3 -5 5 -7 8 -9 9 10 11 -13 -14 -15
leaf_value=-0.00017524575813404939 0.00020852362772164261 0.00055323129489820888 -2.3887218783345163e-05 0.00052560303640824841 -4.878222889381322e-05 -0.00052318128259364939 -1.6493382997249972e-08 -0.00022784818962524541 0.00083956387048948571 2.8041303460105114e-06 -0.0002073884833638397 0.00029809283898108086 0.00024076302999296651 -0.00047175057377524758
leaf_weight=1227 795 649 650 724 3493 780 391536 3295 513 1049 807 1929 1705 953
leaf_count=1227 795 649 650 724 3493 780 391536 3295 513 1049 807 1929 1705 953
internal_value=3.47035e-07 0.000156847 5.7767e-05 0.000265827 -9.03487e-07 -0.000135482 5.25259e-07 -0.000142998 1.99869e-06 0.000115412 -8.3048e-06 0.000148977 0.000379575 -0.000223218
internal_weight=410105 3250 2601 1374 406855 4273 402582 4090 398492 6956 4738 2736 2218 2002
internal_count=410105 3250 2601 1374 406855 4273 402582 4090 398492 6956 4738 2736 2218 2002
is_linear=0
shrinkage=0.05


Tree=33
num_leaves=15
num_cat=0
split_feature=22 22 14 14 11 13 20 20 22 10 22 22 22 22
split_gain=0.0305933 0.15596 0.154894 0.0741568 0.1143 0.127581 0.0504641 0.0468929 0.117475 0.0791953 0.0645601 0.158475 0.103283 0.102605
threshold=0.0014908918336350443 0.0014044104034969254 0.0020530128049134348 -0.063250778585040954 -0.28591674056402422 0.78269797696015408 -0.011346025100168354 0.006935325834747986 -0.026534696288983469 1.5000000000000002 -0.014847204805669976 -0.020099449415480638 -0.024607092819337036 -0.018016745319459068
decision_type=2 2 2 2 2 2 2 2 2 2 2 2 2 2
left_child=1 7 -3 4 5 -2 -5 9 -9 -1 11 12 -10 -13
right_child=3 2 -4 6 -6 -7 -8 8 10 -11 -12 13 -14 -15
leaf_value=4.2530844509478591e-05 0.00061531814310052362 0.00016176660211878212 0.0012305747672208787 -9.5788085291725544e-05 -0.0006163099672929107 -0.00034328646680976591 -3.0397974446360567e-06 -0.00020632215185579898 0.00044768223439062526 -2.8030232896283274e-05 4.7417781665171118e-05 0.00068296483075435863 -0.00011613543113286119 0.00018566259718470047
leaf_weight=62781 568 1024 506 15986 1284 889 177489 3831 1035 108469 28331 2019 3760 2134
leaf_count=62781 568 1024 506 15986 1284 889 177489 3831 1035 108469 28331 2019 3760 2134
internal_value=-1.04886e-07 1.29751e-05 0.000515815 -1.4363e-05 -0.000272563 3.05837e-05 -1.07036e-05 9.34983e-06 5.73035e-05 -2.16214e-06 8.44e-05 0.000201474 5.63249e-06 0.000427535
internal_weight=410106 213890 1530 196216 2741 1457 193475 212360 41110 171250 37279 8948 4795 4153
internal_count=410106 213890 1530 196216 2741 1457 193475 212360 41110 171250 37279 8948 4795 4153
is_linear=0
shrinkage=0.05


Tree=34
num_leaves=15
num_cat=0
split_feature=19 22 19 22 22 22 18 19 19 19 22 22 19 22
split_gain=0.0289652 0.115792 0.0989599 0.0988408 0.0948609 0.217984 0.0756454 0.0640436 0.05771 0.289353 0.101722 0.0936565 0.0912173 0.0769864
threshold=-0.0030796110586879251 -0.00062522156579813959 -0.0027313307792880544 -0.010354081001407609 -0.0071310231853185515 -0.007531087482836373 -0.29252844638424613 -0.00082124896432889105 -0.0041530809849009689 -0.0044230765082904347 -0.0072710932400419917 -0.0066875411980450985 -0.0074150435786983207 -0.0056963603787240627
decision_type=2 2 2 2 2 2 2 2 2 2 2 2 2 2
left_child=1 6 -2 7 5 -5 -1 -4 9 11 -10 -8 13 -13
right_child=2 -3 3 4 -6 -7 8 -9 10 -11 -12 12 -14 -15
leaf_value=0.00012631116189866298 -0.00018700325997348573 0.00025000590156751566 -6.6049840770964125e-05 9.4646306354190918e-06 -5.0870486210637323e-06 0.00099947774142867098 -2.4793423152979285e-05 -0.00070711162950689189 0.00027852446289336382 -0.00064591397080316303 -1.6415914826575382e-05 0.00060675890997036533 4.2272868779333363e-05 0.00013049954014517187
leaf_weight=12476 7625 5216 746 1955 268643 776 83382 815 4795 1790 7487 1501 10748 1952
leaf_count=12476 7625 5216 746 1955 268643 776 83382 815 4795 1790 7487 1501 10748 1952
internal_value=-3.27767e-07 1.92471e-05 -9.35243e-06 -4.38872e-06 -2.10593e-06 0.000291035 9.54864e-06 -0.000400987 -3.49907e-06 -1.61367e-05 9.87447e-05 -4.57802e-06 0.000114111 0.000337643
internal_weight=409907 129347 280560 272935 271374 2731 124131 1561 111655 99373 12282 97583 14201 3453
internal_count=409907 129347 280560 272935 271374 2731 124131 1561 111655 99373 12282 97583 14201 3453
is_linear=0
shrinkage=0.05


Tree=35
num_leaves=15
num_cat=0
split_feature=11 13 14 14 12 12 19 20 13 11 12 19 14 14
split_gain=0.0264695 0.0488979 0.0331198 0.0528529 0.0387844 0.0346955 0.0320517 0.0288867 0.0292864 0.0519652 0.0286905 0.0277071 0.0337027 0.0225603
threshold=-1.1375198010472147 1.4788177688903794 -0.097787285191703696 -0.11465517671076018 -0.092149037568635614 -0.050543316940780396 -0.0059780487331211321 0.027716745285560011 1.9632071346092974 0.55869796176432795 -0.0047317301745851128 0.0010239299884714506 -0.058475270224890623 0.052929873191470918
decision_type=2 2 2 2 2 2 2 2 2 2 2 2 2 2
left_child=1 6 3 4 -2 -5 -1 8 13 -10 -9 -8 -13 -4
right_child=2 -3 7 5 -6 -7 11 10 9 -11 -12 12 -14 -15
leaf_value=-0.00044133368552026785 0.00022573077627218927 0.00028635711827118559 -1.746187901258226e-06 0.00014679017743807641 -0.00037919513566599697 0.00065219378731302589 2.968079784037203e-05 0.00051014181210917036 -4.6794415199455512e-05 -0.00045788219085856865 -7.9546402777963113e-06 4.0902150673597747e-05 -0.00042424895571293659 4.8298412133439305e-05
leaf_weight=894 525 662 372058 701 533 659 1811 552 4784 915 517 617 1054 23970
leaf_count=894 525 662 372058 701 533 659 1811 552 4784 915 517 617 1054 23970
internal_value=4.5848e-08 -0.000113844 1.46212e-06 0.000185919 -7.90895e-05 0.000391987 -0.000174438 3.54354e-07 -3.36683e-07 -0.000112865 0.000259802 -0.000105806 -0.000252575 1.28293e-06
internal_weight=410252 5038 405214 2418 1058 1360 4376 402796 401727 5699 1069 3482 1671 396028
internal_count=410252 5038 405214 2418 1058 1360 4376 402796 401727 5699 1069 3482 1671 396028
is_linear=0
shrinkage=0.05


Tree=36
num_leaves=15
num_cat=0
split_feature=22 22 5 18 10 20 13 22 22 22 22 21 10 13
split_gain=0.0277441 0.0851388 0.0499104 0.0438192 0.031922 0.0266146 0.0692421 0.0256727 0.0825059 0.0726032 0.0521482 0.0491041 0.0483828 0.0390979
threshold=-0.047596385518319843 -0.040136251687286566 0.0032082288257284709 0.1278731143058556 2.5000000000000004 0.027716745285560011 1.0337394459433653 0.030750262930672626 0.033548887810287871 0.035940183515538189 0.034711730432517525 0.0020982807362436018 2.5000000000000004 1.1613857822202649
decision_type=2 2 2 2 2 2 2 2 2 2 2 2 2 2
left_child=3 2 -2 4 -1 7 -7 -3 11 10 -10 -9 -11 -12
right_child=1 5 -4 -5 -6 6 -8 8 9 12 13 -13 -14 -15
leaf_value=0.00026774458423865874 8.0186008517847663e-05 -2.9153357369800822e-06 0.00059622309578911579 -0.0005845890575222354 -0.00023309779608305279 -4.9211912852937744e-05 0.00067768922962168016 0.00076072034939957285 7.5151310168030094e-06 -0.00019737493712533241 -0.00019813170893744539 0.00021283260755699642 0.00025786206127496755 -0.00078850149825995602
leaf_weight=513 941 396902 933 514 834 897 515 536 1131 784 604 1721 2276 524
leaf_count=513 941 396902 933 514 834 897 515 536 1131 784 604 1721 2276 524
internal_value=2.55378e-07 1.13469e-06 0.000337284 -0.000192309 -4.22967e-05 -4.18139e-07 0.000216203 -1.17488e-06 8.99949e-05 -1.75025e-05 -0.000232445 0.000343226 0.0001412 -0.000472837
internal_weight=409625 407764 1874 1861 1347 405890 1412 404478 7576 5319 2259 2257 3060 1128
internal_count=409625 407764 1874 1861 1347 405890 1412 404478 7576 5319 2259 2257 3060 1128
is_linear=0
shrinkage=0.05


Tree=37
num_leaves=15
num_cat=0
split_feature=10 22 22 20 11 11 18 22 19 20 22 17 22 20
split_gain=0.02609 0.0649416 0.110449 0.0634304 0.0964987 0.0700255 0.0524884 0.051114 0.131969 0.0732589 0.124838 0.0677702 0.0544863 0.0559845
threshold=2.5000000000000004 0.035940183515538189 0.034711730432517525 0.0080702866769527554 -0.69315592758838906 -0.16658267822347633 0.31962647753075052 0.0093029604391741145 0.0058919193584626725 0.0052937967550452667 0.027784614156541102 0.0032500621387321353 0.016959653786365884 0.012980828399016266
decision_type=2 2 2 2 2 2 2 2 2 2 2 2 2 2
left_child=7 2 3 -2 6 -6 -5 -1 11 -10 12 -9 -11 -14
right_child=1 -3 -4 4 5 -7 -8 8 9 10 -12 -13 13 -15
leaf_value=2.2406474802770091e-05 -2.964939996364247e-05 0.00025010394031481424 -0.00061834547887861706 0.00079026110725488466 -0.0001037816332858364 8.929925400003784e-05 0.00018143960177886668 -0.00019644643227535665 2.4568942522613605e-05 -7.9759395965958e-05 0.00024784800609724055 -0.00069554653862685027 -0.00023258765507896425 -0.00067823593209429694
leaf_weight=189783 137697 2266 765 645 6623 16132 785 4121 39149 5064 1932 814 3669 872
leaf_count=189783 137697 2266 765 645 6623 16132 785 4121 39149 5064 1932 814 3669 872
internal_value=-2.82562e-07 -1.56627e-05 -1.93669e-05 -1.65325e-05 5.81467e-05 3.30996e-05 0.000456408 1.0053e-05 -3.20977e-05 -8.06348e-06 -0.000118789 -0.000278894 -0.000192554 -0.000318295
internal_weight=410317 164913 162647 161882 24185 22755 1430 245404 55621 50686 11537 4935 9605 4541
internal_count=410317 164913 162647 161882 24185 22755 1430 245404 55621 50686 11537 4935 9605 4541
is_linear=0
shrinkage=0.05


Tree=38
num_leaves=15
num_cat=0
split_feature=11 13 12 22 22 22 22 22 14 13 19 11 20 11
split_gain=0.0264678 0.0539885 0.0649539 0.0587866 0.0812606 0.055356 0.0394381 0.0303876 0.0290431 0.0994194 0.0409983 0.0712412 0.0424776 0.0295225
threshold=0.52745525037557928 1.6030277577618746 -0.050543316940780396 0.0016829495925761997 0.0073409108528471609 -0.023533481021522692 -0.019282831398915953 -0.024607092819337036 0.052929873191470918 1.169877427813091 0.0062119591951890216 -0.082185599132140144 -0.0018287956341739851 0.2806974721393552
decision_type=2 2 2 2 2 2 2 2 2 2 2 2 2 2
left_child=8 2 -2 -3 -5 7 -7 -4 -1 -10 12 -12 -11 -13
right_child=1 3 5 4 -6 6 -8 -9 9 10 11 13 -14 -15
leaf_value=5.4768966335396368e-07 0.00043456774871568392 -5.8742151411789974e-05 -9.906618328107817e-05 -0.0010004952479046988 -0.00013423810927562719 0.00033294072696774972 -3.2264518684769453e-05 -0.00059783352676242283 0.00015626276896505171 -0.0004874507601991603 -0.0002951086088519576 0.00031689124665285713 -9.2566894440019589e-05 -5.168137569500118e-05
leaf_weight=361229 749 1478 573 512 574 760 25848 654 11259 1003 1140 1526 2119 843
leaf_count=361229 749 1478 573 512 574 760 25848 654 11259 1003 1140 1526 2119 843
internal_value=-1.26847e-08 -4.43185e-05 -2.45988e-05 -0.000264063 -0.000543184 -3.69695e-05 -2.18211e-05 -0.000365183 3.62754e-06 6.58114e-05 -8.77695e-05 2.95028e-05 -0.000219546 0.00018577
internal_weight=410267 31148 28584 2564 1086 27835 26608 1227 379119 17890 6631 3509 3122 2369
internal_count=410267 31148 28584 2564 1086 27835 26608 1227 379119 17890 6631 3509 3122 2369
is_linear=0
shrinkage=0.05


Tree=39
num_leaves=15
num_cat=0
split_feature=11 13 22 11 13 22 22 17 19 10 22 22 22 7
split_gain=0.0269517 0.0481949 0.037465 0.0282737 0.0519144 0.0593396 0.117668 0.0384768 0.0408462 0.0365697 0.0359684 0.0870917 0.0626758 0.0421588
threshold=-1.1375198010472147 1.4788177688903794 -0.019282831398915953 0.39451390593217833 1.7306976072852798 0.0016829495925761997 0.0061442093152291885 -0.014664681291025437 0.015360004859405698 1.0000000180025095e-35 -0.023533481021522692 -0.026534696288983469 -0.019564548842768866 -0.070232946058060172
decision_type=2 2 2 2 2 2 2 2 2 2 2 2 2 2
left_child=1 2 -1 -2 7 -6 -7 -5 10 -10 11 -9 -12 -13
right_child=3 -3 -4 4 5 6 -8 8 9 -11 12 13 -14 -15
leaf_value=-0.00055373025990523145 6.6483977142999959e-06 0.00028205966235076682 -0.00011895992813049039 0.00023590348080152379 -3.2984021697094155e-05 -0.0010390805216083856 -9.1193818355349095e-05 7.2317061122890771e-05 -0.00048922498472025143 -9.4110913934596546e-05 0.00032127062933406925 -0.00021141677018214871 -1.6962409304700126e-05 -0.00081752619510473885
leaf_weight=570 348319 660 3756 1428 1662 553 801 1338 839 1936 1411 563 45660 586
leaf_count=570 348319 660 3756 1428 1662 553 801 1338 839 1936 1411 563 45660 586
internal_value=-1.06949e-07 -0.000115635 -0.000176361 1.31527e-06 -3.14023e-05 -0.000233225 -0.00047881 -2.00758e-05 -2.70651e-05 -0.000213704 -1.66101e-05 -0.000201887 -6.81693e-06 -0.00052098
internal_weight=410082 4986 4326 405096 56777 3016 1354 53761 52333 2775 49558 2487 47071 1149
internal_count=410082 4986 4326 405096 56777 3016 1354 53761 52333 2775 49558 2487 47071 1149
is_linear=0
shrinkage=0.05


Tree=40
num_leaves=15
num_cat=0
split_feature=22 22 5 19 18 18 22 11 22 19 17 11 19 10
split_gain=0.0252438 0.0755587 0.0443996 0.0422928 0.0423459 0.039224 0.0334726 0.153112 0.0973707 0.0989031 0.070201 0.0660746 0.0537161 0.0720487
threshold=-0.047596385518319843 -0.040136251687286566 0.0031835617214774569 -0.028811006006034808 -0.097153869070302837 0.11561526251626532 -0.024607092819337036 -0.6683000586672263 -0.022469593315682154 -0.019340890612886571 -0.00035582388210803057 -0.017454673751945884 -0.019340890612886571 1.0000000180025095e-35
decision_type=2 2 2 2 2 2 2 2 2 2 2 2 2 2
left_child=5 2 -2 4 -3 -1 7 -5 9 -8 -9 -11 13 -12
right_child=1 3 -4 6 -6 -7 8 10 -10 11 12 -13 -14 -15
leaf_value=-3.2214908161122117e-05 7.4850580005833851e-05 7.5515049649636207e-05 0.00056299694618588861 0.00072979573594426721 -0.00037855932806954689 -0.00053044119854677363 0.00020951625578056587 0.00017271936053903892 1.0474406702949009e-06 -8.3469192130912739e-05 0.00014996289236465416 -0.00047230571513537172 0.0001068946989563886 -0.00032799788961450691
leaf_weight=1303 934 796 929 848 1444 566 1133 5046 386404 1853 1099 2663 2431 2785
leaf_count=1303 934 796 929 848 1444 566 1133 5046 386404 1853 1099 2663 2431 2785
internal_value=-1.03333e-08 8.28985e-07 0.00031844 -6.27408e-07 -0.000217239 -0.000183299 5.73363e-07 8.20996e-05 -1.96566e-06 -0.000208032 3.36947e-05 -0.000312813 -7.74026e-05 -0.000192752
internal_weight=410234 408365 1863 406502 2240 1869 404262 12209 392053 5649 11361 4516 6315 3884
internal_count=410234 408365 1863 406502 2240 1869 404262 12209 392053 5649 11361 4516 6315 3884
is_linear=0
shrinkage=0.05


Tree=41
num_leaves=15
num_cat=0
split_feature=20 17 11 5 22 22 20 5 11 11 14 22 22 22
split_gain=0.0249206 0.0464891 0.0460926 0.0437762 0.0544234 0.116173 0.0745764 0.0607769 0.0572172 0.0446615 0.0438487 0.0424917 0.0422863 0.0667261
threshold=0.0013062630351876605 -0.0032090409051852005 -0.075216602378631522 0.0023811116179717606 -0.021228611705014552 -0.012759641799182929 0.0074050072773412809 0.0044194438278542551 0.72458151429276652 0.55869796176432795 0.047513342518672459 -0.0027052929489397855 -0.025747580640957498 -0.022469593315682154
decision_type=2 2 2 2 2 2 2 2 2 2 2 2 2 2
left_child=12 -2 -3 -4 8 6 -6 -8 -5 10 -7 -12 -1 -14
right_child=1 2 3 4 5 9 7 -9 -10 -11 11 -13 13 -15
leaf_value=9.9886524514188456e-05 0.00040767872379464642 -1.9418509831237729e-05 1.0495267853667183e-05 -0.00016897068497222735 0.00011870684205014467 5.308003877522286e-05 0.00037625566182057619 0.00095247924816495582 0.00039421252775980299 -0.00010159318147629409 0.00061729912653595692 0.0001660168076062033 -0.00023440930060555042 -1.1989161188724177e-05
leaf_weight=8241 744 71613 76080 3487 1976 19203 1622 638 517 3625 596 4145 3425 213958
leaf_count=8241 744 71613 76080 3487 1976 19203 1622 638 517 3625 596 4145 3425 213958
internal_value=-1.38624e-07 1.35047e-05 1.19043e-05 3.1952e-05 7.75375e-05 9.94085e-05 0.000343163 0.000539273 -9.61717e-05 6.19443e-05 8.67063e-05 0.000222867 -1.12798e-05 -1.54946e-05
internal_weight=409870 184246 183502 111889 35809 31805 4236 2260 4004 27569 23944 4741 225624 217383
internal_count=409870 184246 183502 111889 35809 31805 4236 2260 4004 27569 23944 4741 225624 217383
is_linear=0
shrinkage=0.05


Tree=42
num_leaves=15
num_cat=0
split_feature=22 22 5 19 18 18 22 11 19 19 19 19 22 19
split_gain=0.0232795 0.0661694 0.0410711 0.0369755 0.0416541 0.0362453 0.033488 0.146104 0.0911699 0.101168 0.095934 0.156773 0.290404 0.141676
threshold=-0.047596385518319843 -0.040136251687286566 0.0030633520362374112 -0.028811006006034808 0.030470023388673332 0.11762827890805411 -0.024607092819337036 -0.64256544673911176 -0.015750767264155471 -0.019340890612886571 -0.011619743008824955 -0.010193857073352129 -0.011706895888610789 -0.010987139204373884
decision_type=2 2 2 2 2 2 2 2 2 2 2 2 2 2
left_child=5 2 -2 4 -3 -1 7 -5 9 -8 -10 12 -12 -14
right_child=1 3 -4 6 -6 -7 8 -9 10 -11 11 -13 13 -15
leaf_value=-3.2165026824826663e-05 4.8472359253058453e-05 -2.4254766283565476e-05 0.00051370359270360572 0.00067760525983274968 -0.00046093416495160042 -0.00051178724490046805 0.0002288719769953924 3.2171283930224906e-05 0.00011595642661618505 -0.00021239113870093825 -1.4167422860185363e-05 2.6370902567605546e-06 -0.00026787075652210936 -0.0009055467125665133
leaf_weight=1323 895 1344 1009 950 919 560 1521 11239 17720 8867 7563 352474 1872 1630
leaf_count=1323 895 1344 1009 950 919 560 1521 11239 17720 8867 7563 352474 1872 1630
internal_value=3.54484e-07 1.1642e-06 0.000295156 -2.14909e-07 -0.000201715 -0.000175 9.14744e-07 8.25273e-05 -1.62544e-06 -0.000147766 2.35677e-06 -3.18073e-06 -0.00018849 -0.00056485
internal_weight=409886 408003 1904 406099 2263 1883 403836 12189 391647 10388 381259 363539 11065 3502
internal_count=409886 408003 1904 406099 2263 1883 403836 12189 391647 10388 381259 363539 11065 3502
is_linear=0
shrinkage=0.05


Tree=43
num_leaves=15
num_cat=0
split_feature=22 22 22 21 22 5 19 22 17 11 19 20 19 20
split_gain=0.0228301 0.0682498 0.0544404 0.0474159 0.0430286 0.0332055 0.030426 0.050931 0.0529071 0.0468243 0.0413795 0.109288 0.0603492 0.165475
threshold=0.030750262930672626 0.033548887810287871 0.035940183515538189 0.0020982807362436018 0.034711730432517525 0.0033988069733330377 0.017869301610982328 0.022426848011473436 -0.0046475985227188423 0.13524279393309308 0.014578077773026667 0.010659152853191302 0.014453471215686855 0.0032280495889492893
decision_type=2 2 2 2 2 2 2 2 2 2 2 2 2 2
left_child=6 3 4 -2 -3 -6 7 10 -9 -8 12 -12 -1 -14
right_child=1 2 -4 -5 5 -7 9 8 -10 -11 11 -13 13 -15
leaf_value=-1.0702950089449071e-07 0.00072160598261600533 1.7803323022605516e-05 0.00012463637307664306 0.00018709452457317695 -0.00017420258039254073 -0.0007194863168053301 3.0195929888571578e-06 -0.00014034446721501544 0.00023432633630086189 -0.00020587757712501697 -5.0709569276413869e-05 -0.00065877656958265233 0.0010379304518444248 -0.00018457954013603657
leaf_weight=376205 542 1154 3093 1764 631 501 6493 1207 4285 4570 6872 827 504 612
leaf_count=376205 542 1154 3093 1764 631 501 6493 1207 4285 4570 6872 827 504 612
internal_value=1.14943e-07 8.54753e-05 -1.20986e-05 0.000312984 -0.000197077 -0.000415956 -1.51882e-06 7.97759e-07 0.000151973 -8.32843e-05 -1.35902e-06 -0.000116103 9.82563e-07 0.000367957
internal_weight=409260 7685 5379 2306 2286 1132 401575 390512 5492 11063 385020 7699 377321 1116
internal_count=409260 7685 5379 2306 2286 1132 401575 390512 5492 11063 385020 7699 377321 1116
is_linear=0
shrinkage=0.05


Tree=44
num_leaves=15
num_cat=0
split_feature=22 22 14 14 11 22 7 20 14 22 22 21 13 12
split_gain=0.0235218 0.141239 0.148799 0.0597838 0.104067 0.0515406 0.053238 0.042224 0.0393863 0.0814804 0.0860483 0.0741416 0.0664538 0.100941
threshold=0.0014908918336350443 0.0014044104034969254 0.0020530128049134348 -0.063250778585040954 -0.69315592758838906 0.0065743017400932144 -0.028632875493702074 -0.011346025100168354 -0.065645517769088488 -0.029506454416010127 -0.024607092819337036 0.10794675763872739 1.4124564858384909 -0.080217533380277525
decision_type=2 2 2 2 2 2 2 2 2 2 2 2 2 2
left_child=1 8 -3 4 -2 -6 -7 -5 9 11 -11 -1 -12 -14
right_child=3 2 -4 7 5 6 -8 -9 -10 10 12 -13 13 -15
leaf_value=3.1440680180821799e-05 0.00024062049918447954 0.00014386570976410236 0.0011836379795752002 -8.6901891558151538e-05 -0.00084461818547560807 -0.00053594289297256425 9.2390442689382169e-05 -1.7702485924540585e-06 3.5210000963764623e-06 0.0005549356668798686 3.1800563572550051e-05 -0.00056222494136489603 -8.3029778742655682e-05 0.00079889793973279962
leaf_weight=1749 788 1046 512 15866 560 815 574 177533 201984 1283 5484 751 562 766
leaf_count=1749 788 1046 512 15866 560 815 574 177533 201984 1283 5484 751 562 766
internal_value=4.70139e-07 1.19279e-05 0.000486102 -1.20392e-05 -0.000244042 -0.000440018 -0.000276406 -8.75466e-06 8.45042e-06 0.000102416 0.000179468 -0.00014705 0.00010868 0.000425891
internal_weight=410273 214137 1558 196136 2737 1949 1389 193399 212579 10595 8095 2500 6812 1328
internal_count=410273 214137 1558 196136 2737 1949 1389 193399 212579 10595 8095 2500 6812 1328
is_linear=0
shrinkage=0.05


Tree=45
num_leaves=15
num_cat=0
split_feature=22 22 20 5 5 22 5 7 22 22 10 12 17 10
split_gain=0.0229673 0.130332 0.137855 0.0990731 0.0475146 0.097142 0.0444331 0.0604695 0.0408236 0.062178 0.144757 0.0564196 0.0552522 0.0561887
threshold=0.0014908918336350443 0.0014044104034969254 -0.000653228120587379 0.0074262101172617497 0.0033701486466856333 0.0018147945473395712 0.0064235267672531123 0.24358907534803853 -0.0097023778574893398 -0.01079344601110732 3.5000000000000004 -0.00078146023536340692 -0.019158457642442225 1.5000000000000002
decision_type=2 2 2 2 2 2 2 2 2 2 2 2 2 2
left_child=1 6 -3 4 -2 -6 8 -8 9 -1 11 -11 -10 -14
right_child=3 2 -4 -5 5 -7 7 -9 12 10 -12 -13 13 -15
leaf_value=-1.0000972655842508e-05 -9.0925861443510119e-09 0.0010957861983278427 0.0001176390053973286 -0.00057103091180044552 -0.00061506087660647205 -5.3964132732508809e-05 0.00025892559102076333 -0.00016547577938120551 0.00051588961796304896 -0.0001781506748603684 0.00046110105723681241 -0.00057120547807015907 6.3745765056420363e-05 -5.5802471765733655e-06
leaf_weight=74648 166341 557 1017 790 792 28321 3596 1094 563 4970 809 1118 46206 79540
leaf_count=74648 166341 557 1017 790 792 28321 3596 1094 563 4970 809 1118 46206 79540
internal_value=-2.27071e-07 1.10972e-05 0.000464257 -1.25828e-05 -1.03227e-05 -6.9249e-05 7.73919e-06 0.000159915 4.30477e-06 -2.32732e-05 -0.0001669 -0.000250413 2.21091e-05 1.98942e-05
internal_weight=410362 214118 1574 196244 195454 29113 212544 4690 207854 81545 6897 6088 126309 125746
internal_count=410362 214118 1574 196244 195454 29113 212544 4690 207854 81545 6897 6088 126309 125746
is_linear=0
shrinkage=0.05


Tree=46
num_leaves=15
num_cat=0
split_feature=11 13 14 14 12 5 12 6 13 12 12 5 5 14
split_gain=0.0228987 0.0403673 0.0311374 0.0413183 0.032132 0.0279229 0.0260918 0.0236322 0.0216865 0.0335124 0.0406915 0.047879 0.0348025 0.029079
threshold=-1.1375198010472147 1.4788177688903794 -0.097787285191703696 -0.11465517671076018 -0.092149037568635614 0.0050051062807924176 -0.050543316940780396 2.6816973080246291 1.2657445772100477 0.025944520620894366 0.036907168746523784 0.0027558358251275916 0.0050051062807924176 0.030606109097598647
decision_type=2 2 2 2 2 2 2 2 2 2 2 2 2 2
left_child=1 5 3 4 -2 7 -5 -1 13 -10 11 -11 -12 -4
right_child=2 -3 8 6 -6 -7 -8 -9 9 10 12 -13 -14 -15
leaf_value=-0.00017502658632249574 0.0002208707401034332 0.00025735963533345357 -1.313977291559974e-06 0.00015035459468143444 -0.00034096024437710055 -0.00047166349210303252 0.00058877547737787046 0.00012913087780864614 -5.7749455341020029e-06 -0.00011297551462096884 1.2964942943669726e-06 -0.00047368012119291468 -0.00025538302971176953 3.9136298697372771e-05
leaf_weight=2966 509 664 295450 705 507 619 655 813 40313 3039 8398 1319 1566 52293
leaf_count=2966 509 664 295450 705 507 619 655 813 40313 3039 8398 1319 1566 52293
internal_value=-8.80587e-08 -0.000105763 1.23381e-06 0.000181667 -5.95514e-05 -0.000160633 0.000361783 -0.000109574 1.67919e-07 -2.91165e-05 -9.48125e-05 -0.000222231 -3.90663e-05 4.76896e-06
internal_weight=409816 5062 404754 2376 1016 4398 1360 3779 402378 54635 14322 4358 9964 347743
internal_count=409816 5062 404754 2376 1016 4398 1360 3779 402378 54635 14322 4358 9964 347743
is_linear=0
shrinkage=0.05


Tree=47
num_leaves=15
num_cat=0
split_feature=19 22 19 22 22 22 21 10 5 14 14 19 19 22
split_gain=0.0219121 0.0987544 0.0904535 0.0881806 0.0804127 0.0829307 0.0769222 0.0643062 0.059992 0.0593418 0.0550054 0.0526381 0.249027 0.100927
threshold=-0.0030796110586879251 -0.00062522156579813959 -0.0027313307792880544 -0.010354081001407609 -0.0072710932400419917 -0.0077841705547757037 -0.31782671475944274 1.5000000000000002 0.0039034315021766949 -0.082294382993790868 -0.028950328728657545 -0.0041530809849009689 -0.0044230765082904347 -0.0053016843219694789
decision_type=2 2 2 2 2 2 2 2 2 2 2 2 2 2
left_child=1 6 -2 7 5 -5 8 -4 -1 -6 -3 12 -8 -13
right_child=2 10 3 4 9 -7 11 -9 -10 -11 -12 13 -14 -15
leaf_value=8.8309460725559115e-05 -0.0001773099760147917 0.00056914648551213969 -4.9776298933767184e-05 8.7325313443014906e-05 -0.00032730558699038746 0.00072094141823272927 -4.7412232165481582e-06 -0.00069598466223332121 0.00042559330399184585 -1.390634576500492e-06 0.00015253039720729871 0.00021728819956168784 -0.00059241066301213654 -7.141783925345037e-05
leaf_weight=8862 7621 969 754 1626 1403 756 99346 786 1548 267292 4332 7080 1835 5287
leaf_count=8862 7621 969 754 1626 1403 756 99346 786 1548 267292 4332 7080 1835 5287
internal_value=4.32223e-07 1.74624e-05 -7.42292e-06 -2.6731e-06 -5.29047e-07 0.000288641 8.42374e-06 -0.000379832 0.000138501 -3.09362e-06 0.000228779 -3.50274e-06 -1.54048e-05 9.38681e-05
internal_weight=409497 129259 280238 272617 271077 2382 123958 1540 10410 268695 5301 113548 101181 12367
internal_count=409497 129259 280238 272617 271077 2382 123958 1540 10410 268695 5301 113548 101181 12367
is_linear=0
shrinkage=0.05


Tree=48
num_leaves=15
num_cat=0
split_feature=22 22 21 18 9 10 22 18 22 22 5 14 22 14
split_gain=0.0225887 0.0643068 0.0415501 0.0304848 0.0291861 0.0274837 0.0262321 0.0598547 0.0495375 0.0828062 0.0762132 0.0446903 0.0560381 0.0424101
threshold=-0.047596385518319843 -0.040136251687286566 -0.068596194582046896 0.11762827890805411 0.48076923076923078 2.5000000000000004 -0.030673863990566704 0.02263944868769378 -0.024607092819337036 -0.022469593315682154 0.002891007507774406 -0.028950328728657545 -0.029506454416010127 0.021667981644880045
decision_type=2 2 2 2 2 2 2 2 2 2 2 2 2 2
left_child=3 2 -2 5 -4 -1 7 -3 10 13 -8 12 -12 -10
right_child=1 6 4 -5 -6 -7 8 -9 9 -11 11 -13 -14 -15
leaf_value=0.00025090935263002555 0.00065658539860562778 4.6966022432153863e-05 0.0003708481885308337 -0.00047896748622842955 -9.1640618062062748e-05 -0.00021830326917640351 -2.446607434610301e-05 -0.00027570045883116922 -0.00023427585858875577 1.3367771845550839e-06 -9.1388768694282855e-05 1.53972186051641e-05 0.00047494683418419287 0.00024165220528400436
leaf_weight=501 550 3026 688 566 675 824 4477 2736 5157 386359 530 1212 2475 514
leaf_count=501 550 3026 688 566 675 824 4477 2736 5157 386359 530 1212 2475 514
internal_value=2.10318e-07 1.00884e-06 0.000290148 -0.000172156 0.00014191 -4.08324e-05 -3.52617e-07 -0.000106269 1.17061e-06 -1.4475e-06 0.000119213 0.000271721 0.000375064 -0.000191104
internal_weight=410290 408399 1913 1891 1363 1325 406486 5762 400724 392030 8694 4217 3005 5671
internal_count=410290 408399 1913 1891 1363 1325 406486 5762 400724 392030 8694 4217 3005 5671
is_linear=0
shrinkage=0.05


Tree=49
num_leaves=15
num_cat=0
split_feature=10 22 22 19 22 5 13 11 21 22 21 11 5 22
split_gain=0.0210332 0.0579413 0.156935 0.0716529 0.125172 0.0835446 0.101818 0.0811178 0.0683146 0.0462057 0.0584737 0.0448567 0.0442488 0.0426445
threshold=2.5000000000000004 0.0086050787755626041 0.0082597950280174377 -0.0030796110586879251 -0.0020910923978917913 0.0032331236693674617 0.95841110250254713 0.054742741757105286 -0.29746448208348264 0.01513710257441925 -0.24553865001054218 -0.45162330976360388 0.0044883630660616106 0.0015767073537181766
decision_type=2 2 2 2 2 2 2 2 2 2 2 2 2 2
left_child=-1 2 3 4 8 -5 7 -7 -2 -3 11 -11 -13 -9
right_child=1 9 -4 5 -6 6 -8 13 -10 10 -12 12 -14 -15
leaf_value=9.2578549350145635e-06 0.00015420548008444445 9.119889110912539e-05 -0.00060317435426607356 -3.7430831942036284e-05 0.00034743426940293993 -0.00024804182652090804 -0.00038537203624144028 0.00029656880874351816 -2.1364479459711687e-05 0.00018991254058223054 2.5765058322652461e-05 -0.00017667581789413902 -0.00065379945294415424 -9.5713174410024939e-05
leaf_weight=245286 6269 20295 1186 55682 2707 2824 4109 1635 47623 659 17074 2742 590 1201
leaf_count=245286 6269 20295 1186 55682 2707 2824 4109 1635 47623 659 17074 2742 590 1201
internal_value=-2.03983e-08 -1.38471e-05 -3.10331e-05 -2.54685e-05 1.57289e-05 -6.10939e-05 -0.000195953 -5.83958e-05 -9.38779e-07 3.73597e-05 -1.45133e-05 -0.000186792 -0.000261331 0.000130469
internal_weight=409882 164596 123236 122050 56599 65451 9769 5660 53892 41360 21065 3991 3332 2836
internal_count=409882 164596 123236 122050 56599 65451 9769 5660 53892 41360 21065 3991 3332 2836
is_linear=0
shrinkage=0.05


Tree=50
num_leaves=15
num_cat=0
split_feature=11 13 22 22 17 19 22 22 22 7 19 12 22 22
split_gain=0.0192984 0.0408383 0.0475241 0.0860274 0.0330112 0.0314281 0.0332552 0.0702559 0.055785 0.0417137 0.0380106 0.0328094 0.0314918 0.0641546
threshold=0.39451390593217833 1.7306976072852798 0.0016829495925761997 0.0061442093152291885 -0.014664681291025437 0.015360004859405698 -0.023533481021522692 -0.026534696288983469 -0.019564548842768866 -0.08567905013257221 -0.0092689585092878262 0.016892342833521038 0.0019066251839331418 0.0023498122824647809
decision_type=2 2 2 2 2 2 2 2 2 2 2 2 2 2
left_child=-1 4 -3 -4 -2 6 7 -6 -8 -9 -10 -7 -12 -14
right_child=1 2 3 -5 5 11 8 9 10 -11 12 -13 13 -15
leaf_value=4.5525970508530464e-06 0.00021945938017174689 -2.8235397995339661e-05 -0.00091323879250436153 -9.6851066121603959e-05 5.5055929828978022e-05 -0.00054082423494277603 0.00030412248968910734 -0.00015475729939986685 -0.00014703614960497242 -0.00076587892884166049 4.3481606494327558e-05 -0.00010346663417507476 -0.00047096699890775091 -2.5182540248033396e-05
leaf_weight=353713 1438 1672 542 796 1305 529 1416 519 4832 605 21248 2250 842 18947
leaf_count=353713 1438 1672 542 796 1305 529 1416 519 4832 605 21248 2250 842 18947
internal_value=2.03678e-07 -2.68111e-05 -0.000206017 -0.00042799 -1.68056e-05 -2.32819e-05 -1.4133e-05 -0.000194524 -4.86248e-06 -0.000484086 -1.44074e-05 -0.000186885 1.21245e-06 -4.4173e-05
internal_weight=410654 56941 3010 1338 53931 52493 49714 2429 47285 1124 45869 2779 41037 19789
internal_count=410654 56941 3010 1338 53931 52493 49714 2429 47285 1124 45869 2779 41037 19789
is_linear=0
shrinkage=0.05


Tree=51
num_leaves=15
num_cat=0
split_feature=20 11 17 5 13 10 11 10 13 11 5 5 5 20
split_gain=0.0179161 0.0387981 0.0596736 0.0534236 0.0389235 0.034774 0.0340897 0.0327328 0.0315607 0.0485903 0.0421707 0.0369506 0.029559 0.0352485
threshold=0.0013062630351876605 0.082620374009967537 -0.0031341101947227608 0.0057102240866864634 0.98235986831360667 3.5000000000000004 0.37919994804134755 2.5000000000000004 0.98684270255706996 -0.43410510532803287 0.0039898664541695517 0.0027926544430243168 0.0026129220282615647 0.0072801115751861553
decision_type=2 2 2 2 2 2 2 2 2 2 2 2 2 2
left_child=7 2 -2 4 12 -4 -5 -1 10 11 -7 -10 -3 -14
right_child=1 3 5 6 -6 8 -8 -9 9 -11 -12 -13 13 -15
leaf_value=6.6449871711311682e-06 0.00052546671464935699 3.8873016691900085e-05 -2.3894876153521027e-05 0.00054980544255792769 -1.5202296052923588e-05 6.4580446990209435e-05 3.8423568165814846e-05 -3.2192949629759024e-05 -0.00010734241052254149 2.2513346506365199e-05 0.00037663016579501197 -0.00063773822239856506 6.4916417896064405e-05 0.00024831032649682601
leaf_weight=134753 523 35897 86596 831 25869 13393 536 90811 917 6992 1177 511 7218 4113
leaf_count=134753 523 35897 86596 831 25869 13393 536 90811 917 6992 1177 511 7218 4113
internal_value=4.62086e-07 1.20146e-05 -6.83721e-06 3.98903e-05 3.40962e-05 -9.38241e-06 0.000349468 -8.99106e-06 4.52801e-05 -3.17808e-05 8.98127e-05 -0.000297454 6.1099e-05 0.000131502
internal_weight=410137 184573 110109 74464 73097 109586 1367 225564 22990 8420 14570 1428 47228 11331
internal_count=410137 184573 110109 74464 73097 109586 1367 225564 22990 8420 14570 1428 47228 11331
is_linear=0
shrinkage=0.05


Tree=52
num_leaves=15
num_cat=0
split_feature=22 22 22 10 21 22 5 11 19 19 19 22 18 11
split_gain=0.0220971 0.0599346 0.0471414 0.0448285 0.0423354 0.0398156 0.035059 0.02733 0.0253936 0.0500429 0.0663298 0.19374 0.0425553 0.0398493
threshold=0.030750262930672626 0.033548887810287871 0.035940183515538189 2.5000000000000004 0.0020982807362436018 0.034711730432517525 0.0034583839719049369 0.12875014424573944 0.017869301610982328 0.015996845199533486 0.015360004859405698 0.021836335811010302 -0.080004106019080312 0.10635412785947453
decision_type=2 2 2 2 2 2 2 2 2 2 2 2 2 2
left_child=8 4 5 -4 -2 -3 -7 -6 9 10 -1 -12 -13 -10
right_child=1 2 3 -5 7 6 -8 -9 13 -11 11 12 -14 -15
leaf_value=8.45995886595439e-07 0.00068930499950087178 2.7871666274177948e-05 -0.00020234609211357545 0.00023315583500983355 2.4438925350339453e-05 -0.00014077104059539492 -0.00070307327529632526 0.00042857083890967412 9.4646305821015086e-06 0.00016234783631713357 -0.00073173878954258919 -0.00031756683940907109 0.00021793870453057845 -0.0001809886193755672
leaf_weight=383635 531 1138 797 2277 1085 622 500 680 6142 4744 1191 500 1429 4967
leaf_count=383635 531 1138 797 2277 1085 622 500 680 6142 4744 1191 500 1429 4967
internal_value=4.40655e-07 8.47294e-05 -7.22351e-06 0.000120214 0.000298262 -0.000180537 -0.000391754 0.000180293 -1.15695e-06 9.584e-07 -1.02164e-06 -0.000230593 7.90422e-05 -7.56985e-05
internal_weight=410238 7630 5334 3074 2296 2260 1122 1765 402608 391499 386755 3120 1929 11109
internal_count=410238 7630 5334 3074 2296 2260 1122 1765 402608 391499 386755 3120 1929 11109
is_linear=0
shrinkage=0.05


Tree=53
num_leaves=15
num_cat=0
split_feature=20 17 12 22 22 11 21 22 22 22 10 14 21 22
split_gain=0.0199302 0.0332156 0.0317508 0.0326657 0.207222 0.092912 0.0498863 0.0432582 0.0703903 0.0667743 0.0836571 0.041442 0.0392429 0.0314746
threshold=-0.0026951937327683857 -0.0034399315240212221 -0.05615145605568133 -0.0099168196713678141 -0.010559555949042286 -0.058783973110554277 -0.2407883677730345 -0.011470086718440129 -0.010939871754435336 -0.016139116122013072 1.0000000180025095e-35 -0.082294382993790868 -0.29746448208348264 -0.0069106714129071869
decision_type=2 2 2 2 2 2 2 2 2 2 2 2 2 2
left_child=2 13 -1 4 5 7 -6 9 -9 -4 -11 -5 -7 -2
right_child=1 -3 3 11 6 12 -8 8 -10 10 -12 -13 -14 -15
leaf_value=0.00013496647028645042 0.00029014815603259104 5.0884091178811e-06 0.0001490683109649242 -0.00036954994643646853 -0.00040656875322068694 1.3246804791192682e-05 -0.0010948339405963232 0.0007931271134031852 -3.0307266999248011e-05 -0.00049758899053715152 2.4643710848222063e-05 -4.2219145039257849e-06 -0.00016643533264180214 4.9820871340743103e-05
leaf_weight=3418 1896 266019 5686 781 523 4149 533 517 520 1064 2739 106001 11353 4836
leaf_count=3418 1896 266019 5686 781 523 4149 533 517 520 1064 2739 106001 11353 4836
internal_value=4.37059e-08 7.86434e-06 -1.5494e-05 -1.93367e-05 -6.83782e-05 -4.05064e-05 -0.000754667 7.41325e-05 0.000380587 4.06052e-05 -0.000121558 -6.89735e-06 -0.000118347 0.00011754
internal_weight=410035 272751 137284 133866 27084 26028 1056 10526 1037 9489 3803 106782 15502 6732
internal_count=410035 272751 137284 133866 27084 26028 1056 10526 1037 9489 3803 106782 15502 6732
is_linear=0
shrinkage=0.05


Tree=54
num_leaves=15
num_cat=0
split_feature=22 22 22 17 22 10 13 11 22 22 20 14 19 22
split_gain=0.020211 0.0573848 0.0416133 0.0387043 0.0358455 0.0356082 0.030476 0.0300407 0.0236225 0.112081 0.136782 0.0484713 0.132379 0.0562955
threshold=0.030750262930672626 0.033548887810287871 0.035940183515538189 -0.0015005647373114159 0.034711730432517525 2.5000000000000004 1.1613857822202649 0.12875014424573944 0.0014908918336350443 0.0014044104034969254 -0.000653228120587379 -0.063250778585040954 0.0068680969600070094 0.0071253456274125168
decision_type=2 2 2 2 2 2 2 2 2 2 2 2 2 2
left_child=8 3 4 -2 -3 -4 -6 -5 9 -1 -11 12 13 -10
right_child=1 2 5 7 6 -7 -8 -9 11 10 -12 -13 -14 -15
leaf_value=6.5375895915464421e-06 0.00066948473464275378 2.7696426063897735e-05 -0.00017576188309664076 6.2450008064222697e-06 -0.000133751583991819 0.00021251089521877464 -0.00065681475909404883 0.00042977309359081917 -0.00030882722671594459 0.0010705680771173596 9.0300648550440267e-05 -1.1641036937507968e-05 0.00019890516094516711 -0.00095067659176144054
leaf_weight=212123 521 1118 799 1031 612 2255 511 704 997 544 1026 186076 1059 520
leaf_count=212123 521 1118 799 1031 612 2255 511 704 997 544 1026 186076 1059 520
internal_value=-2.08319e-07 8.08308e-05 -9.15247e-06 0.000291939 -0.000172742 0.000110905 -0.000372134 0.000178246 -1.72942e-06 9.65389e-06 0.000430425 -1.46237e-05 -0.000229985 -0.000529323
internal_weight=409896 7551 5295 2256 2241 3054 1123 1735 402345 213693 1570 188652 2576 1517
internal_count=409896 7551 5295 2256 2241 3054 1123 1735 402345 213693 1570 188652 2576 1517
is_linear=0
shrinkage=0.05


Tree=55
num_leaves=15
num_cat=0
split_feature=22 22 21 9 18 10 22 18 22 11 22 4 20 14
split_gain=0.0203323 0.0557506 0.0348498 0.0288126 0.0281262 0.0259542 0.022972 0.0529625 0.0437829 0.0986781 0.0678266 0.0552723 0.0432857 0.0411043
threshold=-0.047596385518319843 -0.040136251687286566 -0.078162014437864705 0.49358974358974367 0.14361775996864196 2.5000000000000004 -0.030673863990566704 0.02263944868769378 -0.024607092819337036 -0.43410510532803287 -0.022469593315682154 0.0033862024078620107 0.011990161018267333 0.021667981644880045
decision_type=2 2 2 2 2 2 2 2 2 2 2 2 2 2
left_child=4 2 -2 -4 5 -1 7 -3 9 11 13 -8 -11 -10
right_child=1 6 3 -5 -6 -7 8 -9 10 12 -12 -13 -14 -15
leaf_value=0.00022917845306703535 0.00062273457680357637 4.581577550934633e-05 0.00035088643232129174 -0.00010024386932658662 -0.00048354828897522064 -0.00021575763120986735 0.00020719477085804602 -0.00025861278553955221 -0.00021695393142401266 5.7618024307081226e-05 8.0846226574576189e-07 0.00075188496622443897 -0.00042139163166104803 0.0002530325175088777
leaf_weight=526 510 2980 760 661 503 866 1161 2743 5107 6267 386004 778 509 511
leaf_count=526 510 2980 760 661 503 866 1161 2743 5107 6267 386004 778 509 511
internal_value=-1.41571e-07 6.17573e-07 0.000268572 0.000141113 -0.000163499 -4.75842e-05 -6.57328e-07 -0.000100115 7.64707e-07 0.000111602 -1.70209e-06 0.00042602 2.15789e-05 -0.000174168
internal_weight=409886 407991 1931 1421 1895 1392 406060 5723 400337 8715 391622 1939 6776 5618
internal_count=409886 407991 1931 1421 1895 1392 406060 5723 400337 8715 391622 1939 6776 5618
is_linear=0
shrinkage=0.05


Tree=56
num_leaves=15
num_cat=0
split_feature=10 22 22 19 22 19 22 21 9 19 10 12 12 11
split_gain=0.019538 0.0539453 0.139635 0.0680688 0.117679 0.0643378 0.0639781 0.0600809 0.0551202 0.0482465 0.0790837 0.0441159 0.0514762 0.044354
threshold=2.5000000000000004 0.0086050787755626041 0.0082597950280174377 -0.0030796110586879251 -0.0020910923978917913 -0.0027313307792880544 -0.0005636631715741357 -0.31782671475944274 0.26282051282051283 0.0027498508657504144 3.5000000000000004 0.0037363501819520644 -0.025149236006650252 0.55869796176432795
decision_type=2 2 2 2 2 2 2 2 2 2 2 2 2 2
left_child=-1 2 3 4 7 -5 9 -2 -6 -7 -11 12 -8 -13
right_child=1 -3 -4 5 8 6 11 -9 -10 10 -12 13 -14 -15
leaf_value=8.8617146179117939e-06 0.0001549170859676779 3.6025186540738512e-05 -0.0005682580606049427 -0.00025977132560233834 0.00071820324133880478 3.8547116679513694e-06 -0.00029408210531796863 -1.8645442693186337e-05 0.0002036591469639315 0.00079760251725537971 8.231649334829134e-05 -0.00011515268541459621 -1.3037281796989325e-05 -0.00043698726082493284
leaf_weight=245054 5558 41369 1192 3772 699 15252 1755 48384 2035 515 1540 19187 22579 1133
leaf_count=245054 5558 41369 1192 3772 699 15252 1755 48384 2035 515 1540 19187 22579 1133
internal_value=-9.3501e-08 -1.3396e-05 -2.99373e-05 -2.46906e-05 1.54634e-05 -5.93116e-05 -4.71043e-05 -7.5961e-07 0.000335427 3.45048e-05 0.000261874 -7.87344e-05 -3.33179e-05 -0.000133118
internal_weight=410024 164970 123601 122409 56676 65733 61961 53942 2734 17307 2055 44654 24334 20320
internal_count=410024 164970 123601 122409 56676 65733 61961 53942 2734 17307 2055 44654 24334 20320
is_linear=0
shrinkage=0.05


Tree=57
num_leaves=15
num_cat=0
split_feature=11 13 22 20 19 22 22 5 17 11 19 19 19 22
split_gain=0.0168937 0.0337588 0.0288414 0.0208258 0.0416195 0.0207675 0.0453556 0.0412281 0.0357717 0.0299296 0.0277702 0.0432786 0.0512991 0.163376
threshold=-1.1375198010472147 1.4788177688903794 -0.019282831398915953 0.027716745285560011 -0.0075154728810680185 0.030750262930672626 0.033548887810287871 0.0055368895207732758 -0.0015005647373114159 0.12875014424573944 0.017869301610982328 0.015996845199533486 0.015360004859405698 0.021836335811010302
decision_type=2 2 2 2 2 2 2 2 2 2 2 2 2 2
left_child=1 2 -1 5 -5 10 8 -8 -7 -10 11 12 -2 -14
right_child=3 -3 -4 4 -6 6 7 -9 9 -11 -12 -13 13 -15
leaf_value=-0.00048058125898580535 1.3943802030603736e-06 0.0002446395395579723 -9.2396405064193763e-05 0.0005558731922007163 -3.7863694113664088e-05 0.00063359962695534581 5.0761020568914841e-05 -0.0004043288656267256 -1.179053717730745e-05 0.00040762751384719546 -7.952930790166413e-05 0.00015246665657239018 -0.00069881508359783415 7.0534772117014381e-05
leaf_weight=547 377479 650 3780 503 712 520 4671 556 1029 724 10838 4696 1077 1917
leaf_count=547 377479 650 3780 503 712 520 4671 556 1029 724 10838 4696 1077 1917
internal_value=4.5785e-07 -9.10906e-05 -0.000141569 1.58387e-06 0.000208193 9.61237e-07 8.33803e-05 2.28468e-06 0.000269785 0.000161565 -5.99909e-07 1.62123e-06 -2.40979e-07 -0.000206356
internal_weight=409699 4977 4327 404722 1215 403507 7500 5227 2273 1753 396007 385169 380473 2994
internal_count=409699 4977 4327 404722 1215 403507 7500 5227 2273 1753 396007 385169 380473 2994
is_linear=0
shrinkage=0.05


Tree=58
num_leaves=15
num_cat=0
split_feature=20 12 19 19 19 19 17 21 4 19 19 17 7 19
split_gain=0.0180165 0.0328635 0.0298341 0.114298 0.124029 0.084007 0.0871088 0.0785189 0.0640094 0.0742093 0.0435898 0.0412352 0.0385043 0.0362895
threshold=-0.0060458426126138711 -0.05615145605568133 -0.015750767264155471 -0.011619743008824955 -0.010193857073352129 -0.010465675137617479 0.0064460478152211795 -0.09976400137289794 0.0039743307144292682 -0.015172678456829179 -0.032174949540690993 -0.002587381879347594 0.44668632084084831 -0.003197197122793038
decision_type=2 2 2 2 2 2 2 2 2 2 2 2 2 2
left_child=1 -1 7 8 5 6 11 10 -4 -10 -2 -5 -9 -6
right_child=2 -3 3 4 13 -7 -8 12 9 -11 -12 -13 -14 -15
leaf_value=0.00016177495979006291 0.00059895556819018184 -2.5868298052022099e-05 0.00010536547286338659 7.1083376847008362e-05 4.3765294888832264e-05 -0.00063269294967967194 0.00037679393726746475 -7.6794721139707042e-05 0.00090998251404839504 0.00020732977414181892 9.5394268272990088e-05 -0.00026342147913596556 -0.00040722034748261264 -1.266300355579837e-06
leaf_weight=2401 524 81711 13708 1144 55701 966 741 16049 545 1208 2372 4724 932 227314
leaf_count=2401 524 81711 13708 1144 55701 966 741 16049 545 1208 2372 4724 932 227314
internal_value=1.20933e-07 -2.05101e-05 5.44522e-06 9.30046e-06 2.25216e-06 -0.000197401 -0.000133691 -5.39123e-05 0.000141765 0.000426176 0.000186684 -0.000198207 -9.4953e-05 7.59662e-06
internal_weight=410040 84112 325928 306051 290590 7575 6609 19877 15461 1753 2896 5868 16981 283015
internal_count=410040 84112 325928 306051 290590 7575 6609 19877 15461 1753 2896 5868 16981 283015
is_linear=0
shrinkage=0.05


Tree=59
num_leaves=15
num_cat=0
split_feature=11 13 22 22 22 19 22 14 20 18 13 14 19 22
split_gain=0.0190185 0.0429417 0.0486972 0.0795391 0.0223919 0.051631 0.0476825 0.0467126 0.0464558 0.0458753 0.0417928 0.0354977 0.0280811 0.0467056
threshold=0.41254077446040494 1.7306976072852798 0.0016829495925761997 0.0073409108528471609 0.0019066251839331418 -0.0040816337114733528 0.0024915639828730911 -0.004767713993017785 0.0094723532658663751 -0.28647491776494211 0.8620934319977368 -0.009561633077447949 -0.017798949852377007 -0.021228611705014552
decision_type=2 2 2 2 2 2 2 2 2 2 2 2 2 2
left_child=-1 4 -3 -4 5 8 -6 10 9 -2 -8 -10 -11 -14
right_child=1 2 3 -5 6 -7 7 -9 11 12 -12 -13 13 -15
leaf_value=3.8654507389178673e-06 0.00015031721565594036 -2.4523103404794475e-05 -0.00088072659344291544 -9.8643647753697669e-05 -0.00039757212203932391 8.5747832889266295e-05 -0.00066387120163444407 -1.846049260848817e-05 0.00051074264968003656 0.00012930185664318419 -0.00011076969339697633 2.6208536855421694e-05 -0.00044458510641367334 -0.00010516523792734428
leaf_weight=357890 1860 1523 575 747 976 12808 533 18682 591 1055 949 1046 1132 9626
leaf_count=357890 1860 1523 575 747 976 12808 533 18682 591 1055 949 1046 1132 9626
internal_value=-2.43478e-07 -2.84668e-05 -0.000217308 -0.000439217 -1.75557e-05 1.16749e-05 -5.64336e-05 -3.99026e-05 -5.02944e-05 -8.04342e-05 -0.000310006 0.000201343 -0.000116777 -0.000140918
internal_weight=409993 52103 2845 1322 49258 28118 21140 20164 15310 13673 1482 1637 11813 10758
internal_count=409993 52103 2845 1322 49258 28118 21140 20164 15310 13673 1482 1637 11813 10758
is_linear=0
shrinkage=0.05


Tree=60
num_leaves=15
num_cat=0
split_feature=19 22 18 19 5 14 22 11 19 19 19 19 22 10
split_gain=0.0184551 0.0503966 0.0712756 0.0326703 0.0273782 0.0301303 0.021878 0.106996 0.0689571 0.0912461 0.0776918 0.126214 0.248676 0.122689
threshold=-0.037379997386896562 -0.040136251687286566 1.0000000180025095e-35 -0.028811006006034808 0.0051172428532807327 -0.058475270224890623 -0.024607092819337036 -0.6683000586672263 -0.015750767264155471 -0.019340890612886571 -0.011619743008824955 -0.010193857073352129 -0.011706895888610789 2.5000000000000004
decision_type=2 2 2 2 2 2 2 2 2 2 2 2 2 2
left_child=-1 2 -2 4 5 -3 7 -5 9 -8 -10 12 -12 -14
right_child=1 3 -4 6 -6 -7 8 -9 10 -11 11 -13 13 -15
leaf_value=-0.0001557827429593677 0.00066414835270871817 -0.00058830558473313584 2.4704816171780455e-05 0.00060988483821076674 0.00012632274632598894 -0.0001423451325256547 0.00022485827602403922 2.6091625091991127e-05 0.00010419545413094472 -0.00019038964279851934 -7.2669353619265148e-06 2.1127321007565869e-06 -0.00030551527501635633 -0.00093092318200112744
leaf_weight=1894 687 557 1189 842 525 1182 1554 11381 17697 8868 7481 352880 2312 1187
leaf_count=1894 687 557 1189 842 525 1182 1554 11381 17697 8868 7481 352880 2312 1187
internal_value=-1.07919e-07 6.14522e-07 0.000259101 -5.79129e-07 -0.000189944 -0.000285442 4.82001e-07 6.63537e-05 -1.57223e-06 -0.000128457 1.89389e-06 -3.08201e-06 -0.000170018 -0.000517884
internal_weight=410236 408342 1876 406466 2264 1739 404202 12223 391979 10422 381557 363860 10980 3499
internal_count=410236 408342 1876 406466 2264 1739 404202 12223 391979 10422 381557 363860 10980 3499
is_linear=0
shrinkage=0.05


Tree=61
num_leaves=15
num_cat=0
split_feature=18 19 17 13 19 11 22 22 17 4 14 11 14 11
split_gain=0.0179022 0.0862801 0.0480637 0.0786968 0.0299684 0.0547673 0.0185593 0.12684 0.0926618 0.0450696 0.0579803 0.039177 0.0815639 0.0417439
threshold=0.32664331328827995 -0.020707881803070146 0.010531169028910605 1.3258309960940868 0.010483984956173533 -0.122215427808129 0.0014908918336350443 0.0014044104034969254 0.00076219227737794892 0.0035844100643189309 -0.065645517769088488 0.42709418477630862 0.022061744108157869 0.043193277812996339
decision_type=2 2 2 2 2 2 2 2 2 2 2 2 2 2
left_child=2 -2 6 4 -4 -6 7 -1 -9 -8 -11 13 -13 -12
right_child=1 -3 3 -5 5 -7 9 8 -10 10 11 12 -14 -15
leaf_value=7.481589098012014e-06 -0.00048792937912338911 -2.166842526312949e-05 0.00014225344927791287 0.00059041431737591119 -0.00047744464083368662 8.3105892947051815e-05 -3.9080409082057336e-06 0.0010209242081766527 0.00017992744920506063 -0.00051477158515388934 -0.00010383289125165591 -0.000822274128158119 -0.00010405690646220829 9.5356560719491129e-05
leaf_weight=192653 1033 24538 4597 819 625 1433 168154 509 917 779 7482 502 1848 4055
leaf_count=192653 1033 24538 4597 819 625 1433 168154 509 917 779 7482 502 1848 4055
internal_value=-1.3226e-08 -4.05225e-05 2.68181e-06 0.000128229 7.12703e-05 -8.72785e-05 1.91839e-07 1.09604e-05 0.00048062 -1.12399e-05 -9.52984e-05 -7.17325e-05 -0.000257765 -3.382e-05
internal_weight=409944 25571 384373 7474 6655 2058 376899 194079 1426 182820 14666 13887 2350 11537
internal_count=409944 25571 384373 7474 6655 2058 376899 194079 1426 182820 14666 13887 2350 11537
is_linear=0
shrinkage=0.05


Tree=62
num_leaves=15
num_cat=0
split_feature=16 13 12 15 12 13 11 14 13 5 22 19 19 22
split_gain=0.0149667 0.0230813 0.0206613 0.02491 0.0184022 0.0256217 0.0276229 0.0224695 0.0221689 0.0255028 0.0201957 0.085468 0.207286 0.124665
threshold=0.81250000000000011 0.35469189182646699 0.051283632231542427 0.90625000000000011 0.039859043505194543 0.74580545937676079 -0.20794419077289256 0.014347849044673901 1.4667336602807277 0.0034583839719049369 -0.014847204805669976 -0.010193857073352129 -0.011357258456344608 -0.01417345423498245
decision_type=2 2 2 2 2 2 2 2 2 2 2 2 2 2
left_child=4 -2 -3 -4 10 -6 7 -7 9 -9 -1 12 -12 -13
right_child=1 2 3 -5 5 6 -8 8 -10 -11 11 13 -14 -15
leaf_value=3.6342245212320371e-05 0.00026928584139380475 -1.3463442669714096e-05 -5.1805743797455198e-06 -0.00026237937744586241 0.00019497835760669862 0.00012455989045096914 7.3388940792798262e-05 -9.5425021288871384e-05 4.8943027249027669e-05 -0.0004404593567214855 4.3481819755992897e-05 -0.00042463948461385803 -0.00045969442657491994 6.1022817288726817e-06
leaf_weight=38426 705 107037 1900 1865 2768 1056 10467 1390 1056 871 5106 1691 3415 232502
leaf_count=38426 705 107037 1900 1865 2768 1056 10467 1390 1056 871 5106 1691 3415 232502
internal_value=-6.6174e-08 -1.56978e-05 -1.75135e-05 -0.00013262 5.76833e-06 5.53527e-05 2.9298e-05 -7.62287e-05 -0.00014017 -0.000228478 2.66264e-06 -2.66957e-06 -0.000158209 2.99029e-06
internal_weight=410255 111507 110802 3765 298748 17608 14840 4373 3317 2261 281140 242714 8521 234193
internal_count=410255 111507 110802 3765 298748 17608 14840 4373 3317 2261 281140 242714 8521 234193
is_linear=0
shrinkage=0.05


Tree=63
num_leaves=15
num_cat=0
split_feature=22 22 21 19 18 18 10 12 13 4 18 3 22 13
split_gain=0.0182905 0.0436872 0.0268547 0.026354 0.0287051 0.0226653 0.0228708 0.0205427 0.0363418 0.0321831 0.0251708 0.0239611 0.0270652 0.0209872
threshold=-0.047596385518319843 -0.040136251687286566 -0.068596194582046896 -0.028811006006034808 -0.11592101189898839 0.13229967935501194 2.5000000000000004 -0.048469418041584882 0.84713205815582138 0.0063359470259101583 0.31281082079226274 -0.030329830172448887 0.0014908918336350443 1.2657445772100477
decision_type=2 2 2 2 2 2 2 2 2 2 2 2 2 2
left_child=5 2 -2 4 -3 6 -1 8 -5 10 -10 12 -9 -13
right_child=1 3 -4 7 -6 -7 -8 11 9 -11 -12 13 -14 -15
leaf_value=0.00021421825478447527 0.00053408924036300724 8.5942444704665709e-05 0.00011958418432748727 0.00026753920590185477 -0.00029702411211981241 -0.00043859704366974446 -0.0002067272642117345 3.0013659515609245e-05 2.8745457379724694e-05 0.00031642996561523752 -0.00023287061244693839 2.8298628305535528e-06 -0.00039453652901876712 -3.2242493596724529e-05
leaf_weight=513 546 724 1371 1865 1506 515 866 690 7649 868 1044 342366 822 48724
leaf_count=513 546 724 1371 1865 1506 515 866 690 7649 868 1044 342366 822 48724
internal_value=-9.26428e-07 -2.0692e-07 0.00023786 -1.33087e-06 -0.000172706 -0.000155905 -5.00901e-05 -3.8455e-07 6.57004e-05 2.63052e-05 -2.69692e-06 -2.308e-06 -0.000200902 -1.5397e-06
internal_weight=410069 408175 1917 406258 2230 1894 1379 404028 11426 9561 8693 392602 1512 391090
internal_count=410069 408175 1917 406258 2230 1894 1379 404028 11426 9561 8693 392602 1512 391090
is_linear=0
shrinkage=0.05


Tree=64
num_leaves=15
num_cat=0
split_feature=20 19 22 19 22 19 19 22 19 22 5 21 19 20
split_gain=0.0163473 0.0461406 0.0872384 0.0820439 0.127855 0.0705999 0.111076 0.0609488 0.111378 0.0743205 0.0733303 0.0580263 0.050667 0.0477831
threshold=0.001440362983235133 0.0024502386501124023 0.0022589506858305968 -0.00082124896432889105 -0.0084369770417030959 -0.0018869546834343607 -0.0020108370170823227 0.0014044104034969254 0.0045682879512266581 -0.0001493420582179272 0.0021273077781004709 -0.2407883677730345 -0.0043087394022177086 -0.011346025100168354
decision_type=2 2 2 2 2 2 2 2 2 2 2 2 2 2
left_child=1 3 7 5 -5 6 11 9 -9 -3 -10 12 -1 -4
right_child=-2 2 13 4 -6 -7 -8 8 10 -11 -12 -13 -14 -15
leaf_value=0.00010400073399380135 1.1111955067862101e-05 0.00049051240074255472 -8.3073257930661322e-05 -0.00073091050127712753 -7.5660553747105899e-05 0.00011325236461336827 -0.0004676446332688921 8.3127588981004815e-05 0.0003466868767983244 9.1461620009804627e-06 0.0011924353488128917 -3.718448782831867e-05 -6.4016317906549642e-05 1.8975248148389275e-05
leaf_weight=16166 181352 957 13609 758 38917 11558 1354 1306 503 4920 524 59022 6210 72986
leaf_count=16166 181352 957 13609 758 38917 11558 1354 1306 503 4920 524 59022 6210 72986
internal_value=-1.00031e-07 -8.9873e-06 1.77061e-05 -2.7875e-05 -8.81974e-05 -2.49748e-06 -1.86655e-05 0.000173466 0.000389634 8.76011e-05 0.000778948 -1.11914e-05 5.73703e-05 2.93685e-06
internal_weight=410142 228790 94805 133985 39675 94310 82752 8210 2333 5877 1027 81398 22376 86595
internal_count=410142 228790 94805 133985 39675 94310 82752 8210 2333 5877 1027 81398 22376 86595
is_linear=0
shrinkage=0.05


Tree=65
num_leaves=15
num_cat=0
split_feature=11 12 11 5 14 11 22 20 19 19 10 14 12 12
split_gain=0.0172333 0.031987 0.0232672 0.0465703 0.0227325 0.0354205 0.0287725 0.0219961 0.036697 0.0309652 0.0299649 0.02976 0.0287362 0.0270418
threshold=0.52745525037557928 -0.050543316940780396 0.69563235694769743 0.0046356728860273465 0.052929873191470918 -0.24027364507739477 0.0033170525759482765 0.0036071649225125628 0.00091289866929344942 0.0032210678650139717 2.5000000000000004 0.086964094139310846 0.012252749417519861 0.040666553888151442
decision_type=2 2 2 2 2 2 2 2 2 2 2 2 2 2
left_child=4 -2 3 -3 -1 6 -6 9 12 11 -10 -7 -9 -14
right_child=1 2 -4 -5 5 7 -8 8 10 -11 -12 -13 13 -15
leaf_value=1.662375171629558e-08 0.00025277539329265322 -7.0358016515707374e-05 -5.1468728984836486e-06 -0.00046684451996001553 0.0002038050655509987 -2.645187639520635e-06 -0.00021914448010980749 8.3987200423705038e-05 -6.6921663131473783e-05 0.00010355379520695342 0.0001959285505652729 -0.00035486314494449555 0.00070722391109946745 0.00023065442464215177
leaf_weight=360301 930 12842 16665 785 517 2490 1798 690 1969 6004 2411 789 650 551
leaf_count=360301 930 12842 16665 785 517 2490 1798 690 1969 6004 2411 789 650 551
internal_value=-2.0093e-07 -3.59028e-05 -4.47736e-05 -9.32307e-05 2.74673e-06 5.7792e-05 -0.000124642 8.4951e-05 0.000157287 3.60738e-05 7.77777e-05 -8.7479e-05 0.00034131 0.000488955
internal_weight=409392 31222 30292 13627 378170 17869 2315 15554 6271 9283 4380 3279 1891 1201
internal_count=409392 31222 30292 13627 378170 17869 2315 15554 6271 9283 4380 3279 1891 1201
is_linear=0
shrinkage=0.05


Tree=66
num_leaves=15
num_cat=0
split_feature=22 22 14 5 5 22 5 20 14 11 22 13 20 5
split_gain=0.0185327 0.0860024 0.10382 0.0785159 0.0349399 0.0767489 0.0335397 0.0355995 0.062895 0.0610604 0.0875983 0.0631036 0.0690994 0.0568493
threshold=0.0014908918336350443 0.0014044104034969254 0.0020530128049134348 0.0074262101172617497 0.0033701486466856333 0.0018147945473395712 0.0026475968570767714 0.00065595862965062157 -0.063250778585040954 -0.16658267822347633 -0.021228611705014552 1.5100001470183952 0.0062767074160771106 0.0064235267672531123
decision_type=2 2 2 2 2 2 2 2 2 2 2 2 2 2
left_child=1 6 -3 4 -2 -6 -1 8 13 -9 -11 -12 -13 -8
right_child=3 2 -4 -5 5 -7 7 9 -10 10 11 12 -14 -15
leaf_value=-6.0875707788098732e-06 1.0594543220823058e-07 9.3061613670303466e-05 0.00096263526505122672 -0.00050980959580382583 -0.00052936572808054752 -4.5233385731624802e-05 9.3136099998311576e-05 -1.891105329530459e-05 -2.1615964541246951e-05 -6.2135378801145088e-05 0.00015471418235006151 0.00016756085021383236 0.00096785141387208465 0.00054714953873173991
leaf_weight=142460 166144 1034 513 784 842 28326 3938 11283 32709 4796 15021 565 516 835
leaf_count=142460 166144 1034 513 784 842 28326 3938 11283 32709 4796 15021 565 516 835
internal_value=3.38713e-07 1.05254e-05 0.000381856 -1.07609e-05 -8.75507e-06 -5.92266e-05 7.81552e-06 3.62469e-05 3.12734e-06 7.48207e-05 0.000125426 0.000181291 0.00055011 0.00017266
internal_weight=409766 213670 1547 196096 195312 29168 212123 69663 37482 32181 20898 16102 1081 4773
internal_count=409766 213670 1547 196096 195312 29168 212123 69663 37482 32181 20898 16102 1081 4773
is_linear=0
shrinkage=0.05


Tree=67
num_leaves=15
num_cat=0
split_feature=10 22 22 19 22 5 13 11 20 20 9 22 20 11
split_gain=0.0172969 0.0513038 0.12798 0.0551002 0.102621 0.0752291 0.0784495 0.0689218 0.0577907 0.0495975 0.0437576 0.0432624 0.0802608 0.0758753
threshold=2.5000000000000004 0.0086050787755626041 0.0082597950280174377 -0.0030796110586879251 -0.0020910923978917913 0.0030390008241885156 0.95841110250254713 0.054742741757105286 -0.021440315337721335 0.022708415311387901 0.27564102564102572 0.01513710257441925 -0.011346025100168354 -0.42539974960143839
decision_type=2 2 2 2 2 2 2 2 2 2 2 2 2 2
left_child=-1 2 3 4 8 -5 7 -7 -2 -10 -6 -3 13 -13
right_child=1 11 -4 5 10 6 -8 -9 9 -11 -12 12 -14 -15
leaf_value=7.9181604928759025e-06 0.00042309672097876592 8.7383458801176914e-05 -0.00054941292432319285 -3.0394284281341784e-05 0.00064630642821898547 -0.00021416828092941508 -0.0003262945911379882 0.0001005224107002146 -1.5448153334861388e-05 0.00037205182492471001 0.00019091272945505084 0.00019751104935619631 3.0601520365300451e-05 -0.0003423813661621484
leaf_weight=245324 783 20245 1170 53849 723 3624 4770 3345 52348 838 1949 834 17375 2952
leaf_count=245324 783 20245 1170 53849 723 3624 4770 3345 52348 838 1949 834 17375 2952
internal_value=-4.97888e-07 -1.30257e-05 -2.91855e-05 -2.42013e-05 1.19235e-05 -5.53979e-05 -0.000170082 -6.31294e-05 -3.05422e-06 -9.33581e-06 0.000314331 3.51334e-05 -1.48567e-05 -0.00022343
internal_weight=410129 164805 123399 122229 56641 65588 11739 6969 53969 53186 2672 41406 21161 3786
internal_count=410129 164805 123399 122229 56641 65588 11739 6969 53969 53186 2672 41406 21161 3786
is_linear=0
shrinkage=0.05


Tree=68
num_leaves=15
num_cat=0
split_feature=19 22 18 19 17 19 22 22 19 22 19 11 11 10
split_gain=0.0174277 0.0421794 0.0618719 0.0267103 0.0911916 0.0618098 0.11926 0.194268 0.100613 0.224243 0.107927 0.0665945 0.05901 0.0693829
threshold=-0.037379997386896562 -0.040136251687286566 1.0000000180025095e-35 -0.016125802878148739 -0.0065762363881127208 -0.011619743008824955 -0.018327769648685484 -0.018016745319459068 -0.010193857073352129 -0.011706895888610789 -0.010987139204373884 -0.10250139902569017 0.012619566812382682 3.5000000000000004
decision_type=2 2 2 2 2 2 2 2 2 2 2 2 2 2
left_child=-1 2 -2 4 -3 6 12 -8 9 -7 11 -11 13 -5
right_child=1 3 -4 5 -6 8 7 -9 -10 10 -12 -13 -14 -15
leaf_value=-0.00015085133328195555 0.0006131239575834248 0.00016112946466174372 2.0599626733969e-05 -5.8358473420608433e-05 -0.00010546395136364643 1.6415885456458204e-06 0.00098081127158160925 0.00014523930647626645 2.0024372696808151e-06 0.0001031068589249519 -0.0007874285276021362 -0.00049293127679520714 -0.00016591172164564778 0.00029061208149752383
leaf_weight=1915 689 3945 1219 3866 17145 7565 748 9772 353073 842 1586 1055 4661 2254
leaf_count=1915 689 3945 1219 3866 17145 7565 748 9772 353073 842 1586 1055 4661 2254
internal_value=-4.06788e-07 2.98984e-07 0.000234776 -8.02129e-07 -5.55909e-05 2.19601e-06 8.49793e-05 0.000204738 -2.64702e-06 -0.000151221 -0.000483142 -0.00022846 -3.18886e-05 7.01941e-05
internal_weight=410335 408420 1908 406512 21090 385422 21301 10520 364121 11048 3483 1897 10781 6120
internal_count=410335 408420 1908 406512 21090 385422 21301 10520 364121 11048 3483 1897 10781 6120
is_linear=0
shrinkage=0.05


Tree=69
num_leaves=15
num_cat=0
split_feature=22 22 21 22 10 22 9 19 22 11 10 17 19 20
split_gain=0.0161158 0.0450511 0.0361159 0.0327399 0.0334555 0.0309219 0.0255729 0.0211705 0.0402121 0.0384876 0.0398473 0.0363103 0.0358769 0.0900109
threshold=0.030750262930672626 0.033548887810287871 0.0020982807362436018 0.035940183515538189 2.5000000000000004 0.034711730432517525 0.49358974358974367 0.017869301610982328 0.022426848011473436 0.13524279393309308 1.0000000180025095e-35 -0.0046475985227188423 0.014578077773026667 0.010659152853191302
decision_type=2 2 2 2 2 2 2 2 2 2 2 2 2 2
left_child=7 2 -2 5 -5 -3 -7 8 12 -9 -11 -10 -1 -14
right_child=1 3 -4 4 -6 6 -8 9 11 10 -12 -13 13 -15
leaf_value=7.4555400913973814e-07 0.00062207704397337915 3.4542514391788593e-05 0.00014886642090787636 -0.00018055811326215572 0.00019433842619713646 -0.0005520881262442716 -7.3848838856867922e-05 8.6230264242000594e-06 -0.00010410419904610685 -0.00042280831152135114 -9.0891373277709084e-05 0.00020421351013411531 -4.8284781026480713e-05 -0.00059426725191186885
leaf_weight=378537 526 1113 1721 800 2315 620 509 6516 1231 1237 3357 4249 6943 846
leaf_count=378537 526 1113 1721 800 2315 620 509 6516 1231 1237 3357 4249 6943 846
internal_value=-1.01339e-07 7.20071e-05 0.000259868 -6.82503e-06 9.80298e-05 -0.000152487 -0.000336734 -1.46238e-06 4.67673e-07 -6.95215e-05 -0.000180337 0.000134948 -1.44027e-06 -0.000107655
internal_weight=410520 7604 2247 5357 3115 2242 1129 402916 391806 11110 4594 5480 386326 7789
internal_count=410520 7604 2247 5357 3115 2242 1129 402916 391806 11110 4594 5480 386326 7789
is_linear=0
shrinkage=0.05


Tree=70
num_leaves=15
num_cat=0
split_feature=22 22 22 21 10 22 9 11 19 19 19 22 18 10
split_gain=0.0166942 0.0392598 0.0364583 0.0319668 0.0304634 0.0292038 0.024178 0.0221902 0.0216471 0.038421 0.0504871 0.147237 0.045591 0.0345282
threshold=0.030750262930672626 0.033548887810287871 0.035940183515538189 0.015380322065301018 2.5000000000000004 0.034711730432517525 0.48076923076923078 0.12875014424573944 0.017869301610982328 0.015996845199533486 0.015360004859405698 0.021836335811010302 -0.09474511484586004 3.5000000000000004
decision_type=2 2 2 2 2 2 2 2 2 2 2 2 2 2
left_child=8 3 5 -2 -4 -3 -7 -5 9 10 -1 -12 -13 -10
right_child=1 2 4 7 -6 6 -8 -9 13 -11 11 12 -14 -15
leaf_value=9.3472842588146622e-07 0.00057740814198442298 2.6845114944594771e-05 -0.000150634452054509 -6.6473030226001457e-06 0.00020712291238616045 -0.00054186674501152763 -7.8795768101608352e-05 0.00036328723846028706 -0.00012327368014320065 0.00014296879415583735 -0.00064449423400170518 -0.000339305342181156 0.00021224011158053571 7.5574855685539411e-05
leaf_weight=383636 557 1149 807 1017 2258 617 519 673 8112 4710 1168 508 1419 2986
leaf_count=383636 557 1149 807 1017 2258 617 519 673 8112 4710 1168 508 1419 2986
internal_value=4.74209e-07 7.3899e-05 2.24716e-07 0.000249236 0.000112909 -0.000150908 -0.000330561 0.000140798 -9.11696e-07 1.04072e-06 -6.88184e-07 -0.000201789 6.67399e-05 -6.977e-05
internal_weight=410136 7597 5350 2247 3065 2285 1136 1690 402539 391441 386731 3095 1927 11098
internal_count=410136 7597 5350 2247 3065 2285 1136 1690 402539 391441 386731 3095 1927 11098
is_linear=0
shrinkage=0.05


Tree=71
num_leaves=15
num_cat=0
split_feature=18 19 17 19 11 18 11 12 7 11 5 11 14 11
split_gain=0.0171333 0.067821 0.0371285 0.0366062 0.0597867 0.0271953 0.0207105 0.0177104 0.029824 0.0391561 0.0306446 0.0171247 0.0228546 0.0385763
threshold=0.32664331328827995 -0.020707881803070146 0.010531169028910605 0.010483984956173533 -0.11781953781564787 0.13229967935501194 -0.64256544673911176 -0.048469418041584882 0.054207682231114794 0.52745525037557928 0.006145005137996447 0.50494705821397667 0.052929873191470918 0.48667386917971905
decision_type=2 2 2 2 2 2 2 2 2 2 2 2 2 2
left_child=2 -2 7 5 -5 -4 -7 8 10 -10 -1 12 -9 -14
right_child=1 -3 3 4 -6 6 -8 11 9 -11 -12 -13 13 -15
leaf_value=8.0147343106725299e-05 -0.0004366536236579172 -2.2656954248013298e-05 0.0004682768743057722 -0.00044101109325210943 0.0001115089499605964 0.00039208217156957813 9.3869632890950332e-05 -8.864758515554288e-07 -8.9578660888131562e-05 0.00035782439995611073 0.0003695156483845958 -3.6582490842321977e-05 4.6243627253953528e-05 0.00048534196156347557
leaf_weight=6734 1030 24440 740 690 1679 690 3706 317268 4287 551 1058 31392 15403 516
leaf_count=6734 1030 24440 740 690 1679 690 3706 317268 4287 551 1058 31392 15403 516
internal_value=2.9897e-07 -3.94154e-05 2.92835e-06 0.000113042 -4.95374e-05 0.000188027 0.000140756 7.37224e-07 5.89435e-05 -3.85605e-05 0.00011948 -1.27935e-06 2.04691e-06 6.05062e-05
internal_weight=410184 25470 384714 7505 2369 5136 4396 377209 12630 4838 7792 364579 333187 15919
internal_count=410184 25470 384714 7505 2369 5136 4396 377209 12630 4838 7792 364579 333187 15919
is_linear=0
shrinkage=0.05


Tree=72
num_leaves=15
num_cat=0
split_feature=10 22 22 19 22 5 13 21 9 5 14 22 17 22
split_gain=0.0164203 0.0418914 0.108658 0.0535739 0.0945432 0.0698036 0.0862995 0.055011 0.0438534 0.0402814 0.0392618 0.0390318 0.0506166 0.0493169
threshold=2.5000000000000004 0.0086050787755626041 0.0082597950280174377 -0.0030796110586879251 -0.0020910923978917913 0.0032841767524572252 0.95841110250254713 -0.31782671475944274 0.27564102564102572 0.0029315686577985919 -0.00026433930542552048 0.01513710257441925 -0.0046475985227188423 0.016959653786365884
decision_type=2 2 2 2 2 2 2 2 2 2 2 2 2 2
left_child=-1 2 3 4 7 -5 -7 9 -6 -2 -4 -3 -13 -14
right_child=1 11 10 5 8 6 -8 -9 -10 -11 -12 12 13 -15
leaf_value=8.1931934826124688e-06 6.1100657218013607e-05 8.0882254626319042e-05 -0.00025090761593073049 -3.1793248301163022e-05 0.00062679930369764401 -4.9644923265145103e-05 -0.00035584315163187237 -1.8209488756772028e-05 0.00017726895371401619 0.00035621564464138802 -0.0008321939114735614 -0.00015281988491176336 -0.0002007579063179223 6.1854373808266033e-05
leaf_weight=245508 3951 20278 671 56194 747 5458 3978 48484 1980 1634 513 5134 2053 13791
leaf_count=245508 3951 20278 671 56194 747 5458 3978 48484 1980 1634 513 5134 2053 13791
internal_value=-2.81954e-09 -1.22078e-05 -2.67685e-05 -2.21562e-05 1.33988e-05 -5.29252e-05 -0.000178755 -1.09126e-06 0.000300592 0.000147491 -0.000503255 3.14182e-05 -1.63969e-05 2.78156e-05
internal_weight=410374 164866 123610 122426 56796 65630 9436 54069 2727 5585 1184 41256 20978 15844
internal_count=410374 164866 123610 122426 56796 65630 9436 54069 2727 5585 1184 41256 20978 15844
is_linear=0
shrinkage=0.05


Tree=73
num_leaves=15
num_cat=0
split_feature=11 14 13 13 19 14 14 12 12 19 20 12 19 18
split_gain=0.0150035 0.0292584 0.0498072 0.0490685 0.0188763 0.0185591 0.0360671 0.0277763 0.0213623 0.0160113 0.0148552 0.0251816 0.0195336 0.0739395
threshold=-1.1375198010472147 -0.068894690065176609 1.2287652354751739 0.91693312097005386 0.0010239299884714506 -0.097787285191703696 -0.11465517671076018 -0.050543316940780396 -0.092149037568635614 -0.0048815816298747863 0.027716745285560011 -0.0047317301745851128 -0.016125802878148739 -0.12766758884963561
decision_type=2 2 2 2 2 2 2 2 2 2 2 2 2 2
left_child=1 2 3 -1 9 6 8 -8 -2 -3 12 -12 13 -7
right_child=5 4 -4 -5 -6 10 7 -9 -10 -11 11 -13 -14 -15
leaf_value=0.00018953864371795207 0.00013973563761437126 -0.0002970662114248741 0.00048982071084206216 -0.00045553138809071637 -0.00031041450936447265 9.0549814271408211e-05 8.4539705039787807e-05 0.00053094456482350057 -0.00030882092683393806 2.1669510074889961e-05 0.00041162098912014659 -7.2594825430341838e-05 2.0279815767085659e-06 -0.00010438675700312609
leaf_weight=665 536 552 520 528 1419 6975 707 687 524 1370 573 504 378761 16070
leaf_count=665 536 552 520 528 1419 6975 707 687 524 1370 573 504 378761 16070
internal_value=-4.26531e-07 -8.60344e-05 8.19447e-05 -9.61e-05 -0.00017216 6.41093e-07 0.000137699 0.000304763 -8.20857e-05 -6.99785e-05 -1.9408e-07 0.000185167 -6.91381e-07 -4.53842e-05
internal_weight=410391 5054 1713 1193 3341 405337 2454 1394 1060 1922 402883 1077 401806 23045
internal_count=410391 5054 1713 1193 3341 405337 2454 1394 1060 1922 402883 1077 401806 23045
is_linear=0
shrinkage=0.05


Tree=74
num_leaves=15
num_cat=0
split_feature=7 17 12 14 10 8 5 10 13 13 12 14 10 17
split_gain=0.0154137 0.0349967 0.0279994 0.0286017 0.0575401 0.0655819 0.0268991 0.0407704 0.0334429 0.0265565 0.0231479 0.0281327 0.0342675 0.0441163
threshold=0.16800685047998704 0.010531169028910605 -0.048469418041584882 -0.082294382993790868 2.5000000000000004 0.34971887930762374 0.006145005137996447 2.5000000000000004 0.82932804107529734 1.3390948455133977 -0.071226539594153634 -0.077267281531425744 1.5000000000000002 0.0065728564241585028
decision_type=2 2 2 2 2 2 2 2 2 2 2 2 2 2
left_child=1 2 6 4 5 -4 8 -8 -1 -3 -2 12 13 -12
right_child=10 9 3 -5 -6 -7 7 -9 -10 -11 11 -13 -14 -15
leaf_value=0.0002614346084392146 -0.00025828280362566783 9.2368812606682973e-05 -0.00066944156388919348 1.4155404139464731e-06 0.00014813984738098313 5.1388539230562047e-05 0.00053815137794708677 2.5216914107552118e-05 7.3383874344088508e-06 0.00043880955621722307 0.00033333401897115881 -2.0357109375141358e-05 0.0004328360015374018 -0.00030998865424067138
leaf_weight=1553 997 4347 801 306682 815 520 753 797 7768 633 505 82684 765 562
leaf_count=1553 997 4347 801 306682 815 520 753 797 7768 633 505 82684 765 562
internal_value=-3.45468e-09 4.97083e-06 2.92176e-06 1.45346e-07 -0.000182142 -0.000385869 8.17854e-05 0.00027459 4.96976e-05 0.000136484 -1.88893e-05 -1.60622e-05 0.000177685 -5.48371e-06
internal_weight=410182 324669 319689 308818 2136 1321 10871 1550 9321 4980 85513 84516 1832 1067
internal_count=410182 324669 319689 308818 2136 1321 10871 1550 9321 4980 85513 84516 1832 1067
is_linear=0
shrinkage=0.05


Tree=75
num_leaves=15
num_cat=0
split_feature=18 22 17 13 22 11 10 13 5 22 22 13 22 22
split_gain=0.0169377 0.0639578 0.0365188 0.0692374 0.0220459 0.0498178 0.0211359 0.0478154 0.0466204 0.0434767 0.0411827 0.0997931 0.0708901 0.0658081
threshold=0.31962647753075052 -0.029506454416010127 0.010531169028910605 1.3258309960940868 0.011147594864600376 -0.09896299539350388 1.5000000000000002 1.9632071346092974 0.0036986352870528017 0.0031921583446822281 -0.011470086718440129 0.87841653374848161 -0.025747580640957498 -0.01079344601110732
decision_type=2 2 2 2 2 2 2 2 2 2 2 2 2 2
left_child=2 -2 6 4 -4 -6 7 9 -9 10 11 -1 -13 -12
right_child=1 -3 3 -5 5 -7 -8 8 -10 -11 13 12 -14 -15
leaf_value=-0.00013273087019362802 -0.00048784859616543736 -2.4692149763796274e-05 0.0001364523168603988 0.00055048815744976082 -0.00038245644620844572 9.0892162004129441e-05 -8.6683854143757249e-06 -8.0974992720069384e-05 -0.00061273328016318211 -1.093327338318098e-05 0.00039373191829193194 0.00025437443112886468 1.4469465004281036e-07 5.749688158129392e-05
leaf_weight=9880 766 26452 3809 807 794 1847 227130 1595 555 66425 1493 3965 8885 56142
leaf_count=9880 766 26452 3809 807 794 1847 227130 1595 555 66425 1493 3965 8885 56142
internal_value=3.68065e-07 -3.77443e-05 3.07431e-06 0.000114163 5.94945e-05 -5.1508e-05 9.30344e-07 1.55681e-05 -0.000218464 1.89974e-05 4.37362e-05 -1.32585e-05 7.86036e-05 6.62135e-05
internal_weight=410545 27218 383327 7257 6450 2641 376070 148940 2150 146790 80365 22730 12850 57635
internal_count=410545 27218 383327 7257 6450 2641 376070 148940 2150 146790 80365 22730 12850 57635
is_linear=0
shrinkage=0.05


Tree=76
num_leaves=15
num_cat=0
split_feature=19 19 18 19 20 22 11 22 19 13 18 22 19 19
split_gain=0.0155936 0.0387349 0.0612479 0.0479201 0.027284 0.0223552 0.0807132 0.0675968 0.0672595 0.0619702 0.0356182 0.0317256 0.0791289 0.231599
threshold=-0.037379997386896562 -0.032174949540690993 -0.0022576308078804956 -0.028811006006034808 -0.0071577123909367648 -0.024607092819337036 -0.6683000586672263 -0.022469593315682154 -0.019340890612886571 0.93333333333333646 -0.2554802528206423 -0.014847204805669976 -0.010193857073352129 -0.011357258456344608
decision_type=2 2 2 2 2 2 2 2 2 2 2 2 2 2
left_child=-1 2 -2 4 -3 6 -5 8 -7 -10 -8 -9 13 -13
right_child=1 3 -4 5 -6 7 10 11 9 -11 -12 12 -14 -15
leaf_value=-0.00014400004796209827 0.00057338707172169972 4.8373336852241195e-05 -9.2164324232204538e-06 0.00052936680047764898 -0.00037446862199717087 0.00017104371735236816 0.00026151007120353261 5.1358549875006285e-05 -0.00049851938989906269 -0.00011646945706743849 -1.7572898691709858e-06 4.7854853506975646e-05 9.4517660516224897e-07 -0.00040749357675099514
leaf_weight=1884 758 534 1112 873 1333 1134 1468 28587 1695 2839 10243 7099 346214 4602
leaf_count=1884 758 534 1112 873 1333 1134 1468 28587 1695 2839 10243 7099 346214 4602
internal_value=-5.21263e-07 1.40826e-07 0.000227121 -9.03583e-07 -0.000253566 2.62491e-07 6.5858e-05 -1.84251e-06 -0.000173245 -0.000259374 3.12634e-05 6.71532e-07 -3.37702e-06 -0.000131253
internal_weight=410375 408491 1870 406621 1867 404754 12584 392170 5668 4534 11711 386502 357915 11701
internal_count=410375 408491 1870 406621 1867 404754 12584 392170 5668 4534 11711 386502 357915 11701
is_linear=0
shrinkage=0.05


Tree=77
num_leaves=15
num_cat=0
split_feature=22 22 5 10 22 7 11 22 11 22 20 5 14 12
split_gain=0.0134241 0.0325949 0.0278813 0.0184036 0.0181079 0.0356313 0.0273736 0.0262329 0.0673198 0.061122 0.0389561 0.038073 0.0318806 0.0447403
threshold=-0.047596385518319843 -0.040136251687286566 0.0036276725816670589 2.5000000000000004 -0.030673863990566704 0.28674101439733041 -0.29742698067638035 -0.024607092819337036 -0.43410510532803287 -0.022469593315682154 0.011990161018267333 0.0031835617214774569 -0.010625271900178255 -0.027551588185909522
decision_type=2 2 2 2 2 2 2 2 2 2 2 2 2 2
left_child=3 2 -2 -1 5 6 -3 8 11 -9 12 -6 13 -10
right_child=1 4 -4 -5 7 -7 -8 9 10 -11 -12 -13 -14 -15
leaf_value=6.0450964834489659e-05 5.0894024939359101e-05 -0.00035088966237816795 0.00044282972274087176 -0.00026041508415422667 9.3937343666346945e-05 -0.00046716037859037199 -3.9944514460233755e-06 -0.00016427542661583388 1.6756666075916055e-05 1.0313950342500066e-06 -0.00040623665048500427 0.00054514968670507896 -0.00012168175862843742 0.00036753582172077768
leaf_weight=737 1138 650 754 1133 827 561 4498 5673 3012 386237 512 1076 1933 1301
leaf_count=737 1138 650 754 1133 827 561 4498 5673 3012 386237 512 1076 1933 1301
internal_value=-3.67958e-07 2.44552e-07 0.00020724 -0.000133991 -7.19909e-07 -8.91321e-05 -4.7854e-05 5.40375e-07 8.66075e-05 -1.36188e-06 1.26184e-05 0.000349216 4.70125e-05 0.000122629
internal_weight=410042 408172 1892 1870 406280 5709 5148 400571 8661 391910 6758 1903 6246 4313
internal_count=410042 408172 1892 1870 406280 5709 5148 400571 8661 391910 6758 1903 6246 4313
is_linear=0
shrinkage=0.05


Tree=78
num_leaves=15
num_cat=0
split_feature=19 18 19 22 22 19 22 19 11 11 10 19 4 17
split_gain=0.0145066 0.0667578 0.0502088 0.0990623 0.167256 0.0888691 0.193389 0.100086 0.0561327 0.0515359 0.0662351 0.0509022 0.0431552 0.0398566
threshold=-0.016125802878148739 -0.12766758884963561 -0.011619743008824955 -0.018327769648685484 -0.018016745319459068 -0.010193857073352129 -0.011706895888610789 -0.010987139204373884 -0.10250139902569017 0.012619566812382682 3.5000000000000004 -0.012410437544380813 0.0041374803776526798 -0.0095825479347391145
decision_type=2 2 2 2 2 2 2 2 2 2 2 2 2 2
left_child=1 -1 3 9 -5 6 -4 8 -8 10 -2 -11 -6 -9
right_child=2 -3 5 4 12 -7 7 13 -10 11 -12 -13 -14 -15
leaf_value=8.9033153689282654e-05 -6.1865660522179166e-05 -8.9843324694525444e-05 4.6015308268056526e-07 0.000892868683361074 0.00010267907377390766 2.427622081330072e-06 9.4276636281606657e-05 -0.00037086090529884889 -0.00045345295721342817 -0.00024514751517891014 0.00027816519120326132 0.00015250009688510429 0.00053702215449477793 -0.00090985588231127709
leaf_weight=7410 3828 17610 7552 774 9174 352412 862 502 1021 3584 2287 1037 609 1096
leaf_count=7410 3828 17610 7552 774 9174 352412 862 502 1021 3584 2287 1037 609 1096
internal_value=2.56462e-08 -3.68653e-05 2.4248e-06 7.70469e-05 0.000185796 -1.94725e-06 -0.000141676 -0.000449949 -0.000202796 -2.98967e-05 6.533e-05 -0.000155898 0.000129769 -0.000740872
internal_weight=409758 25020 384738 21293 10557 363445 11033 3481 1883 10736 6115 4621 9783 1598
internal_count=409758 25020 384738 21293 10557 363445 11033 3481 1883 10736 6115 4621 9783 1598
is_linear=0
shrinkage=0.05


Tree=79
num_leaves=15
num_cat=0
split_feature=19 19 14 21 19 12 17 11 5 17 19 19 19 19
split_gain=0.0163841 0.0665585 0.121432 0.0642285 0.0577057 0.0437128 0.0392717 0.0371427 0.0636862 0.0758533 0.0773679 0.0592292 0.054954 0.0454819
threshold=-0.003197197122793038 -0.0039732098375909733 -0.029651995411060002 -0.3560529528620246 -0.0027313307792880544 -0.025149236006650252 -0.0036024451758837612 -0.072071249542042595 0.0034583839719049369 0.0082543382303768027 -0.0016015014542954951 -0.00017385642965439538 0.011625407696339353 0.010200166289976999
decision_type=2 2 2 2 2 2 2 2 2 2 2 2 2 2
left_child=1 3 6 -1 -2 -6 -3 8 12 10 -10 -12 -7 -13
right_child=4 2 -4 -5 5 7 -8 -9 9 -11 11 13 -14 -15
leaf_value=0.00015010786073083138 -0.00012765162368150745 0.00083199417852146775 4.1643805652415902e-05 -5.432451804765219e-06 -0.00010637889336249718 -2.4135138246292095e-05 0.0003379022059361465 1.6527113141368005e-05 -0.00055470276828132096 -0.00051063575492432537 0.00027669553437676379 -0.00017874975181531131 8.0872103151043433e-05 2.8765465026010361e-05
leaf_weight=7064 9497 501 8481 109599 9725 73277 2041 161047 824 1146 1215 6267 15011 4562
leaf_count=7064 9497 501 8481 109599 9725 73277 2041 161047 824 1146 1215 6267 15011 4562
internal_value=2.19475e-07 1.50837e-05 0.000132518 3.98679e-06 -6.4973e-06 -2.28333e-06 0.000435571 1.56112e-06 -2.19987e-05 -0.000121014 -8.62782e-05 -5.41872e-05 -6.28077e-06 -9.13339e-05
internal_weight=410257 127686 11023 116663 282571 273074 2542 263349 102302 14014 12868 12044 88288 10829
internal_count=410257 127686 11023 116663 282571 273074 2542 263349 102302 14014 12868 12044 88288 10829
is_linear=0
shrinkage=0.05


end of trees

feature_importances:
qqq_prior_ret=327
spy_prior_ret=204
gap=88
dow=70
qqq_from_open=69
dist_ma5=68
prior_range_atr=63
rv_36=58
spy_from_open=41
prior_ret=38
spy_vwap_dist=31
qqq_vwap_dist=29
rv_12=12
vwap_dist=9
tod=7
session_pos=2
ret_12=1
rvol=1
xs_rank_ret12=1
xs_rank_vwap=1

parameters:
[boosting: gbdt]
[objective: regression]
[metric: l2]
[tree_learner: serial]
[device_type: cpu]
[data_sample_strategy: bagging]
[data: ]
[valid: ]
[num_iterations: 80]
[learning_rate: 0.05]
[num_leaves: 15]
[num_threads: 4]
[seed: 11]
[deterministic: 0]
[force_col_wise: 1]
[force_row_wise: 0]
[histogram_pool_size: -1]
[max_depth: -1]
[min_data_in_leaf: 500]
[min_sum_hessian_in_leaf: 0.001]
[bagging_fraction: 0.8]
[pos_bagging_fraction: 1]
[neg_bagging_fraction: 1]
[bagging_freq: 1]
[bagging_seed: 11]
[bagging_by_query: 0]
[feature_fraction: 0.8]
[feature_fraction_bynode: 1]
[feature_fraction_seed: 11]
[extra_trees: 0]
[extra_seed: 22223]
[early_stopping_round: 0]
[early_stopping_min_delta: 0]
[first_metric_only: 0]
[max_delta_step: 0]
[lambda_l1: 0]
[lambda_l2: 1]
[linear_lambda: 0]
[min_gain_to_split: 0]
[drop_rate: 0.1]
[max_drop: 50]
[skip_drop: 0.5]
[xgboost_dart_mode: 0]
[uniform_drop: 0]
[drop_seed: 21136]
[top_rate: 0.2]
[other_rate: 0.1]
[min_data_per_group: 100]
[max_cat_threshold: 32]
[cat_l2: 10]
[cat_smooth: 10]
[max_cat_to_onehot: 4]
[top_k: 20]
[monotone_constraints: ]
[monotone_constraints_method: basic]
[monotone_penalty: 0]
[feature_contri: ]
[forcedsplits_filename: ]
[refit_decay_rate: 0.9]
[cegb_tradeoff: 1]
[cegb_penalty_split: 0]
[cegb_penalty_feature_lazy: ]
[cegb_penalty_feature_coupled: ]
[path_smooth: 0]
[interaction_constraints: ]
[verbosity: -1]
[saved_feature_importance_type: 0]
[use_quantized_grad: 0]
[num_grad_quant_bins: 4]
[quant_train_renew_leaf: 0]
[stochastic_rounding: 1]
[linear_tree: 0]
[max_bin: 255]
[max_bin_by_feature: ]
[min_data_in_bin: 3]
[bin_construct_sample_cnt: 200000]
[data_random_seed: 74]
[is_enable_sparse: 1]
[enable_bundle: 1]
[use_missing: 1]
[zero_as_missing: 0]
[feature_pre_filter: 1]
[pre_partition: 0]
[two_round: 0]
[header: 0]
[label_column: ]
[weight_column: ]
[group_column: ]
[ignore_column: ]
[categorical_feature: ]
[forcedbins_filename: ]
[precise_float_parser: 0]
[parser_config_file: ]
[objective_seed: 24011]
[num_class: 1]
[is_unbalance: 0]
[scale_pos_weight: 1]
[sigmoid: 1]
[boost_from_average: 1]
[reg_sqrt: 0]
[alpha: 0.9]
[fair_c: 1]
[poisson_max_delta_step: 0.7]
[tweedie_variance_power: 1.5]
[lambdarank_truncation_level: 30]
[lambdarank_norm: 1]
[label_gain: ]
[lambdarank_position_bias_regularization: 0]
[eval_at: ]
[multi_error_top_k: 1]
[auc_mu_weights: ]
[num_machines: 1]
[local_listen_port: 12400]
[time_out: 120]
[machine_list_filename: ]
[machines: ]
[gpu_platform_id: -1]
[gpu_device_id: -1]
[gpu_device_id_list: ]
[gpu_use_dp: 0]
[num_gpu: 1]

end of parameters

pandas_categorical:null
