tree
version=v4
num_class=1
num_tree_per_iteration=1
label_index=0
max_feature_idx=23
objective=regression
feature_names=ret_1 ret_3 ret_6 ret_12 rv_12 rv_36 rvol vwap_dist session_pos tod dow gap prior_ret prior_range_atr dist_ma5 xs_rank_ret12 xs_rank_vwap spy_from_open spy_vwap_dist spy_prior_ret qqq_from_open qqq_vwap_dist qqq_prior_ret resid_12
feature_infos=[-0.042374616171954926:0.072603641149374898] [-0.057756274569095711:0.070828505214368453] [-0.06168192607663614:0.13163010274923637] [-0.082796078777709115:0.1352394740016889] [0.00013561278045815875:0.029113348959159579] [0.00028669541474363256:0.029113348959159579] [0.033580010017566012:23.426706195986295] [-1.5280466795878367:2.8436321049799318] [0:1] [0.076923076923076927:0.82051282051282048] [0:4] [-6.463315457599152:11.39539170506913] [-0.26363045295519982:0.24361493123772093] [0.24135297326786445:3.6175905281771343] [-0.2460895975702353:0.31439283279774077] [0.125:1] [0.125:1] [-0.038975223714718288:0.090608787289234716] [-1.5461791173098252:1.5488443953974635] [-0.059779778290305785:0.094202460782536912] [-0.043461945212021957:0.10599533081421919] [-1.5045934428370884:1.489242662945965] [-0.060974527380846744:0.11743225062463969] [-0.08081582179097524:0.12209126559077021]
tree_sizes=1631 1629 1649 1628 1635 1651 1622 1623 1643 1639 1629 1638 1641 1636 1651 1638 1642 1660 1638 1644 1636 1646 1651 1631 1661 1618 1642 1655 1626 1636 1639 1634 1626 1641 1656 1638 1651 1653 1651 1621 1659 1637 1645 1633 1631 1642 1637 1664 1650 1624 1669 1643 1635 1636 1628 1652 1621 1625 1623 1630 1651 1635 1636 1640 1622 1617 1657 1615 1635 1637 1608 1623 1619 1621 1634 1625 1642 1652 1651 1640

Tree=0
num_leaves=15
num_cat=0
split_feature=20 22 19 11 20 13 22 22 14 22 11 17 19 19
split_gain=0.190593 0.181284 0.178262 0.281114 0.129067 0.0853915 0.0828568 0.134508 0.0777547 0.0759474 0.0713449 0.0796848 0.0645019 0.0578092
threshold=-0.0028629199514802468 -0.025747580640957498 -0.020707881803070146 -0.086104783599092086 0.027716745285560011 1.0337394459433653 0.035940183515538189 0.034711730432517525 -0.097787285191703696 -0.022469593315682154 -0.39498990109009008 -0.010636051761674313 -0.0051551365728957346 -0.015750767264155471
decision_type=2 2 2 2 2 2 2 2 2 2 2 2 2 2
left_child=1 2 10 -4 8 -6 7 9 12 -3 -1 -12 -2 -10
right_child=4 6 3 -5 5 -7 -8 -9 13 -11 11 -13 -14 -15
leaf_value=-0.00030072045965810821 0.00059143990209332368 -0.00030672275987229144 0.0015625961541284167 0.00015493214634336734 0.00016047435541947491 0.00088078613131046212 0.0004135367472507167 -0.00071805154781512338 -5.2602463784076338e-05 -3.4080949990173033e-05 0.00073417724347757168 8.1826739702981009e-05 -4.3572513575718732e-05 4.580850589816212e-05
leaf_weight=942 1159 2607 592 883 917 746 998 734 15843 124115 562 2779 610 256669
leaf_count=942 1159 2607 592 883 917 746 998 734 15843 124115 562 2779 610 256669
internal_value=2.11258e-05 -2.77463e-05 0.000246698 0.000720568 4.48961e-05 0.000483919 -4.00501e-05 -4.36048e-05 4.22325e-05 -3.96924e-05 8.33798e-05 0.000191741 0.000372557 4.00869e-05
internal_weight=410156 134212 5758 1475 275944 1663 128454 127456 274281 126722 4283 3341 1769 272512
internal_count=410156 134212 5758 1475 275944 1663 128454 127456 274281 126722 4283 3341 1769 272512
is_linear=0
shrinkage=1


Tree=1
num_leaves=15
num_cat=0
split_feature=20 22 19 11 20 22 10 11 10 22 22 14 21 19
split_gain=0.164091 0.162403 0.175683 0.261486 0.0949325 0.0702226 0.0698364 0.0681496 0.0809248 0.066447 0.121792 0.0611483 0.0595225 0.057397
threshold=-0.0028629199514802468 -0.025747580640957498 -0.020040447767126709 0.037430613136836495 0.027716745285560011 -0.022469593315682154 2.5000000000000004 -0.39498990109009008 2.5000000000000004 0.035940183515538189 0.034711730432517525 -0.097787285191703696 -0.078162014437864705 -0.015750767264155471
decision_type=2 2 2 2 2 2 2 2 2 2 2 2 2 2
left_child=1 2 7 -4 11 -3 -6 -1 12 10 -7 -2 -9 -13
right_child=4 5 3 -5 6 9 -8 8 -10 -11 -12 13 -14 -15
leaf_value=-0.00031399868318392996 0.00031065418731063678 -0.00031209029318348595 0.0014321994588250044 6.0213719269840182e-05 7.7276633807977135e-08 -5.1106167773967748e-05 0.00066704654846754311 0.00067524460836655947 -4.6119929806945491e-05 0.00035865294502074427 -0.00070016090978800537 -7.463574500019449e-05 4.6589651265453779e-06 2.3559269768461729e-05
leaf_weight=959 1794 2642 652 742 652 124150 985 959 1979 978 726 15797 505 256561
leaf_count=959 1794 2642 652 742 652 124150 985 959 1979 978 726 15797 505 256561
internal_value=-2.22654e-08 -4.53473e-05 0.000213524 0.000702484 2.20483e-05 -5.70257e-05 0.000401562 5.85592e-05 0.000162391 -5.16688e-05 -5.48852e-05 1.97807e-05 0.00044409 1.78636e-05
internal_weight=410081 134292 5796 1394 275789 128496 1637 4402 3443 125854 124876 274152 1464 272358
internal_count=410081 134292 5796 1394 275789 128496 1637 4402 3443 125854 124876 274152 1464 272358
is_linear=0
shrinkage=0.05


Tree=2
num_leaves=15
num_cat=0
split_feature=20 20 13 14 11 17 11 14 13 20 10 14 5 13
split_gain=0.156429 0.0836511 0.0778419 0.0586208 0.0459779 0.0511073 0.0489403 0.0747139 0.0494476 0.0441978 0.0578455 0.0433539 0.0481831 0.0429856
threshold=-0.0028629199514802468 0.027716745285560011 1.0337394459433653 -0.097787285191703696 0.51627017350430948 -0.0031341101947227608 -0.072071249542042595 0.047513342518672459 1.683026087199903 0.0072801115751861553 2.5000000000000004 -0.097787285191703696 0.0048117390481724519 2.0703886101545197
decision_type=2 2 2 2 2 2 2 2 2 2 2 2 2 2
left_child=11 3 -3 -2 5 -5 -7 9 -9 10 -8 12 -1 -6
right_child=1 2 -4 4 13 6 7 8 -10 -11 -12 -13 -14 -15
leaf_value=-2.9228807934870728e-05 0.00030628893804740499 7.2577246137646729e-05 0.0007659211950443545 0.00014298691830581472 -4.0771718424901187e-05 -7.6144022193217895e-06 3.9739112706132757e-05 0.00017827409770962679 -0.00029434551311286752 7.9800698205252323e-05 -3.929788954597355e-05 -4.6883368449054718e-05 0.00061950742364769878 -0.00049451735276204861
leaf_weight=641 1768 922 721 8655 21438 99291 63522 11710 580 30381 36423 133357 516 534
leaf_count=641 1768 922 721 8655 21438 99291 63522 11710 580 30381 36423 133357 516 534
internal_value=-2.86253e-08 2.15223e-05 0.000377119 1.9391e-05 1.75287e-05 2.36103e-05 1.93386e-05 3.81036e-05 0.000155948 2.69895e-05 1.09355e-05 -4.42386e-05 0.00026038 -5.18214e-05
internal_weight=410459 275945 1643 274302 272534 250562 241907 142616 12290 130326 99945 134514 1157 21972
internal_count=410459 275945 1643 274302 272534 250562 241907 142616 12290 130326 99945 134514 1157 21972
is_linear=0
shrinkage=0.05


Tree=3
num_leaves=15
num_cat=0
split_feature=20 22 19 11 20 13 22 19 14 19 11 10 22 22
split_gain=0.14233 0.14491 0.140255 0.223757 0.0990725 0.075409 0.0745608 0.0911319 0.0588473 0.0623336 0.0568971 0.0561648 0.122517 0.212938
threshold=-0.00473894571477007 -0.025747580640957498 -0.020707881803070146 0.10371704942997916 0.027716745285560011 1.0337394459433653 0.035940183515538189 0.019698143975368402 -0.097787285191703696 -0.0038574653470329063 -0.53274859873050362 2.5000000000000004 0.0086050787755626041 0.0081337182466360031
decision_type=2 2 2 2 2 2 2 2 2 2 2 2 2 2
left_child=1 2 10 -4 8 -6 7 -3 9 -2 -1 -10 13 -13
right_child=4 6 3 -5 5 -7 -8 -9 11 -11 -12 12 -14 -15
leaf_value=-0.00036299444595519725 0.00047644777219682782 -6.0426472934238118e-05 0.0014199217434997171 4.7996066344572535e-05 0.00010121722097902302 0.00078181313475376025 0.00039601578387887684 -0.00033839434940157164 2.9532120736807099e-05 -0.0001517326626844806 0.00015286857455067848 -3.6266185362715596e-05 7.1870115391585462e-05 -0.0007560554478662268
leaf_weight=649 1341 93236 554 640 919 730 868 3044 187726 559 3008 85528 30324 1039
leaf_count=649 1341 93236 554 640 919 730 868 3044 187726 559 3008 85528 30324 1039
internal_value=-5.43735e-07 -5.17392e-05 0.000214933 0.000685207 1.64014e-05 0.000402803 -6.50573e-05 -6.92182e-05 1.43214e-05 0.000291648 6.12453e-05 1.25906e-05 -1.46173e-05 -4.49139e-05
internal_weight=410165 101999 4851 1194 308166 1649 97148 96280 306517 1900 3657 304617 116891 86567
internal_count=410165 101999 4851 1194 308166 1649 97148 96280 306517 1900 3657 304617 116891 86567
is_linear=0
shrinkage=0.05


Tree=4
num_leaves=15
num_cat=0
split_feature=20 12 20 10 14 5 13 17 5 8 14 12 10 13
split_gain=0.122872 0.084919 0.0781751 0.0623639 0.0606858 0.0549536 0.0458685 0.0426963 0.040626 0.0381393 0.0373708 0.0688845 0.0931095 0.0540718
threshold=-0.0028629199514802468 -0.05615145605568133 0.027716745285560011 2.5000000000000004 -0.077267281531425744 0.0039470486487821728 2.0703886101545197 -0.0034399315240212221 0.0032841767524572252 0.46753246753246686 -0.056394224331119173 -0.021583014093633942 1.0000000180025095e-35 0.92988894518219078
decision_type=2 2 2 2 2 2 2 2 2 2 2 2 2 2
left_child=1 -1 4 -4 5 -2 7 -6 -3 -7 11 12 -10 -14
right_child=2 8 3 -5 6 9 -8 -9 10 -11 -12 -13 13 -15
leaf_value=0.00020572800825116876 1.994470171047815e-06 -3.1304151994601391e-05 -1.7011050673739568e-05 0.00061085855976862993 0.00013679641954738586 -1.0628119755859323e-05 -0.00018648467938130585 1.3084296288970293e-05 0.00075518645736530852 0.00048415579261347307 -0.00012237807297568767 -0.00019080232597980403 0.00038815580007111125 -0.00027387566649183723
leaf_weight=3449 1777 103499 655 997 7166 501 2814 259527 626 1748 23718 1571 538 720
leaf_count=3449 1777 103499 655 997 7166 501 2814 259527 626 1748 23718 1571 538 720
internal_value=1.15054e-07 -3.91255e-05 1.92404e-05 0.000362055 1.71686e-05 0.000209833 1.42898e-05 1.64089e-05 -4.55898e-05 0.000373979 -9.9999e-05 5.36204e-05 0.000257429 9.33409e-06
internal_weight=409306 134121 275185 1652 273533 4026 269507 266693 130672 2249 27173 3455 1884 1258
internal_count=409306 134121 275185 1652 273533 4026 269507 266693 130672 2249 27173 3455 1884 1258
is_linear=0
shrinkage=0.05


Tree=5
num_leaves=15
num_cat=0
split_feature=14 22 10 22 22 17 10 22 22 22 22 22 22 22
split_gain=0.0852635 0.0880023 0.0722144 0.156225 0.261518 0.119002 0.123016 0.101333 0.0848036 0.0827127 0.0884413 0.129187 0.0758938 0.0758342
threshold=-0.097787285191703696 -0.0036361558078032981 2.5000000000000004 0.035940183515538189 0.034711730432517525 0.010531169028910605 3.5000000000000004 0.027784614156541102 -0.030673863990566704 0.0071253456274125168 0.027784614156541102 0.033548887810287871 -0.023533481021522692 0.025570721390896892
decision_type=2 2 2 2 2 2 2 2 2 2 2 2 2 2
left_child=1 -1 9 4 5 6 7 8 -4 -2 13 -12 -7 -11
right_child=2 -3 3 -5 -6 12 -8 -9 -10 10 11 -13 -14 -15
leaf_value=0.00036854211348070814 3.3713115873510142e-05 -0.00031297909182266288 -0.0004107975838897611 0.00038355009745137263 -0.00096474956589276688 0.00074661832089782665 6.2617830305224918e-06 -0.00055039117918611246 -6.7691823237718324e-05 -3.6942307224111006e-05 0.00036873705181756722 -0.00018896458598390901 0.0001288722120195319 -0.00039900121267920304
leaf_weight=2759 171684 571 1845 2272 750 542 77152 1142 73854 65366 3078 1566 5905 1478
leaf_count=2759 171684 571 1845 2272 750 542 77152 1142 73854 65366 3078 1566 5905 1478
internal_value=-3.15604e-07 0.000251622 -2.37938e-06 -2.8079e-05 -3.38833e-05 -2.95259e-05 -3.83372e-05 -8.31161e-05 -7.60596e-05 1.48961e-05 -3.02941e-05 0.000180675 0.000180914 -4.49537e-05
internal_weight=409964 3330 406634 163462 161190 160440 153993 76841 75699 243172 71488 4644 6447 66844
internal_count=409964 3330 406634 163462 161190 160440 153993 76841 75699 243172 71488 4644 6447 66844
is_linear=0
shrinkage=0.05


Tree=6
num_leaves=15
num_cat=0
split_feature=20 22 19 11 20 11 19 22 22 11 17 10 22 22
split_gain=0.119088 0.122667 0.112764 0.190354 0.0695968 0.0764816 0.109141 0.0689937 0.0806352 0.0529773 0.0511457 0.0492238 0.106694 0.207035
threshold=-0.00473894571477007 -0.025747580640957498 -0.020707881803070146 0.10371704942997916 0.027716745285560011 -0.92154605713927895 -0.0055647162005601483 0.035940183515538189 0.034711730432517525 -0.39498990109009008 -0.010636051761674313 2.5000000000000004 0.0086050787755626041 0.0081337182466360031
decision_type=2 2 2 2 2 2 2 2 2 2 2 2 2 2
left_child=1 2 9 -4 11 -6 -7 8 -3 -1 -11 -2 13 -13
right_child=4 7 3 -5 5 6 -8 -9 -10 10 -12 12 -14 -15
leaf_value=-0.00028153248873620068 2.8932465392899359e-05 -5.9839208800065746e-05 0.0013062468302168068 3.9988305339158197e-05 -0.00016575043284800775 0.0011185328435040643 0.00013211614707497819 0.0003884769746042253 -0.00060387663908082856 0.00060545757367214733 6.1959698297372367e-05 -3.1676065562578552e-05 6.8832367459070585e-05 -0.00072669443428679485
leaf_weight=866 188912 95513 546 649 517 501 636 850 685 534 2269 86120 30117 1084
leaf_count=866 188912 95513 546 649 517 501 636 850 685 534 2269 86120 30117 1084
internal_value=-6.2465e-07 -4.74734e-05 0.000197531 0.000619155 1.48826e-05 0.000338249 0.000567365 -5.97548e-05 -6.37194e-05 6.00762e-05 0.000165681 1.3135e-05 -1.23024e-05 -4.03238e-05
internal_weight=409799 101912 4864 1195 307887 1654 1137 97048 96198 3669 2803 306233 117321 87204
internal_count=409799 101912 4864 1195 307887 1654 1137 97048 96198 3669 2803 306233 117321 87204
is_linear=0
shrinkage=0.05


Tree=7
num_leaves=15
num_cat=0
split_feature=20 22 19 19 20 22 22 10 5 22 22 14 19 22
split_gain=0.099171 0.10855 0.105345 0.167309 0.065873 0.0650622 0.0732304 0.063455 0.0599969 0.0851413 0.124501 0.10674 0.0785049 0.0531192
threshold=-0.00473894571477007 -0.025747580640957498 -0.020707881803070146 -0.016413292501268547 0.027716745285560011 0.035940183515538189 0.034711730432517525 2.5000000000000004 0.0033701486466856333 0.0014908918336350443 0.0024915639828730911 -0.071990789446113132 0.002355375860448206 -0.0099168196713678141
decision_type=2 2 2 2 2 2 2 2 2 2 2 2 2 2
left_child=1 2 -1 -4 -2 6 8 -6 13 11 -11 -10 -13 -3
right_child=4 5 3 -5 7 -7 -8 -9 9 10 -12 12 -14 -15
leaf_value=5.4111947631708296e-05 1.2890900140266815e-05 -0.00012187282326573397 0.0012823956339024084 9.2692677900919426e-05 -5.4343235991442172e-05 0.00037664004702810941 -0.00057359872321957833 0.00058371729807061158 0.00046394742799480321 -0.00082365189009406487 -0.00018550116277044312 -0.0001214739244962337 0.00051588154161243138 -1.4319618065016005e-05
leaf_weight=3662 306302 14070 508 705 644 869 682 985 970 843 8110 8867 510 62349
leaf_count=3662 306302 14070 508 705 644 869 682 985 970 843 8110 8867 510 62349
internal_value=4.1634e-07 -4.22756e-05 0.000187939 0.000591582 1.45779e-05 -5.38154e-05 -5.76996e-05 0.000331591 -5.40178e-05 -0.000132785 -0.000245674 -3.50911e-05 -8.67579e-05 -3.41233e-05
internal_weight=410076 102145 4875 1213 307931 97270 96401 1629 95719 19300 8953 10347 9377 76419
internal_count=410076 102145 4875 1213 307931 97270 96401 1629 95719 19300 8953 10347 9377 76419
is_linear=0
shrinkage=0.05


Tree=8
num_leaves=15
num_cat=0
split_feature=20 22 19 11 5 22 22 19 14 19 22 19 14 14
split_gain=0.0968915 0.099531 0.100001 0.164094 0.0571975 0.0583266 0.12662 0.0999962 0.110047 0.0524644 0.140137 0.104626 0.0784969 0.0747414
threshold=-0.00473894571477007 -0.025747580640957498 -0.020707881803070146 0.037430613136836495 0.0031606288415728773 0.0014908918336350443 0.0024915639828730911 0.0024502386501124023 -0.071990789446113132 -0.003197197122793038 -0.00062522156579813959 -0.0027313307792880544 -0.028950328728657545 -0.097787285191703696
decision_type=2 2 2 2 2 2 2 2 2 2 2 2 2 2
left_child=1 2 -1 -4 -3 7 -7 8 -6 10 13 -11 -12 -2
right_child=9 4 3 -5 5 6 -8 -9 -10 11 12 -13 -14 -15
leaf_value=5.0247559812191993e-05 0.00034390221706723315 -3.1295291751398022e-05 0.0012647388504230903 7.2408311522100557e-05 0.00042405156335688046 -0.00074591578610786239 -0.000151167404193143 0.00056990931043763996 -0.00012570937506019809 -0.00019285851480544308 0.00076188330817122008 6.9845441088300975e-06 0.00021999216604711298 2.5427097522097615e-05
leaf_weight=3667 1881 73473 501 679 995 979 10320 626 10577 6762 828 207341 3456 87260
leaf_count=3667 1881 73473 501 679 995 979 10320 626 10577 6762 828 207341 3456 87260
internal_value=3.17121e-07 -4.19593e-05 0.000179135 0.000579286 -5.30123e-05 -0.000120915 -0.000202761 -4.5091e-05 -7.84065e-05 1.43142e-05 4.55776e-05 6.72044e-07 0.000324881 3.21512e-05
internal_weight=409345 101817 4847 1180 96970 23497 11299 12198 11572 307528 93425 214103 4284 89141
internal_count=409345 101817 4847 1180 96970 23497 11299 12198 11572 307528 93425 214103 4284 89141
is_linear=0
shrinkage=0.05


Tree=9
num_leaves=15
num_cat=0
split_feature=20 22 10 13 17 22 22 22 20 5 22 22 22 12
split_gain=0.0885797 0.0975031 0.101928 0.146981 0.0755982 0.0633849 0.0586867 0.0954049 0.074419 0.0658672 0.0800299 0.148859 0.146323 0.0837237
threshold=-0.0028629199514802468 -0.025747580640957498 2.5000000000000004 0.85987162660649219 -0.010293164263350028 -0.022469593315682154 -0.004723452200412869 -0.0087054012988811973 0.027716745285560011 0.0019579891706183517 -0.0072710932400419917 -0.007531087482836373 -0.0066875411980450985 -0.0023804941536041398
decision_type=2 2 2 2 2 2 2 2 2 2 2 2 2 2
left_child=1 2 3 -1 -5 -3 7 8 -2 -9 11 13 -12 -11
right_child=6 5 -4 4 -6 -7 -8 9 -10 10 12 -13 -14 -15
leaf_value=-2.7490680150242977e-05 1.0023759606265165e-05 -0.00028576958962378541 -2.0883060953644984e-05 0.0012140407338224152 0.00046274084397470529 -3.7054091544234203e-05 1.4411992187932171e-06 5.6856302010246326e-05 0.00043881117808604298 0.0001074413511617132 -0.00043240685205769391 0.0011195819383748565 0.00021415872972276522 0.00062812290201320605
leaf_weight=1129 57602 2614 3206 522 937 125633 193675 12443 1029 2416 1019 609 6158 1134
leaf_count=1129 57602 2614 3206 522 937 125633 193675 12443 1029 2416 1019 609 6158 1134
internal_value=2.87557e-07 -3.30612e-05 0.000167551 0.0004009 0.000732188 -4.21257e-05 1.64786e-05 5.18182e-05 1.75565e-05 0.000136292 0.000223472 0.000397969 0.000122311 0.000273896
internal_weight=410126 134041 5794 2588 1459 128247 276085 82410 58631 23779 11336 4159 7177 3550
internal_count=410126 134041 5794 2588 1459 128247 276085 82410 58631 23779 11336 4159 7177 3550
is_linear=0
shrinkage=0.05


Tree=10
num_leaves=15
num_cat=0
split_feature=22 22 14 5 14 22 22 5 5 22 13 21 10 17
split_gain=0.0599235 0.223851 0.179892 0.152492 0.0964178 0.130162 0.202018 0.105172 0.0801024 0.153503 0.0782323 0.0750489 0.0645506 0.120363
threshold=0.0014908918336350443 0.0014044104034969254 0.0020530128049134348 0.0074262101172617497 -0.071990789446113132 -0.029506454416010127 -0.024607092819337036 0.0042419741805183051 0.0033988069733330377 0.0018147945473395712 1.4124564858384909 -0.086227587319928148 1.5000000000000002 0.010531169028910605
decision_type=2 2 2 2 2 2 2 2 2 2 2 2 2 2
left_child=1 4 -3 8 5 11 7 -7 -2 -10 -8 -1 -6 -14
right_child=3 2 -4 -5 12 6 10 -9 9 -11 -12 -13 13 -15
leaf_value=0.00021421713983937017 -4.2034561160613329e-06 0.00023078317420593925 0.0013681368318326287 -0.00071304942490054866 4.4460430925732765e-05 0.0003677400079954477 5.1413200958636759e-05 0.0013208271909810312 -0.00077691269973466587 -7.5199234512455973e-05 0.00055223284942086638 -0.00042729275740972892 -2.3850797497208744e-05 0.0002197795490732111
leaf_weight=755 166966 1027 525 790 73880 529 3715 641 801 27626 986 1148 125471 5282
leaf_count=755 166966 1027 525 790 73880 529 3715 641 801 27626 986 1148 125471 5282
internal_value=-2.59305e-07 1.80413e-05 0.000616153 -2.02181e-05 1.36682e-05 0.000186491 0.00030296 0.000890583 -1.74133e-05 -9.49984e-05 0.000156552 -0.0001728 7.1018e-06 -1.40073e-05
internal_weight=410142 213959 1552 196183 212407 7774 5871 1170 195393 28427 4701 1903 204633 130753
internal_count=410142 213959 1552 196183 212407 7774 5871 1170 195393 28427 4701 1903 204633 130753
is_linear=0
shrinkage=0.05


Tree=11
num_leaves=15
num_cat=0
split_feature=20 22 19 11 22 11 10 21 22 22 22 19 19 19
split_gain=0.0780173 0.0890726 0.0983929 0.15793 0.0562428 0.0553467 0.0629444 0.0558668 0.0477219 0.0830733 0.0467036 0.114675 0.208774 0.0605827
threshold=-0.0026951937327683857 -0.025747580640957498 -0.020040447767126709 0.10371704942997916 -0.022469593315682154 -0.47127624974745902 2.5000000000000004 -0.18855300167234476 0.035940183515538189 0.034711730432517525 -0.004723452200412869 -0.0017476816039254104 -0.0014284494699688952 -0.015750767264155471
decision_type=2 2 2 2 2 2 2 2 2 2 2 2 2 2
left_child=1 2 5 -4 -3 -1 7 -7 9 -6 11 13 -13 -2
right_child=10 4 3 -5 8 6 -8 -9 -10 -11 -12 12 -14 -15
leaf_value=-0.00032144697577587424 -5.0145032574986167e-05 -0.00026718039484529589 0.0010357781904222316 6.2880410285703309e-07 -3.3843545469268137e-05 0.00075646895972838839 -5.2144857776790408e-05 0.00013521957159327809 0.00030731529011883576 -0.00056985073542431194 2.3258781065050261e-06 0.000889537315923176 0.00010254816418326225 5.6605766521309578e-05
leaf_weight=847 17086 2642 729 744 127404 580 2080 961 1014 726 190942 1101 3583 59821
leaf_count=847 17086 2642 729 744 127404 580 2080 961 1014 726 190942 1101 3583 59821
internal_value=3.56065e-07 -3.03154e-05 0.00015905 0.000513288 -3.88532e-05 4.2177e-05 0.000127299 0.000369384 -3.41801e-05 -3.68851e-05 1.58562e-05 4.75199e-05 0.000287685 3.28892e-05
internal_weight=410260 137727 5941 1473 131786 4468 3621 1541 129144 128130 272533 81591 4684 76907
internal_count=410260 137727 5941 1473 131786 4468 3621 1541 129144 128130 272533 81591 4684 76907
is_linear=0
shrinkage=0.05


Tree=12
num_leaves=15
num_cat=0
split_feature=20 22 19 11 19 11 11 17 5 19 19 21 13 19
split_gain=0.072117 0.0726178 0.089322 0.142398 0.0544106 0.0636887 0.0497929 0.0535948 0.0469005 0.060187 0.133828 0.12182 0.0943785 0.089278
threshold=-0.0028629199514802468 -0.025747580640957498 -0.020707881803070146 -0.086104783599092086 -0.016937014377549572 -0.086104783599092086 -0.47127624974745902 -0.0057366184799810252 0.0029736992033313381 -0.0035190323582068857 -0.0039732098375909733 -0.3560529528620246 0.74580545937676079 -0.0018869546834343607
decision_type=2 2 2 2 2 2 2 2 2 2 2 2 2 2
left_child=1 2 6 -4 5 -3 -1 -8 -6 10 11 -10 -11 -14
right_child=-2 4 3 -5 8 -7 7 -9 9 12 -12 -13 13 -15
leaf_value=-0.00031293092903787555 1.4385077640215343e-05 5.9054340017094267e-05 0.0010777912767487971 7.5723791163912575e-05 -1.4520171461049155e-05 -0.00039701271851875315 0.00026619278155132583 -0.00013697446826929172 0.00040414184301834383 8.5127933678349596e-07 0.00079504387628076848 -0.00010122422807782238 -0.00055851802980908709 -0.00016283338132758087
leaf_weight=857 275784 1180 592 882 92300 2177 2157 1333 1406 8798 526 7820 1605 12709
leaf_count=857 275784 1180 592 882 92300 2177 2157 1333 1406 8798 526 7820 1605 12709
internal_value=-2.48531e-07 -3.0289e-05 0.000142429 0.00047864 -3.81128e-05 -0.000236733 2.83407e-05 0.000112209 -3.27838e-05 -8.40761e-05 2.00903e-05 -2.41733e-05 -0.000128028 -0.000207237
internal_weight=410126 134342 5821 1474 128521 3357 4347 3490 125164 32864 9752 9226 23112 14314
internal_count=410126 134342 5821 1474 128521 3357 4347 3490 125164 32864 9752 9226 23112 14314
is_linear=0
shrinkage=0.05


Tree=13
num_leaves=15
num_cat=0
split_feature=20 22 19 14 18 19 13 22 20 13 22 22 5 18
split_gain=0.0646956 0.0696943 0.0738731 0.119801 0.0530011 0.04572 0.0460624 0.0437041 0.0794427 0.139073 0.0792738 0.0789737 0.0759322 0.0730865
threshold=-0.0026951937327683857 -0.025747580640957498 -0.020707881803070146 -0.026193736051973889 -0.11592101189898839 -0.016937014377549572 0.92988894518219078 -0.047596385518319843 0.027716745285560011 1.0337394459433653 -0.040136251687286566 -0.029506454416010127 0.0036986352870528017 0.069540844297817941
decision_type=2 2 2 2 2 2 2 2 2 2 2 2 2 2
left_child=1 2 4 -4 -1 6 -3 -2 10 -10 12 13 -9 -12
right_child=7 5 3 -5 -6 -7 -8 8 9 -11 11 -13 -14 -15
leaf_value=0.00017719876975064373 -0.00026561321448545738 -0.00045380868042207653 0.00086456208346387105 -2.0925969585319537e-05 -0.00017511431802910699 -3.0936685025736903e-05 -7.2334461949572103e-05 9.943961092904861e-05 1.8420329665934709e-06 0.0010343469149679766 2.1120198380014921e-05 1.5054888764037995e-05 0.00086586027648762043 -0.00038089625196175813
leaf_weight=2657 1390 1279 793 736 1783 128283 2074 844 861 524 2102 263796 523 2445
leaf_count=2657 1390 1279 793 736 1783 128283 2074 844 861 524 2102 263796 523 2445
internal_value=-1.77895e-07 -2.81239e-05 0.000138967 0.000438588 3.57105e-05 -3.57016e-05 -0.00021794 1.39349e-05 1.53692e-05 0.000392944 1.34289e-05 1.14934e-05 0.000393083 -0.000195087
internal_weight=410090 137605 5969 1529 4440 131636 3353 272485 271095 1385 269710 268343 1367 4547
internal_count=410090 137605 5969 1529 4440 131636 3353 272485 271095 1385 269710 268343 1367 4547
is_linear=0
shrinkage=0.05


Tree=14
num_leaves=15
num_cat=0
split_feature=20 12 22 22 13 19 19 14 20 5 22 14 4 22
split_gain=0.060872 0.0613456 0.0519189 0.0585668 0.0411813 0.0421643 0.0794916 0.0896775 0.0611947 0.0612814 0.0584607 0.0612144 0.0745129 0.0603485
threshold=-0.00473894571477007 -0.05615145605568133 0.035940183515538189 0.034711730432517525 1.9632071346092974 0.0085310527010515908 0.0038093682516423537 -0.0098893849770418912 -0.0092963518857480092 0.0051172428532807327 0.0035928182519265888 -0.071990789446113132 0.0037662694761787744 -0.0099168196713678141
decision_type=2 2 2 2 2 2 2 2 2 2 2 2 2 2
left_child=1 -1 3 4 5 6 10 -8 9 -7 11 12 -3 -13
right_child=-2 2 -4 -5 -6 8 7 -9 -10 -11 -12 13 -14 -15
leaf_value=0.0001965135890087742 1.0862572360680962e-05 3.3536960421040581e-05 0.00034595172138605803 -0.00051191829733840844 -0.00038835075706472708 -0.00016043474715107003 -0.00010766853623639205 0.0001638608487350209 6.5480145012402988e-06 -0.0007031914360898857 -0.00018686394536977135 -0.00010834740475995023 0.00077500051557707894 -1.3467376268571991e-06
leaf_weight=2814 308369 1006 862 662 842 9026 4326 10230 6554 551 6617 20160 510 38043
leaf_count=2814 308369 1006 862 662 842 9026 4326 10230 6554 551 6617 20160 510 38043
internal_value=-2.21031e-07 -3.36625e-05 -4.01814e-05 -4.35631e-05 -4.03897e-05 -3.7366e-05 -2.26462e-05 8.31613e-05 -0.000111176 -0.000191732 -4.58642e-05 -3.02383e-05 0.00028332 -3.84102e-05
internal_weight=410572 102203 99389 98527 97865 97023 80892 14556 16131 9577 66336 59719 1516 58203
internal_count=410572 102203 99389 98527 97865 97023 80892 14556 16131 9577 66336 59719 1516 58203
is_linear=0
shrinkage=0.05


Tree=15
num_leaves=15
num_cat=0
split_feature=20 11 13 14 13 11 20 8 14 11 5 11 5 17
split_gain=0.0552312 0.0509301 0.0549012 0.0498767 0.0742174 0.0475129 0.0577337 0.0410791 0.0399263 0.0639796 0.0380395 0.0359827 0.0701823 0.0420111
threshold=-0.0050652031113255771 0.49324309266412864 1.6030277577618746 -0.077267281531425744 1.4937198340962914 -1.1375198010472147 0.027716745285560011 0.38450405329080811 -0.11465517671076018 -0.33973119278499669 0.0041372644744093632 -0.13471612474730724 0.0025967141160192744 0.0077127864819493972
decision_type=2 2 2 2 2 2 2 2 2 2 2 2 2 2
left_child=-1 3 -3 4 7 -5 11 -2 -9 10 -10 13 -13 -7
right_child=1 2 -4 5 -6 6 -8 8 9 -11 -12 12 -14 -15
leaf_value=-3.2294186595789553e-05 -0.00019246503188981873 -3.4245807180903546e-05 -0.00030540154270541523 -0.00020019895111448313 0.00060414796143454729 1.620987221129975e-06 0.0004029115617704671 -0.00016196307889862203 0.0002563320765563715 -3.5228276443145087e-06 0.00077385749014098344 9.2819450492785488e-06 7.9300683458942019e-05 -0.00010343331219241123
leaf_weight=97141 1004 25537 2013 2558 828 80741 961 709 801 1240 639 137199 48417 10787
leaf_count=97141 1004 25537 2013 2558 828 80741 961 709 801 1240 639 137199 48417 10787
internal_value=6.46704e-07 1.0856e-05 -5.40687e-05 1.71128e-05 0.000170221 1.4264e-05 1.62374e-05 8.83146e-05 0.000171528 0.000259782 0.000486362 1.48951e-05 2.75463e-05 -1.07611e-05
internal_weight=410575 313434 27550 285884 5221 280663 278105 4393 3389 2680 1440 277144 185616 91528
internal_count=410575 313434 27550 285884 5221 280663 278105 4393 3389 2680 1440 277144 185616 91528
is_linear=0
shrinkage=0.05


Tree=16
num_leaves=15
num_cat=0
split_feature=19 22 22 19 22 22 19 14 14 22 22 7 4 14
split_gain=0.0558661 0.140469 0.129264 0.106856 0.118872 0.278449 0.0973522 0.0887592 0.0866966 0.126642 0.138295 0.0779671 0.0766431 0.0706795
threshold=-0.003197197122793038 -0.00062522156579813959 -0.012187269333477855 -0.0026802437670980779 -0.0071310231853185515 -0.007531087482836373 -0.00082124896432889105 -0.082294382993790868 -0.071990789446113132 -0.029506454416010127 -0.024607092819337036 -0.038683441367021336 0.0041374803776526798 -0.028950328728657545
decision_type=2 2 2 2 2 2 2 2 2 2 2 2 2 2
left_child=1 8 6 -4 5 -5 -2 11 9 -1 12 -6 -11 -3
right_child=2 13 3 4 7 -7 -8 -9 -10 10 -12 -13 -14 -15
leaf_value=-0.00015357856917345416 -6.4433840647250268e-05 0.00070337541331030732 -0.00016467929463391843 1.1516194090081927e-05 -0.00073456500245700114 0.0011349033013988315 -0.00085033946323169311 -5.2892745146877526e-06 6.691607107335149e-06 0.00045282793298904458 0.00017419249703829154 -2.50877719850331e-06 0.0012668141643853864 0.00020255965224481431
leaf_weight=1868 775 854 10766 1991 785 762 801 266494 115839 681 3465 677 504 4012
leaf_count=1868 775 854 10766 1991 785 762 801 266494 115839 681 3465 677 504 4012
internal_value=-3.65953e-07 2.71544e-05 -1.27356e-05 -1.02064e-05 -4.06251e-06 0.000322757 -0.000464155 -7.42147e-06 1.6676e-05 0.000194092 0.000333761 -0.000395809 0.000799806 0.000290581
internal_weight=410274 127223 283051 281475 270709 2753 1576 267956 122357 6518 4650 1462 1185 4866
internal_count=410274 127223 283051 281475 270709 2753 1576 267956 122357 6518 4650 1462 1185 4866
is_linear=0
shrinkage=0.05


Tree=17
num_leaves=15
num_cat=0
split_feature=19 13 19 11 19 5 19 21 13 19 19 19 19 5
split_gain=0.0514921 0.103341 0.119359 0.17554 0.118416 0.101775 0.1061 0.0874687 0.0933895 0.0606372 0.125751 0.0630249 0.060103 0.059722
threshold=-0.0030796110586879251 1.2657445772100477 -0.0018869546834343607 0.4334068288995489 -0.0027313307792880544 0.0035576302890857983 -0.0041530809849009689 -0.3560529528620246 1.1361440795977293 -0.010193857073352129 -0.011194997371483493 -0.016125802878148739 -0.00098138163580391269 0.0037770748224007417
decision_type=2 2 2 2 2 2 2 2 2 2 2 2 2 2
left_child=5 4 3 -3 -2 9 7 -7 -9 10 11 -1 -6 -4
right_child=1 2 13 -5 12 6 -8 8 -10 -11 -12 -13 -14 -15
leaf_value=-7.6781071101339384e-05 -0.00020124406183703197 -0.00018792308352742597 -3.1525343513499113e-05 -0.0011075296664766292 7.1107825288676776e-05 0.00047244429810603978 0.00043956715022077855 -1.6690440291158524e-05 0.00019502789137488142 3.6532627245450189e-05 -0.00025415919524027409 5.4983812131488055e-05 -4.0392389942188132e-06 -0.00021843218181696739
leaf_weight=17030 7136 2236 23502 675 30429 1363 2294 14360 8172 60635 5967 19426 211847 5223
leaf_count=17030 7136 2236 23502 675 30429 1363 2294 14360 8172 60635 5967 19426 211847 5223
internal_value=6.99735e-07 -1.13122e-05 -9.6441e-05 -0.000401468 -5.13896e-07 2.68196e-05 0.000114834 8.3641e-05 6.01017e-05 4.45262e-06 -4.1399e-05 -6.56905e-06 5.39922e-06 -6.55166e-05
internal_weight=410295 281048 31636 2911 249412 129247 26189 23895 22532 103058 42423 36456 242276 28725
internal_count=410295 281048 31636 2911 249412 129247 26189 23895 22532 103058 42423 36456 242276 28725
is_linear=0
shrinkage=0.05


Tree=18
num_leaves=15
num_cat=0
split_feature=22 22 22 20 10 13 22 22 19 5 22 20 22 22
split_gain=0.0536324 0.177156 0.0881637 0.0708503 0.0670126 0.0541781 0.0539097 0.182788 0.187152 0.0941558 0.13101 0.0792472 0.153043 0.117937
threshold=0.035940183515538189 0.034711730432517525 0.030750262930672626 -0.013347551567588432 2.5000000000000004 1.1613857822202649 0.0014908918336350443 0.0014044104034969254 -0.0009122099377015801 0.0033988069733330377 0.0018147945473395712 0.0072801115751861553 -0.026534696288983469 -0.024607092819337036
decision_type=2 2 2 2 2 2 2 2 2 2 2 2 2 2
left_child=1 2 6 -4 -2 -3 7 11 -9 -8 -11 -1 -13 -14
right_child=4 5 3 -5 -6 -7 9 8 -10 10 -12 12 13 -15
leaf_value=-2.5623524397111966e-06 -0.00018503865186076694 -0.00030294474382283425 -0.00019384801348201633 0.00037267524262590379 0.00034828942831488128 -0.00099189955269534009 -6.6012897884810025e-06 3.1535074036786557e-05 0.0011301083015073689 -0.00074543081811921077 -8.8878953432547565e-05 -0.00023425662504983512 0.00063959009947628267 9.263215457379619e-05
leaf_weight=173664 796 621 695 2669 2258 529 162265 812 741 782 25687 3590 1014 34022
leaf_count=173664 796 621 695 2669 2258 529 162265 812 741 782 25687 3590 1014 34022
internal_value=5.51307e-07 -1.01499e-06 7.41349e-07 0.000255609 0.000209267 -0.00062045 -1.389e-06 1.58002e-05 0.000556099 -2.0865e-05 -0.000108304 1.18451e-05 7.66198e-05 0.00010848
internal_weight=410145 407091 405941 3364 3054 1150 402577 213843 1553 188734 26469 212290 38626 35036
internal_count=410145 407091 405941 3364 3054 1150 402577 213843 1553 188734 26469 212290 38626 35036
is_linear=0
shrinkage=0.05


Tree=19
num_leaves=15
num_cat=0
split_feature=10 22 22 20 11 4 11 10 22 22 19 22 5 5
split_gain=0.0504621 0.110124 0.192614 0.103403 0.124219 0.0945532 0.0850722 0.0803724 0.0823889 0.0676052 0.167949 0.0838719 0.150967 0.0827949
threshold=2.5000000000000004 0.035940183515538189 0.034711730432517525 0.0083425385788680213 -0.6201568236545838 0.0032189398608788696 -0.16658267822347633 3.5000000000000004 0.027784614156541102 0.0093029604391741145 0.0060076070690906489 0.014415420150111548 0.0047189359375879392 0.006145005137996447
decision_type=2 2 2 2 2 2 2 2 2 2 2 2 2 2
left_child=9 2 3 7 5 -5 -6 8 -2 13 11 12 -11 -1
right_child=1 -3 -4 4 6 -7 -8 -9 -10 10 -12 -13 -14 -15
leaf_value=2.4066861214906243e-05 -6.9688253940572794e-05 0.00032379703628795671 -0.00082410122961992501 0.00021567629804988432 -0.00011850665712534157 0.0010030683287488159 0.00010545755013733234 -6.0060790303315053e-07 -0.00050126331177141169 -0.00027709324887354299 -4.7814178667767486e-06 8.7859160349772848e-05 -0.0011377406073802571 0.00027158167994459055
leaf_weight=186456 68604 2277 752 1097 5872 584 15249 69256 1123 3961 50231 1163 584 3440
leaf_count=186456 68604 2277 752 1097 5872 584 15249 69256 1123 3961 50231 1163 584 3440
internal_value=-3.03383e-08 -2.14366e-05 -2.6275e-05 -2.25615e-05 7.61236e-05 0.00048966 4.3189e-05 -3.87525e-05 -7.66461e-05 1.4321e-05 -3.39888e-05 -0.000290971 -0.000387906 2.8552e-05
internal_weight=410649 164814 162537 161785 22802 1681 21121 138983 69727 245835 55939 5708 4545 189896
internal_count=410649 164814 162537 161785 22802 1681 21121 138983 69727 245835 55939 5708 4545 189896
is_linear=0
shrinkage=0.05


Tree=20
num_leaves=15
num_cat=0
split_feature=22 22 20 13 21 18 22 22 22 20 13 20 22 18
split_gain=0.0468342 0.122272 0.0530276 0.122765 0.0510402 0.045721 0.0431645 0.135295 0.0851346 0.0615281 0.0483144 0.0402544 0.0669688 0.0791793
threshold=-0.047596385518319843 -0.040136251687286566 0.027716745285560011 1.0337394459433653 -0.068596194582046896 0.11561526251626532 0.035940183515538189 0.034711730432517525 0.030750262930672626 -0.013347551567588432 1.1613857822202649 -0.00473894571477007 -0.029506454416010127 0.069540844297817941
decision_type=2 2 2 2 2 2 2 2 2 2 2 2 2 2
left_child=5 4 6 -4 -2 -1 7 8 11 -10 -9 -3 13 -13
right_child=1 2 3 -5 -6 -7 -8 10 9 -11 -12 12 -14 -15
leaf_value=-8.6300141838299227e-05 0.00081052282982543215 -3.1568849124622313e-05 -5.6935863082946816e-05 0.00090568431169882064 0.00023657637057737776 -0.00061923614383911424 0.00018552670041202003 -0.00024682248062843912 -0.00016774775358040922 0.00035480873217070657 -0.0009008634164097177 3.2143830738698813e-05 8.4697763292617889e-06 -0.00036133943812563236
leaf_weight=1337 545 98137 880 530 1338 575 3052 616 710 2716 522 2442 293563 2682
leaf_count=1337 545 98137 880 530 1338 575 3052 616 710 2716 522 2442 293563 2682
internal_value=7.37103e-09 1.16539e-06 -7.00139e-07 0.000305286 0.000403037 -0.000246811 -1.76765e-06 -3.19222e-06 -1.64367e-06 0.000246497 -0.000547358 -3.78663e-06 5.34161e-06 -0.000173843
internal_weight=409645 407733 405850 1410 1883 1912 404440 401388 400250 3426 1138 396824 298687 5124
internal_count=409645 407733 405850 1410 1883 1912 404440 401388 400250 3426 1138 396824 298687 5124
is_linear=0
shrinkage=0.05


Tree=21
num_leaves=15
num_cat=0
split_feature=10 22 22 20 11 4 10 22 17 19 22 19 22 4
split_gain=0.0438712 0.0950627 0.152733 0.0948478 0.116214 0.0742024 0.0696645 0.0686652 0.0639446 0.0822858 0.0622842 0.144189 0.0718622 0.117793
threshold=2.5000000000000004 0.035940183515538189 0.034711730432517525 0.0080702866769527554 -0.69315592758838906 0.0026462164096159894 3.5000000000000004 0.027784614156541102 0.0059671318642284818 0.00084371578798803093 0.0093029604391741145 0.0060076070690906489 0.014415420150111548 0.0032189398608788696
decision_type=2 2 2 2 2 2 2 2 2 2 2 2 2 2
left_child=10 2 3 6 5 -5 7 8 -2 -10 -1 12 13 -12
right_child=1 -3 -4 4 -6 -7 -8 -9 9 -11 11 -13 -14 -15
leaf_value=2.7128489556554886e-05 -5.8618906429327742e-05 0.00030238692079768108 -0.00073622657648496294 0.00013814850981711124 4.2668025856858415e-05 0.00085692243790706768 -1.2913075512331551e-06 -0.00046146203944870222 -0.00077731318442436702 -5.1167673120189219e-05 -0.00024598328947854369 -5.9416522897466378e-06 8.3567320561148259e-05 -0.00092563428930461102
leaf_weight=189515 66627 2256 749 702 22785 735 68355 1115 714 859 3761 49972 1135 767
leaf_count=189515 66627 2256 749 702 22785 735 68355 1115 714 859 3761 49972 1135 767
internal_value=6.01814e-08 -1.9881e-05 -2.4353e-05 -2.1055e-05 7.01832e-05 0.000506129 -3.71081e-05 -7.24282e-05 -6.60613e-05 -0.000381057 1.34734e-05 -3.30409e-05 -0.00027213 -0.000361289
internal_weight=410047 164897 162641 161892 24222 1437 137670 69315 68200 1573 245150 55635 5663 4528
internal_count=410047 164897 162641 161892 24222 1437 137670 69315 68200 1573 245150 55635 5663 4528
is_linear=0
shrinkage=0.05


Tree=22
num_leaves=15
num_cat=0
split_feature=10 22 22 10 20 11 19 22 22 22 19 22 22 19
split_gain=0.0412147 0.0934048 0.142953 0.0818997 0.11871 0.101155 0.0744141 0.121681 0.0865908 0.073308 0.0750973 0.108449 0.1369 0.123431
threshold=2.5000000000000004 0.035940183515538189 0.034711730432517525 3.5000000000000004 0.019120642961660609 -0.42539974960143839 -0.016125802878148739 -0.023533481021522692 -0.0091346223297714118 -0.034417383641141601 -0.001328707659335848 -0.0099168196713678141 -0.012497179139421275 -0.0075154728810680185
decision_type=2 2 2 2 2 2 2 2 2 2 2 2 2 2
left_child=-1 2 3 4 9 -6 7 -5 -8 -2 11 12 -11 -14
right_child=1 -3 -4 6 5 -7 8 -9 -10 10 -12 -13 13 -15
leaf_value=1.2052103386071198e-05 -0.00046790617515930712 0.00029610734063298654 -0.00071027024501358607 -2.6179775466920232e-05 0.0007679755404244701 -6.7191959059773219e-07 0.00014227688813004682 -0.00054468490272107165 2.3342826405402799e-06 -1.3343068612961469e-06 -0.00010031061246212777 9.5813469614203467e-05 -0.00092124056324252221 -0.00021063003917674148
leaf_weight=245388 1120 2299 756 4569 792 930 13459 1503 61834 11119 46901 15070 742 3448
leaf_count=245388 1120 2299 756 4569 792 930 13459 1503 61834 11119 46901 15070 742 3448
internal_value=-9.30215e-07 -2.02912e-05 -2.47764e-05 -2.15629e-05 -5.74453e-05 0.000353093 1.37716e-05 -0.000154594 2.73513e-05 -6.64669e-05 -6.06429e-05 5.99821e-07 -9.31275e-05 -0.000336661
internal_weight=409930 164542 162243 161487 80122 1722 81365 6072 75293 78400 77280 30379 15309 4190
internal_count=409930 164542 162243 161487 80122 1722 81365 6072 75293 78400 77280 30379 15309 4190
is_linear=0
shrinkage=0.05


Tree=23
num_leaves=15
num_cat=0
split_feature=11 13 22 22 12 22 22 22 17 13 9 22 22 22
split_gain=0.0397936 0.0897852 0.0966598 0.112482 0.077381 0.0706961 0.0543184 0.0415946 0.110826 0.0470328 0.0539626 0.0403011 0.0391705 0.110983
threshold=0.52745525037557928 1.6030277577618746 0.0016829495925761997 0.0073409108528471609 -0.050543316940780396 -0.023533481021522692 -0.019282831398915953 0.024007854234069041 -0.0059828098665016252 1.7306976072852798 0.63461538461538469 -0.024607092819337036 -0.047596385518319843 -0.040136251687286566
decision_type=2 2 2 2 2 2 2 2 2 2 2 2 2 2
left_child=7 4 -3 -4 -2 11 -7 12 9 10 -9 -6 -1 -14
right_child=1 2 3 -5 5 6 -8 8 -10 -11 -12 -13 13 -15
leaf_value=-0.00022443848263518928 0.0004712347637889963 -7.520786552063391e-05 -0.0012273497068178056 -0.00020646568305079547 -0.00010145860153846355 0.0003913849758811105 -3.6919644799087554e-05 -0.00048277597692715702 0.00014104391323377201 0.00019546687180439093 7.4820513881356947e-05 -0.00067672748859000549 0.00038841415067131729 7.7278003628150678e-07
leaf_weight=1906 754 1488 518 563 563 761 25943 1488 13599 559 612 663 1855 358889
leaf_count=1906 754 1488 518 563 563 761 25943 1488 13599 559 612 663 1855 358889
internal_value=6.07284e-07 -5.36194e-05 -0.000336741 -0.000696341 -2.82515e-05 -4.17521e-05 -2.46998e-05 5.08013e-06 8.33182e-05 -0.000211852 -0.000320318 -0.000412852 1.57241e-06 2.76716e-06
internal_weight=410161 31253 2569 1081 28684 27930 26704 378908 16258 2659 2100 1226 362650 360744
internal_count=410161 31253 2569 1081 28684 27930 26704 378908 16258 2659 2100 1226 362650 360744
is_linear=0
shrinkage=0.05


Tree=24
num_leaves=15
num_cat=0
split_feature=20 19 19 18 19 14 19 10 19 19 10 12 12 10
split_gain=0.0394298 0.0602741 0.130959 0.0933975 0.0577996 0.0839338 0.0524412 0.10678 0.0942805 0.154902 0.0784683 0.0909998 0.0751279 0.0688934
threshold=0.0013062630351876605 -0.019340890612886571 -0.020040447767126709 -0.015149475170872525 0.0038093682516423537 -0.082294382993790868 -0.00082124896432889105 1.5000000000000002 -0.0018869546834343607 -0.0020108370170823227 3.5000000000000004 -0.026848032935114948 0.0063783769280790778 2.5000000000000004
decision_type=2 2 2 2 2 2 2 2 2 2 2 2 2 2
left_child=1 2 3 -1 6 -6 8 -8 9 -3 11 -9 -13 -14
right_child=-2 4 -4 -5 5 -7 7 10 -10 -11 -12 12 13 -15
leaf_value=0.00017391826345044431 1.7659456380486304e-05 -2.4113098055662796e-05 0.00072695043938733519 -0.0002526289441497881 -0.00059586903467781591 2.0061752969472665e-05 8.6884978712349046e-06 -0.00061121224186654174 0.0001203133892285665 -0.00055863060257616926 7.5202900007127875e-06 -8.8011130680906683e-05 -0.00013621356015384564 -0.00042195072941242622
leaf_weight=4514 184862 73176 812 1792 556 79256 21605 1161 11410 1380 7314 14369 4316 4128
leaf_count=4514 184862 73176 812 1792 556 79256 21605 1161 11410 1380 7314 14369 4316 4128
internal_value=5.36766e-07 -1.34822e-05 0.000129693 5.26839e-05 -1.81434e-05 1.57635e-05 -3.7632e-05 -7.68042e-05 -1.35296e-05 -3.40142e-05 -0.000135837 -0.000179571 -0.000157578 -0.000275935
internal_weight=410651 225789 7118 6306 218671 79812 138859 52893 85966 74556 31288 23974 22813 8444
internal_count=410651 225789 7118 6306 218671 79812 138859 52893 85966 74556 31288 23974 22813 8444
is_linear=0
shrinkage=0.05


Tree=25
num_leaves=15
num_cat=0
split_feature=11 13 22 22 5 18 10 11 5 22 17 13 11 13
split_gain=0.040395 0.0687662 0.0391932 0.0960713 0.0556238 0.045803 0.0362294 0.0320222 0.0492803 0.0317982 0.103418 0.042358 0.0405229 0.0361904
threshold=0.51627017350430948 2.0703886101545197 -0.047596385518319843 -0.040136251687286566 0.0031606288415728773 0.11561526251626532 2.5000000000000004 0.69563235694769743 0.0051172428532807327 0.024007854234069041 -0.0059828098665016252 1.7306976072852798 0.047431011805486749 1.2657445772100477
decision_type=2 2 2 2 2 2 2 2 2 2 2 2 2 2
left_child=2 7 5 4 -4 6 -1 8 -2 -5 11 12 -11 -12
right_child=1 -3 3 9 -6 -7 -8 -9 -10 10 13 -13 -14 -15
leaf_value=0.0002696252759740128 -7.7307501166117541e-05 -0.00049622027271292583 8.7023117902150388e-05 2.5101991732583896e-07 0.00063896025057074519 -0.00059983460366998947 -0.0002698487053105786 5.7722147321351391e-06 -0.00056285770592232997 -0.00044289632989392383 0.0001648329921827947 0.00017129300169700681 5.365519688438419e-05 -5.7118909167406119e-05
leaf_weight=506 14606 855 901 357146 925 565 805 16654 541 1571 11260 572 556 2194
leaf_count=506 14606 855 901 357146 925 565 805 16654 541 1571 11260 572 556 2194
internal_value=-6.36622e-07 -5.39832e-05 3.98441e-06 5.12477e-06 0.000366816 -0.000223924 -6.15839e-05 -4.2078e-05 -9.46857e-05 3.35458e-06 7.19705e-05 -0.000210443 -0.000313133 0.000128637
internal_weight=409657 32656 377001 375125 1826 1876 1311 31801 15147 373299 16153 2699 2127 13454
internal_count=409657 32656 377001 375125 1826 1876 1311 31801 15147 373299 16153 2699 2127 13454
is_linear=0
shrinkage=0.05


Tree=26
num_leaves=15
num_cat=0
split_feature=19 22 22 19 22 22 10 5 18 14 22 19 22 19
split_gain=0.0370833 0.119838 0.111836 0.109798 0.0944537 0.231015 0.0830716 0.0807177 0.0737321 0.0669847 0.0661979 0.071654 0.161477 0.0877863
threshold=-0.0030796110586879251 -0.00062522156579813959 -0.012187269333477855 -0.0026802437670980779 -0.0071310231853185515 -0.007531087482836373 1.5000000000000002 0.0049103137116912792 -0.28647491776494211 -0.082294382993790868 -0.047596385518319843 -0.011357258456344608 -0.018327769648685484 -0.0043087394022177086
decision_type=2 2 2 2 2 2 2 2 2 2 2 2 2 2
left_child=1 7 6 -4 5 -5 -2 -1 -9 -6 -10 12 -12 -13
right_child=2 -3 3 4 9 -7 -8 8 10 -11 11 13 -14 -15
leaf_value=1.795939674090744e-07 -5.5426326834859701e-05 0.00025693880137248601 -0.00018158532519065826 4.213350016538387e-06 -0.00034711463187027869 0.0010242930980681403 -0.00078467678335503816 0.00053968292344142238 -0.0003711746899559957 -3.2711183433187898e-06 0.00011274618794989631 -0.0001263985971082982 0.00081275106887429875 0.00053710742957880915
leaf_weight=113473 757 5219 8797 1988 1423 769 806 1066 687 266347 3737 3214 1056 589
leaf_count=113473 757 5219 8797 1988 1423 769 806 1066 687 266347 3737 3214 1056 589
internal_value=7.76287e-08 2.2265e-05 -1.01154e-05 -7.75458e-06 -2.1013e-06 0.000289009 -0.000431744 1.23717e-05 0.00014604 -5.09968e-06 0.000100784 0.000138542 0.00026711 -2.35221e-05
internal_weight=409928 129041 280887 279324 270527 2757 1563 123822 10349 267770 9283 8596 4793 3803
internal_count=409928 129041 280887 279324 270527 2757 1563 123822 10349 267770 9283 8596 4793 3803
is_linear=0
shrinkage=0.05


Tree=27
num_leaves=15
num_cat=0
split_feature=20 22 19 11 22 22 19 11 22 10 17 19 5 13
split_gain=0.0358251 0.0507448 0.0620593 0.107447 0.0492734 0.273799 0.121494 0.0930596 0.0744455 0.102394 0.0756594 0.0726244 0.0696401 0.066413
threshold=-0.0028629199514802468 -0.025747580640957498 -0.020040447767126709 -0.029653858633685696 -0.0099168196713678141 -0.010559555949042286 -0.00082124896432889105 -0.0076466250743296065 -0.011706895888610789 1.0000000180025095e-35 -0.0055063434698007221 -0.0044230765082904347 0.0038588279491214403 0.74580545937676079
decision_type=2 2 2 2 2 2 2 2 2 2 2 2 2 2
left_child=1 2 -1 -4 5 6 7 8 9 -3 -10 -6 -13 -14
right_child=-2 4 3 -5 11 -7 -8 -9 10 -11 -12 12 13 -15
leaf_value=3.0309605358606674e-05 1.0291658060252076e-05 -0.00029075592400952982 0.00093032344333473279 4.7029479051737257e-05 0.00011592268388363198 -0.00089182282063794173 -0.00073684251941282973 -0.00013312762171820838 0.00082375575589336235 0.00011458041109167164 -5.1706814591774692e-07 -1.0467802886130999e-05 2.3775116970984458e-05 -0.00022744826503952339
leaf_weight=4384 275884 1994 584 837 9889 1025 637 11714 624 7113 502 83594 4012 7639
leaf_count=4384 275884 1994 584 837 9889 1025 637 11714 624 7113 502 83594 4012 7639
internal_value=-2.45005e-08 -2.11772e-05 0.000123417 0.000410443 -2.76978e-05 -9.29713e-05 -5.66766e-05 -3.69025e-05 7.32513e-05 2.58088e-05 0.000456599 -1.30392e-05 -2.643e-05 -0.000140945
internal_weight=410432 134548 5805 1421 128743 23609 22584 21947 10233 9107 1126 105134 95245 11651
internal_count=410432 134548 5805 1421 128743 23609 22584 21947 10233 9107 1126 105134 95245 11651
is_linear=0
shrinkage=0.05


Tree=28
num_leaves=15
num_cat=0
split_feature=22 5 22 13 20 22 10 10 5 5 13 11 10 22
split_gain=0.0359448 0.10294 0.070695 0.198454 0.0634828 0.0563861 0.0904316 0.278673 0.115679 0.0544794 0.0736196 0.0783191 0.0641467 0.0786348
threshold=0.0016829495925761997 0.0074262101172617497 0.0018147945473395712 0.95841110250254713 -0.011346025100168354 0.001338049188288615 2.5000000000000004 1.5000000000000002 0.0021273077781004709 0.0047189359375879392 1.4124564858384909 -1.1375198010472147 3.5000000000000004 -0.029506454416010127
decision_type=2 2 2 2 2 2 2 2 2 2 2 2 2 2
left_child=5 2 3 -2 -4 9 7 -7 -9 -1 11 -11 13 -12
right_child=1 -3 4 -5 -6 6 -8 8 -10 10 12 -13 -14 -15
leaf_value=1.8475370894538316e-06 8.5871856106563575e-05 -0.00059410143020124039 -0.00010670828329636251 -0.0010531587698506867 -2.1649170139010279e-06 6.1673668049392773e-05 -0.00013935924368188449 0.00040913922688365871 0.0013857844803240706 -0.00053908918779908951 2.3824686394391395e-06 7.3373786328841548e-05 1.6711690922220885e-06 0.00069451131558943445
leaf_weight=195427 1019 766 15841 611 174175 4184 1982 580 637 546 583 11410 1024 1385
leaf_count=195427 1019 766 15841 611 174175 4184 1982 580 637 546 583 11410 1024 1385
internal_value=-2.61914e-07 -1.60081e-05 -1.36944e-05 -0.000341474 -1.08809e-05 1.36515e-05 0.000149458 0.000255451 0.000921051 8.88478e-06 0.000100882 4.53614e-05 0.000322652 0.000489581
internal_weight=410170 192412 191646 1630 190016 217758 7383 5401 1217 210375 14948 11956 2992 1968
internal_count=410170 192412 191646 1630 190016 217758 7383 5401 1217 210375 14948 11956 2992 1968
is_linear=0
shrinkage=0.05


Tree=29
num_leaves=15
num_cat=0
split_feature=14 13 14 4 13 10 4 10 22 22 10 19 19 22
split_gain=0.0308572 0.0772096 0.0679706 0.0463107 0.0350497 0.0452237 0.0648354 0.0350813 0.0802679 0.107285 0.0641717 0.0703291 0.105085 0.0974382
threshold=-0.097787285191703696 1.4937198340962914 -0.11465517671076018 0.0038297742256824144 1.9632071346092974 1.5000000000000002 0.0024523940640815947 2.5000000000000004 0.035940183515538189 0.034711730432517525 3.5000000000000004 -0.014452974769637915 -0.0062834923244681753 -0.025747580640957498
decision_type=2 2 2 2 2 2 2 2 2 2 2 2 2 2
left_child=1 2 -1 -4 7 6 -6 -2 9 10 -9 13 -13 -12
right_child=4 -3 3 -5 5 -7 -8 8 -10 -11 11 12 -14 -15
leaf_value=-0.00023091886977625806 1.2553321895495757e-05 0.00063575889888301332 -1.4025464546804756e-05 0.00056213008335725522 -0.00010826940776068621 -7.9268355202649436e-06 -0.00066781762273476048 -5.0660312611389607e-05 0.00031098091710601698 -0.00063382160620533519 4.5241320187064534e-05 0.00015388245253612464 -6.9834714165540483e-07 -0.00030733142059832043
leaf_weight=1281 240420 659 699 695 1569 3427 772 78694 1836 711 3963 13574 57835 3875
leaf_count=1281 240420 659 699 695 1569 3427 772 78694 1836 711 3963 13574 57835 3875
internal_value=-4.96256e-08 0.000151421 3.19083e-05 0.000273423 -1.29177e-06 -0.000123657 -0.000293 4.69045e-07 -1.76338e-05 -2.14387e-05 -1.86779e-05 1.30815e-05 2.86874e-05 -0.000129083
internal_weight=410010 3334 2675 1394 406676 5768 2341 400908 160488 158652 157941 79247 71409 7838
internal_count=410010 3334 2675 1394 406676 5768 2341 400908 160488 158652 157941 79247 71409 7838
is_linear=0
shrinkage=0.05


Tree=30
num_leaves=15
num_cat=0
split_feature=14 13 14 12 22 22 21 19 18 20 22 19 21 22
split_gain=0.0303509 0.0641164 0.0498096 0.0407356 0.0303067 0.0820649 0.0467284 0.0436827 0.0533917 0.0327763 0.0820205 0.112475 0.0601371 0.0679637
threshold=-0.097787285191703696 1.4937198340962914 -0.11465517671076018 -0.044387460934774407 -0.047596385518319843 -0.040136251687286566 -0.061483667493736273 -0.028811006006034808 -0.11592101189898839 0.0071566645066267762 0.0077354687141939502 0.0032210678650139717 0.1336979517340374 -0.026534696288983469
decision_type=2 2 2 2 2 2 2 2 2 2 2 2 2 2
left_child=1 2 -1 -4 -2 6 -6 8 -7 -9 12 -12 -11 -14
right_child=4 -3 3 -5 5 7 -8 9 -10 10 11 -13 13 -15
leaf_value=-0.00018519414036817912 -0.00022795406216251899 0.00059449887564056998 -3.4723791547710711e-05 0.0005126457071666777 0.00074241035244449805 0.00012978643610917553 0.00017358846452502572 -6.5969625585319261e-06 -0.00040162026972000381 0.00021585510706734451 -0.00058085859798900192 -2.6896306795703643e-05 -0.00029057787268391106 5.8451780700256341e-05
leaf_weight=1259 1462 654 651 710 516 704 1200 334861 1435 5980 963 18520 1445 39355
leaf_count=1259 1462 654 651 710 516 704 1200 334861 1435 5980 963 18520 1445 39355
internal_value=4.28592e-07 0.000152032 4.13989e-05 0.000250992 -7.92985e-07 2.7642e-08 0.000344966 -1.44102e-06 -0.000226742 -2.39038e-07 3.18904e-05 -5.43058e-05 6.779e-05 4.60835e-05
internal_weight=409715 3274 2620 1361 406441 404979 1716 403263 2139 401124 66263 19483 46780 40800
internal_count=409715 3274 2620 1361 406441 404979 1716 403263 2139 401124 66263 19483 46780 40800
is_linear=0
shrinkage=0.05


Tree=31
num_leaves=15
num_cat=0
split_feature=11 13 14 14 12 20 12 13 14 11 20 10 10 14
split_gain=0.0323783 0.050684 0.0406435 0.053677 0.0383092 0.0342711 0.0470021 0.0330976 0.0367717 0.0384231 0.0408576 0.044776 0.0406828 0.0424164
threshold=-1.1375198010472147 1.4788177688903794 -0.097787285191703696 -0.11465517671076018 -0.050543316940780396 0.027716745285560011 -0.0047317301745851128 1.2657445772100477 0.030606109097598647 -0.44215295360248991 0.0042095480399406702 1.5000000000000002 2.5000000000000004 0.034030951054743193
decision_type=2 2 2 2 2 2 2 2 2 2 2 2 2 2
left_child=1 -1 3 -2 -5 7 -7 8 -4 -10 12 -12 -11 -14
right_child=2 -3 5 4 -6 6 -8 -9 9 10 11 -13 13 -15
leaf_value=-0.00018870594979816468 -6.6102525365294276e-05 0.00028613955956888594 -1.756585460163398e-06 0.00014854972824783667 0.00067534271798623015 0.00060371215762827801 -6.0287783269482735e-05 -3.6843853181992177e-05 -0.00025945116583370246 5.9696780373183532e-05 1.0743606861759236e-05 0.00018494376554003991 0.00016227579832434389 -9.0831458163823813e-05
leaf_weight=4323 1037 645 295122 697 684 551 515 54393 1024 23224 6023 9518 1957 10706
leaf_count=4323 1037 645 295122 697 684 551 515 54393 1024 23224 6023 9518 1957 10706
internal_value=-1.53172e-07 -0.000127011 1.40153e-06 0.000205739 0.000409767 1.75098e-07 0.000283168 -5.76091e-07 5.09966e-06 4.36757e-05 4.97163e-05 0.000117437 2.03874e-05 -5.17053e-05
internal_weight=410419 4968 405451 2418 1381 403033 1066 401967 347574 52452 51428 15541 35887 12663
internal_count=410419 4968 405451 2418 1381 403033 1066 401967 347574 52452 51428 15541 35887 12663
is_linear=0
shrinkage=0.05


Tree=32
num_leaves=15
num_cat=0
split_feature=22 22 19 5 19 19 22 5 5 14 17 13 10 17
split_gain=0.0301886 0.17034 0.162872 0.104093 0.0644594 0.102805 0.135068 0.0692187 0.0559683 0.0640282 0.0584817 0.0614323 0.0429978 0.0904401
threshold=0.0014908918336350443 0.0014044104034969254 -0.0009122099377015801 0.0074262101172617497 -0.0030056003922866999 -0.0018086602704558972 0.00370891341657742 0.0026309597048812723 0.0064235267672531123 -0.068894690065176609 -0.0036749890333895303 1.2855627102912148 1.5000000000000002 0.014894866842253831
decision_type=2 2 2 2 2 2 2 2 2 2 2 2 2 2
left_child=1 8 -3 4 -2 6 7 -6 12 10 -10 -12 13 -1
right_child=3 2 -4 -5 5 -7 -8 -9 9 -11 11 -13 -14 -15
leaf_value=4.0617116981071789e-05 0.00026308818263794407 3.3489524896461213e-05 0.0010442917479730777 -0.00059660510594169807 -0.00033887776623364122 -1.0863252687428569e-05 2.559081710525253e-05 -0.001131847133762448 0.0008340873210837341 3.109747453395637e-05 -0.00011369374899462648 0.00057481149418207877 -1.1972620134777793e-05 -0.0005232206175677552
leaf_weight=75155 2108 815 779 763 538 191086 1168 565 561 2863 662 633 131696 717
leaf_count=75155 2108 815 779 763 538 191086 1168 565 561 2863 662 633 131696 717
internal_value=4.5821e-08 1.30396e-05 0.000527821 -1.41169e-05 -1.18401e-05 -1.48388e-05 -0.000349192 -0.000745725 9.17179e-06 0.000179422 0.000408082 0.000223034 5.30036e-06 3.5282e-05
internal_weight=410109 213881 1594 196228 195465 193357 2271 1103 212287 4719 1856 1295 207568 75872
internal_count=410109 213881 1594 196228 195465 193357 2271 1103 212287 4719 1856 1295 207568 75872
is_linear=0
shrinkage=0.05


Tree=33
num_leaves=15
num_cat=0
split_feature=20 12 19 14 22 19 22 21 10 20 22 19 19 22
split_gain=0.0296993 0.0449605 0.033912 0.0635658 0.058166 0.0498517 0.0924806 0.046416 0.0431241 0.0488951 0.0658089 0.0437106 0.0763857 0.0804911
threshold=-0.0050652031113255771 -0.05615145605568133 0.0099332258520320477 -0.047904824685893126 0.013096181704226108 0.0092849919752640026 0.0093029604391741145 0.25345715597993546 3.5000000000000004 0.0011633861111667312 0.029497982187397746 0.018379128967216721 0.013455397514045455 0.015653860196210848
decision_type=2 2 2 2 2 2 2 2 2 2 2 2 2 2
left_child=1 -1 5 4 -4 -2 -7 8 9 11 -11 12 -5 -14
right_child=2 -3 3 7 -6 6 -8 -9 -10 10 -12 -13 13 -15
leaf_value=0.00017586635569027075 3.4960608810225287e-06 -3.0177464206453583e-05 0.00080288865262426927 5.0157336679425822e-05 9.4131624275458039e-05 -0.00055527461471943933 -4.2992921471361425e-05 -8.7066389324353636e-05 0.00016732928275502246 -5.5819020382167419e-05 0.00026646887948204373 -7.9465213528553819e-05 0.00086619374062333601 0.00022995037410992027
leaf_weight=2723 261833 94411 522 7059 649 1118 4143 6408 7333 15594 1762 2624 586 3256
leaf_count=2723 261833 94411 522 7059 649 1118 4143 6408 7333 15594 1762 2624 586 3256
internal_value=-2.48025e-07 -2.43996e-05 7.24975e-06 4.70037e-05 0.000410492 4.33826e-07 -0.000151941 3.74558e-05 5.83383e-05 3.24527e-05 -2.30865e-05 0.00010372 0.000147818 0.000327193
internal_weight=410021 97134 312887 45793 1171 267094 5261 44622 38214 30881 17356 13525 10901 3842
internal_count=410021 97134 312887 45793 1171 267094 5261 44622 38214 30881 17356 13525 10901 3842
is_linear=0
shrinkage=0.05


Tree=34
num_leaves=15
num_cat=0
split_feature=22 22 5 19 22 11 22 19 19 19 19 22 19 4
split_gain=0.0331881 0.0828726 0.0557198 0.0471215 0.0440143 0.221535 0.130944 0.0958925 0.10823 0.175217 0.174915 0.327584 0.171523 0.117676
threshold=-0.047596385518319843 -0.040136251687286566 0.0031835617214774569 -0.028811006006034808 -0.024607092819337036 -0.64256544673911176 -0.023533481021522692 -0.019340890612886571 -0.015750767264155471 -0.011619743008824955 -0.010193857073352129 -0.011706895888610789 -0.010987139204373884 0.0039743307144292682
decision_type=2 2 2 2 2 2 2 2 2 2 2 2 2 2
left_child=-1 2 -2 -3 5 -5 -6 -8 -9 13 11 -11 -13 -10
right_child=1 3 -4 4 6 -7 7 8 9 10 -12 12 -14 -15
leaf_value=-0.00020885806623379988 5.9973492564798035e-05 -0.00022865342719542768 0.00060229481443355506 0.00082655172857391097 -0.00029501709707869497 3.2733907302082897e-05 0.00054253794416473408 -0.00019014478682308377 0.00011924382819501322 -1.3319282880645253e-05 2.6122076146903488e-06 -0.0002748561924691343 -0.00097436280699681051 0.00056511707999998707
leaf_weight=1884 947 2242 947 952 3769 11305 815 7345 14512 7556 352420 1906 1623 1647
leaf_count=1884 947 2242 947 952 3769 11305 815 7345 14512 7556 352420 1906 1623 1647
internal_value=4.58864e-07 1.42596e-06 0.000331309 -1.13417e-07 1.1559e-06 9.44521e-05 -1.76454e-06 1.08614e-06 -5.54971e-08 3.62247e-06 -3.53934e-06 -0.000199095 -0.000596747 0.000164721
internal_weight=409870 407986 1894 406092 403850 12257 391593 387824 387009 379664 363505 11085 3529 16159
internal_count=409870 407986 1894 406092 403850 12257 391593 387824 387009 379664 363505 11085 3529 16159
is_linear=0
shrinkage=0.05


Tree=35
num_leaves=15
num_cat=0
split_feature=11 13 22 20 22 10 22 22 22 22 9 20 22 11
split_gain=0.0301429 0.0525264 0.0469809 0.0417919 0.0537566 0.0310994 0.0736075 0.128998 0.0568232 0.107071 0.0737344 0.0544758 0.11261 0.0893803
threshold=-1.1375198010472147 1.4788177688903794 -0.018327769648685484 0.027716745285560011 -0.0077084033250290887 2.5000000000000004 0.0086050787755626041 0.0082597950280174377 -0.0005636631715741357 -0.00068904585194651247 0.40384615384615391 -0.011346025100168354 0.015861126577453092 -0.42539974960143839
decision_type=2 2 2 2 2 2 2 2 2 2 2 2 2 2
left_child=1 2 -1 5 -5 -2 7 8 9 -7 -11 12 -8 -14
right_child=3 -3 -4 4 -6 6 11 -9 -10 10 -12 -13 13 -15
leaf_value=-0.00058406136453605117 1.2397259023575234e-05 0.00029797254615039864 -0.0001164623896052854 0.00060117546339166913 -4.8479417039613639e-05 -1.1339767187067048e-05 0.00020674055940280448 -0.00057451666599587787 -7.4392528360389866e-05 0.00085045463539023874 7.7846297565649773e-05 6.5008163615942611e-05 0.00019599125618391638 -0.00040034265732816134
leaf_weight=626 242239 650 3756 659 615 72790 1912 1099 45734 607 628 35286 808 2817
leaf_count=626 242239 650 3756 659 615 72790 1912 1099 45734 607 628 35286 808 2817
internal_value=4.54324e-07 -0.000121155 -0.00018338 1.96486e-06 0.000287774 1.06268e-06 -1.59194e-05 -3.55265e-05 -3.05756e-05 -3.50406e-06 0.000457963 4.21279e-05 -0.000103668 -0.000267404
internal_weight=410226 5032 4382 405194 1274 403920 161681 120858 119759 74025 1235 40823 5537 3625
internal_count=410226 5032 4382 405194 1274 403920 161681 120858 119759 74025 1235 40823 5537 3625
is_linear=0
shrinkage=0.05


Tree=36
num_leaves=15
num_cat=0
split_feature=11 14 20 19 19 11 14 20 19 19 19 19 19 10
split_gain=0.0339192 0.0337559 0.0564098 0.0441468 0.0426475 0.0300348 0.0373239 0.0341954 0.0664345 0.0279304 0.0262173 0.0242757 0.0236193 0.0227576
threshold=0.42012439868860535 0.0018640816548638475 0.0094723532658663751 -0.0041530809849009689 0.008692549766008641 -1.1375198010472147 -0.068894690065176609 0.027716745285560011 -0.0075154728810680185 -0.020040447767126709 0.0010239299884714506 -0.010465675137617479 0.020245708085948947 2.5000000000000004
decision_type=2 2 2 2 2 2 2 2 2 2 2 2 2 2
left_child=5 2 4 -4 -2 6 -1 13 -9 -3 -8 -11 -13 -7
right_child=1 9 3 -5 -6 7 10 8 -10 11 -12 12 -14 -15
leaf_value=7.635279436105136e-05 -0.00011502478641987275 0.00028871789816696004 0.00047754844564180878 -0.00012312338840286016 -0.00047777648135644029 1.6332554905337916e-05 -9.5217112296823838e-05 0.00070887231033870042 -3.8033031688836762e-05 -0.0001868101209020894 -0.00038013917333379332 -1.8890591383433063e-06 -0.00020064581505076364 -9.6067641791951215e-06
leaf_weight=1670 10820 743 692 547 875 212293 1950 506 721 2075 1378 33292 1564 140530
leaf_count=1670 10820 743 692 547 875 212293 1950 506 721 2075 1378 33292 1564 140530
internal_value=-2.02272e-07 -3.8524e-05 -0.000108214 0.000212475 -0.000142204 5.19929e-06 -0.000116502 6.91763e-06 0.000270308 -1.45963e-05 -0.000213271 -2.07062e-05 -1.08128e-05 6.00088e-06
internal_weight=409656 50608 12934 1239 11695 359048 4998 354050 1227 37674 3328 36931 34856 352823
internal_count=409656 50608 12934 1239 11695 359048 4998 354050 1227 37674 3328 36931 34856 352823
is_linear=0
shrinkage=0.05


Tree=37
num_leaves=15
num_cat=0
split_feature=22 22 21 18 19 18 22 11 22 19 19 19 19 22
split_gain=0.0288663 0.0690685 0.047243 0.0397114 0.0362331 0.0457964 0.0398603 0.176787 0.109869 0.0875371 0.0869606 0.1601 0.158032 0.293461
threshold=-0.047596385518319843 -0.040136251687286566 -0.078162014437864705 0.14600381603816634 -0.028811006006034808 -0.11592101189898839 -0.024607092819337036 -0.6683000586672263 -0.023533481021522692 -0.019340890612886571 -0.015750767264155471 -0.011619743008824955 -0.010193857073352129 -0.011706895888610789
decision_type=2 2 2 2 2 2 2 2 2 2 2 2 2 2
left_child=3 2 -2 -1 5 -3 7 -6 -8 -10 -11 -12 13 -13
right_child=1 4 -4 -5 6 -7 8 -9 9 10 11 12 -14 -15
leaf_value=-5.6968190493101715e-05 0.00071043748402214296 0.00012283403504635199 0.00014957632889432657 -0.00057295462770203518 0.00078719709272274333 -0.00035801074490874056 -0.00027137987661929444 3.7341198873879008e-05 0.00051591419105379347 -0.00017165938147781603 0.00015603269122255924 -1.5114824162296438e-05 1.3302549231175223e-06 -0.00056987360964776167
leaf_weight=1403 513 735 1396 507 844 1514 3760 11264 820 7316 16225 7517 352962 3490
leaf_count=1403 513 735 1396 507 844 1514 3760 11264 820 7316 16225 7517 352962 3490
internal_value=-2.87477e-07 6.19806e-07 0.000300588 -0.000194162 -7.8982e-07 -0.00020088 3.23998e-07 8.96713e-05 -2.43533e-06 1.69415e-07 -9.23268e-07 2.36262e-06 -4.48809e-06 -0.000191049
internal_weight=410266 408356 1909 1910 406447 2249 404198 12108 392090 388330 387510 380194 363969 11007
internal_count=410266 408356 1909 1910 406447 2249 404198 12108 392090 388330 387510 380194 363969 11007
is_linear=0
shrinkage=0.05


Tree=38
num_leaves=15
num_cat=0
split_feature=10 17 19 10 19 19 19 19 20 19 19 19 18 5
split_gain=0.0250071 0.0506746 0.068687 0.0438964 0.0595715 0.0590201 0.0557792 0.0772788 0.0810227 0.0792437 0.0780938 0.0632228 0.0670147 0.0542355
threshold=2.5000000000000004 0.012777287943485873 -0.016937014377549572 3.5000000000000004 -0.020707881803070146 -0.016937014377549572 -0.016125802878148739 -0.0062834923244681753 -0.020101484752782114 -0.0025523018919277325 -0.0030796110586879251 -0.022957146497341426 -0.2346805643845484 0.0049103137116912792
decision_type=2 2 2 2 2 2 2 2 2 2 2 2 2 2
left_child=-1 3 -3 4 -2 -6 11 8 -8 10 -9 -5 -13 -11
right_child=1 2 -4 6 5 -7 7 9 -10 13 -12 12 -14 -15
leaf_value=1.0307705997364439e-05 -0.00031711943013053843 0.00069436535346721596 8.0517767498115668e-05 4.4238179201191286e-05 0.00031107974776141737 -4.4047304274006883e-05 0.00073460025177148221 -5.1311577904534567e-05 9.4804635160974145e-05 2.6661139151434822e-05 -0.00037281833830056093 8.1802026545845329e-05 -0.00042989496632424496 -0.00026631426418390552
leaf_weight=245349 1968 520 3640 2519 1187 77113 510 6690 15678 47496 2631 880 2341 1633
leaf_count=245349 1968 520 3640 2519 1187 77113 510 6690 15678 47496 2631 880 2341 1633
internal_value=1.89087e-07 -1.48746e-05 0.000157397 -1.93366e-05 -4.54909e-05 -3.86598e-05 6.78211e-06 1.83337e-05 0.000115005 -8.44155e-06 -0.000142092 -0.000143401 -0.000290114 1.69177e-05
internal_weight=410155 164806 4160 160646 80268 78300 80378 74638 16188 58450 9321 5740 3221 49129
internal_count=410155 164806 4160 160646 80268 78300 80378 74638 16188 58450 9321 5740 3221 49129
is_linear=0
shrinkage=0.05


Tree=39
num_leaves=15
num_cat=0
split_feature=11 13 17 17 14 13 11 13 13 12 11 13 14 14
split_gain=0.0252991 0.0626772 0.0480929 0.0389522 0.0298789 0.0860659 0.0276484 0.0339821 0.0244003 0.0239675 0.0213483 0.0447687 0.0226585 0.0548692
threshold=0.39451390593217833 1.7306976072852798 -0.0056207064926743202 -0.014664681291025437 0.052929873191470918 1.169877427813091 0.012619566812382682 1.2287652354751739 2.4714362834637567 0.078307548962992982 -1.1375198010472147 1.4788177688903794 -0.097787285191703696 -0.11465517671076018
decision_type=2 2 2 2 2 2 2 2 2 2 2 2 2 2
left_child=4 3 -3 -2 8 9 7 -7 10 -6 11 -1 13 -12
right_child=1 2 -4 -5 5 6 -8 -9 -10 -11 12 -13 -14 -15
leaf_value=-0.00016051990298084315 0.0002383088231079301 -0.00068831195628600605 -0.00016124036575478672 -2.5649844977548009e-05 0.00019866814556321382 -0.00055937283446547083 2.730861507846908e-05 -0.00010655551673215539 0.00030574993604593989 -6.6715705175503278e-05 -0.00012673058233754017 0.00028115456796573622 1.6445994331475212e-06 0.00036355877999552481
leaf_weight=4305 1435 522 2516 52349 8109 506 3140 2271 658 950 983 661 330291 1358
leaf_count=4305 1435 522 2516 52349 8109 506 3140 2271 658 950 983 661 330291 1358
internal_value=-1.20883e-07 -3.10858e-05 -0.000252 -1.86029e-05 4.8603e-06 7.39689e-05 -7.43359e-05 -0.000189235 1.80037e-06 0.000170834 1.20704e-06 -0.000101686 2.74348e-06 0.000157717
internal_weight=410054 56822 3038 53784 353232 14976 5917 2777 338256 9059 337598 4966 332632 2341
internal_count=410054 56822 3038 53784 353232 14976 5917 2777 338256 9059 337598 4966 332632 2341
is_linear=0
shrinkage=0.05


Tree=40
num_leaves=15
num_cat=0
split_feature=11 13 12 5 13 19 19 19 19 11 21 19 13 5
split_gain=0.0263352 0.0539128 0.0635825 0.0339486 0.0332299 0.0372663 0.0643883 0.0252101 0.0782133 0.0786363 0.0771385 0.0707505 0.0531086 0.0647926
threshold=0.52745525037557928 1.6030277577618746 -0.050543316940780396 0.0040380183314809174 1.4788177688903794 -0.012719325650026534 -0.016413292501268547 -0.0030796110586879251 -0.0039732098375909733 -0.50906858448992298 -0.29746448208348264 -0.0026802437670980779 1.2657445772100477 0.0036986352870528017
decision_type=2 2 2 2 2 2 2 2 2 2 2 2 2 2
left_child=7 2 -2 -3 5 6 -4 8 10 -10 -1 -9 -13 -14
right_child=1 3 4 -5 -6 -7 -8 11 9 -11 -12 12 13 -15
leaf_value=0.00013884358607490357 0.00042744427404009478 -0.0001723164928487129 -4.3754243486264566e-05 -0.00062768639975533801 0.00026109503390051649 -2.8373341295604528e-05 -0.0006038333849725557 -0.00014412527662057225 0.00055780331664173231 0.00010540961912254131 -4.1691683151078817e-06 8.2722536508117597e-06 -2.9965884390501267e-05 -0.00023292327099126679
leaf_weight=10457 759 2097 1458 508 909 24720 791 8767 1056 10541 95820 225524 22114 4782
leaf_count=10457 759 2097 1458 508 909 24720 791 8767 1056 10541 95820 225524 22114 4782
internal_value=5.2754e-07 -4.35953e-05 -2.37809e-05 -0.000261325 -3.60807e-05 -4.61064e-05 -0.000240922 4.16423e-06 2.33583e-05 0.000146648 9.90358e-06 -4.49813e-06 3.51922e-07 -6.60582e-05
internal_weight=410303 31242 28637 2605 27878 26969 2249 379061 117874 11597 106277 261187 252420 26896
internal_count=410303 31242 28637 2605 27878 26969 2249 379061 117874 11597 106277 261187 252420 26896
is_linear=0
shrinkage=0.05


Tree=41
num_leaves=15
num_cat=0
split_feature=22 22 22 21 22 10 5 22 5 22 13 20 22 22
split_gain=0.0281472 0.0779952 0.0618041 0.0541922 0.0489866 0.0467269 0.0377613 0.0320224 0.0846666 0.054326 0.158116 0.0484757 0.0480086 0.042693
threshold=0.030750262930672626 0.033548887810287871 0.035940183515538189 0.0020982807362436018 0.034711730432517525 2.5000000000000004 0.0034583839719049369 0.0016829495925761997 0.0074262101172617497 0.0018147945473395712 0.83570491361453103 -0.011346025100168354 0.00081986278286538827 0.015653860196210848
decision_type=2 2 2 2 2 2 2 2 2 2 2 2 2 2
left_child=7 3 4 -2 -3 -4 -6 12 9 10 -9 13 -1 -11
right_child=1 2 5 -5 6 -7 -8 8 -10 11 -12 -13 -14 -15
leaf_value=3.884100674446042e-06 0.0007874569011172422 2.3698795240274371e-05 -0.0001883268933482931 0.00020682907410052715 -0.00017805743550453041 0.00025609180703389914 -0.00075676841994614112 0.00013434759484300173 -0.00059243572869379702 -4.2963122920567708e-05 -0.00085960593415169116 -5.3393479489015613e-06 8.9906158518442231e-05 -0.00022865254266737339
leaf_weight=199747 520 1158 804 1763 629 2230 511 908 637 9934 714 168138 17652 4496
leaf_count=199747 520 1158 804 1763 629 2230 511 908 637 9934 714 168138 17652 4496
internal_value=-3.35941e-07 9.4889e-05 -9.83256e-06 0.000339366 -0.000205383 0.000138299 -0.000437898 -2.13898e-06 -1.74395e-05 -1.54478e-05 -0.000303448 -1.28874e-05 1.08692e-05 -0.000100831
internal_weight=409841 7615 5332 2283 2298 3034 1140 402226 184827 184190 1622 182568 217399 14430
internal_count=409841 7615 5332 2283 2298 3034 1140 402226 184827 184190 1622 182568 217399 14430
is_linear=0
shrinkage=0.05


Tree=42
num_leaves=15
num_cat=0
split_feature=20 22 19 11 22 11 11 21 22 22 22 11 21 22
split_gain=0.0261072 0.0580188 0.099243 0.122601 0.0829708 0.0607074 0.0514018 0.0556924 0.0495987 0.0486433 0.0683377 0.0876026 0.0605457 0.0597575
threshold=0.0013062630351876605 -0.025747580640957498 -0.020040447767126709 0.10371704942997916 -0.022469593315682154 -0.022701648103154858 -0.47127624974745902 -0.033598007846471246 -0.037374638252356367 -0.026534696288983469 -0.024607092819337036 -0.49486846750551072 0.29457252322987332 -0.021228611705014552
decision_type=2 2 2 2 2 2 2 2 2 2 2 2 2 2
left_child=1 2 6 -4 5 -3 -1 8 -8 12 11 -11 -2 -12
right_child=9 4 3 -5 -6 -7 7 -9 -10 10 13 -13 -14 -15
leaf_value=-0.00031066993469190717 -4.0656998621874834e-05 2.8048934705221412e-05 0.00077512962351968375 -1.4996033221166273e-05 -1.2412683089636195e-05 -0.00041202810878541199 0.00041551850968693917 -0.00014486530057490794 3.3938169854535411e-05 0.00073351001338906182 -0.00017921229977706097 7.0951724990010007e-05 -0.00040063276818736007 2.0055296858784462e-05
leaf_weight=984 5876 1200 1111 879 213731 2257 1504 1773 1962 751 3846 1483 1457 170993
leaf_count=984 5876 1200 1111 879 213731 2257 1504 1773 1962 751 3846 1483 1457 170993
internal_value=4.38316e-09 -1.14104e-05 0.000119031 0.000426292 -1.63436e-05 -0.000259304 2.07222e-05 8.30124e-05 0.000199589 1.39568e-05 1.91829e-05 0.000293911 -0.000112226 1.56709e-05
internal_weight=409807 225401 8213 1990 217188 3457 6223 5239 3466 184406 177073 2234 7333 174839
internal_count=409807 225401 8213 1990 217188 3457 6223 5239 3466 184406 177073 2234 7333 174839
is_linear=0
shrinkage=0.05


Tree=43
num_leaves=15
num_cat=0
split_feature=22 22 5 19 18 18 10 22 22 19 14 22 10 17
split_gain=0.0256631 0.0596581 0.04456 0.0334229 0.0413789 0.0327644 0.0309078 0.0305886 0.0936088 0.0872772 0.0967561 0.129565 0.0965027 0.0833163
threshold=-0.047596385518319843 -0.040136251687286566 0.0031835617214774569 -0.028811006006034808 -0.11592101189898839 0.13229967935501194 2.5000000000000004 -0.024607092819337036 -0.023533481021522692 -0.020040447767126709 -0.026193736051973889 -0.029506454416010127 1.0000000180025095e-35 0.00067723388626084191
decision_type=2 2 2 2 2 2 2 2 2 2 2 2 2 2
left_child=5 2 -2 4 -3 6 -1 9 -9 12 11 -11 -5 -14
right_child=1 3 -4 7 -6 -7 -8 8 -10 10 -12 -13 13 -15
leaf_value=0.00024306651091323607 3.8640787208391195e-05 0.00011509712659550486 0.0005265730412316712 0.00029398998594330929 -0.00033974606364332665 -0.00052065898963306876 -0.00024195792804801252 -0.00025117989622870787 5.0398017382483776e-07 -0.00013581365377530829 -4.0809599273302608e-05 0.00054651741228412931 2.9476112385730117e-05 -0.00039301126472960593
leaf_weight=532 937 741 934 1518 1534 521 855 3729 387278 931 2277 2748 2542 2156
leaf_count=532 937 741 934 1518 1534 521 855 3729 387278 931 2277 2748 2542 2156
internal_value=-1.02499e-07 7.54677e-07 0.000282367 -5.45538e-07 -0.000191612 -0.000182999 -5.58801e-05 5.33055e-07 -1.89694e-06 7.85868e-05 0.000215349 0.000373858 -5.24685e-05 -0.000164454
internal_weight=409233 407325 1871 405454 2275 1908 1387 403179 391007 12172 5956 3679 6216 4698
internal_count=409233 407325 1871 405454 2275 1908 1387 403179 391007 12172 5956 3679 6216 4698
is_linear=0
shrinkage=0.05


Tree=44
num_leaves=15
num_cat=0
split_feature=22 22 22 21 10 22 22 22 20 4 22 10 14 14
split_gain=0.0277119 0.0735496 0.0532595 0.0503611 0.0436392 0.0389778 0.0294318 0.144793 0.14714 0.0672838 0.0726096 0.053246 0.0385706 0.0380614
threshold=0.030750262930672626 0.033548887810287871 0.035940183515538189 0.0020982807362436018 2.5000000000000004 0.034711730432517525 0.0014908918336350443 0.0014044104034969254 -0.000653228120587379 0.0031431133106857695 0.0018147945473395712 1.5000000000000002 -0.061300430768068286 -0.0061216638721330865
decision_type=2 2 2 2 2 2 2 2 2 2 2 2 2 2
left_child=6 3 5 -2 -4 -3 7 -1 -9 -8 -11 -12 -13 -10
right_child=1 2 4 -5 -6 -7 9 8 13 10 11 12 -14 -15
leaf_value=7.3287657480691237e-06 0.00075527105223122018 1.0753793019123306e-05 -0.00019059027700412984 0.00020165711689130788 0.00023756887299251962 -0.00040711809240837028 -5.8712614409176212e-06 0.0011438751299113039 -0.00017938525786580605 -0.0006111160258168636 1.3704216475412143e-05 -0.00057099127694589739 -0.00013379748328257391 0.0004324973797655582
leaf_weight=212743 534 1139 803 1775 2291 1093 168119 554 500 677 8062 528 10943 515
leaf_count=212743 534 1139 803 1775 2291 1093 168119 554 500 677 8062 528 10943 515
internal_value=-2.33826e-08 9.43371e-05 -7.85707e-06 0.000329962 0.000126421 -0.000193967 -1.81291e-06 1.08593e-05 0.000489266 -1.62335e-05 -0.000102428 -8.47669e-05 -0.000153969 0.000131197
internal_weight=410276 7635 5326 2309 3094 2232 402641 214312 1569 188329 20210 19533 11471 1015
internal_count=410276 7635 5326 2309 3094 2232 402641 214312 1569 188329 20210 19533 11471 1015
is_linear=0
shrinkage=0.05


Tree=45
num_leaves=15
num_cat=0
split_feature=22 22 5 19 18 18 22 11 22 19 13 18 19 19
split_gain=0.0266955 0.0548869 0.0414661 0.0319316 0.0417917 0.0308616 0.0292038 0.133982 0.0857117 0.110016 0.07076 0.061543 0.0546739 0.148539
threshold=-0.047596385518319843 -0.040136251687286566 0.0031606288415728773 -0.028811006006034808 0.030470023388673332 0.14600381603816634 -0.024607092819337036 -0.64256544673911176 -0.022469593315682154 -0.019340890612886571 0.93333333333333646 -0.13042616323229464 -0.011619743008824955 -0.010193857073352129
decision_type=2 2 2 2 2 2 2 2 2 2 2 2 2 2
left_child=5 2 -2 4 -3 -1 7 -5 9 -8 -11 -9 -10 -14
right_child=1 3 -4 6 -6 -7 8 11 12 10 -12 -13 13 -15
leaf_value=-6.3892773384977618e-05 3.4432655048902997e-05 -9.2553109518308603e-06 0.0005002923592162705 0.00065175999221893626 -0.00044343111777789382 -0.00051589486403693892 0.00024292177820763321 0.00020759662395170031 7.6212565453025204e-05 -0.00055886329021584554 -0.0001516586447389601 -4.7821566267054963e-05 -0.00018423897661142073 2.1112019943410367e-06
leaf_weight=1395 952 1359 958 935 935 517 1149 3373 22838 1707 2845 7834 11027 352552
leaf_count=1395 952 1359 958 935 935 517 1149 3373 22838 1707 2845 7834 11027 352552
internal_value=2.59943e-08 8.98719e-07 0.000268234 -3.57884e-07 -0.000186335 -0.000186319 6.97914e-07 7.70647e-05 -1.66699e-06 -0.000194107 -0.00030445 2.9064e-05 1.17267e-06 -3.54111e-06
internal_weight=410376 408464 1910 406554 2294 1912 404260 12142 392118 5701 4552 11207 386417 363579
internal_count=410376 408464 1910 406554 2294 1912 404260 12142 392118 5701 4552 11207 386417 363579
is_linear=0
shrinkage=0.05


Tree=46
num_leaves=15
num_cat=0
split_feature=19 19 14 19 10 21 19 10 20 20 14 11 9 11
split_gain=0.0229576 0.0853982 0.12236 0.0879952 0.111406 0.092956 0.0627977 0.0611751 0.145584 0.0590759 0.0516729 0.0511958 0.0467296 0.0395788
threshold=-0.003197197122793038 -0.0040816337114733528 -0.029651995411060002 -0.0044230765082904347 1.5000000000000002 -0.40537197752697623 -0.0027313307792880544 2.5000000000000004 -0.00058419854559893503 0.00080483156513111453 -0.082294382993790868 -0.122215427808129 0.25000000000000006 1.0000000180025095e-35
decision_type=2 2 2 2 2 2 2 2 2 2 2 2 2 2
left_child=1 3 12 5 -5 -1 -2 8 -6 -9 11 -8 -3 -7
right_child=6 2 -4 4 7 13 10 9 -10 -11 -12 -13 -14 -15
leaf_value=0.00024767600567410236 -0.00013317785997088449 0.00081351698986782423 6.023360816267259e-05 0.00022586341298755559 -0.00028437343655351804 3.704943972034815e-05 -6.9523808940994572e-05 -0.0004807892608894888 -0.0012405429227934309 0.00022144578693150194 -1.2233310109863604e-06 -0.00068279601361706434 0.00032430054311560394 -2.414210875898978e-05
leaf_weight=4091 9560 640 9755 1118 1758 50156 904 504 514 735 271639 545 2060 55849
leaf_count=4091 9560 640 9755 1118 1758 50156 904 504 514 735 271639 545 2060 55849
internal_value=7.15953e-07 1.83578e-05 0.000142701 4.85746e-06 -0.000208675 1.38373e-05 -7.22219e-06 -0.000347069 -0.000501141 -6.43665e-05 -2.81238e-06 -0.0003005 0.000440521 4.8106e-06
internal_weight=409828 127180 12455 114725 4629 110096 282648 3511 2272 1239 273088 1449 2700 106005
internal_count=409828 127180 12455 114725 4629 110096 282648 3511 2272 1239 273088 1449 2700 106005
is_linear=0
shrinkage=0.05


Tree=47
num_leaves=15
num_cat=0
split_feature=10 14 13 13 19 19 10 19 19 20 19 19 19 17
split_gain=0.0217151 0.0450056 0.0747657 0.106356 0.0462949 0.0606259 0.0430414 0.0731422 0.0865319 0.0706008 0.0628448 0.0948042 0.0702719 0.0683755
threshold=2.5000000000000004 -0.063250778585040954 0.89962762561110654 1.3258309960940868 0.0056328601194208803 0.0052504451465049682 3.5000000000000004 -0.001328707659335848 -0.0056184192190598661 0.019120642961660609 -0.014452974769637915 -0.0062834923244681753 -0.0025523018919277325 -0.014664681291025437
decision_type=2 2 2 2 2 2 2 2 2 2 2 2 2 2
left_child=-1 2 -2 -4 5 6 7 8 9 -3 -8 13 -13 -12
right_child=1 4 3 -5 -6 -7 10 -9 -10 -11 11 12 -14 -15
leaf_value=9.2828130988336009e-06 0.00037201121821338904 -9.5824135545865909e-05 -0.00024349557800182309 0.00031368032966333037 2.3855950911795565e-05 -0.0002898609166961281 -0.00013315609872658739 -0.00012269433904471165 9.4984842674797289e-05 0.00041638267522826417 0.00069282107052914344 -0.00013871448611674163 2.2490327607895388e-05 0.00011431589893876105
leaf_weight=245147 1981 17935 2059 1465 45008 2304 7537 26157 12127 698 532 9257 25057 12279
leaf_count=245147 1981 17935 2059 1465 45008 2304 7537 26157 12127 698 532 9257 25057 12279
internal_value=-1.45478e-07 -1.42049e-05 0.000126331 -1.18427e-05 -1.90747e-05 -3.60415e-05 -3.07979e-05 -6.12304e-05 -8.9618e-06 -7.66153e-05 8.90659e-07 2.2332e-05 -2.10012e-05 0.000138392
internal_weight=409543 164396 5505 3524 158891 113883 111579 56917 30760 18633 54662 47125 34314 12811
internal_count=409543 164396 5505 3524 158891 113883 111579 56917 30760 18633 54662 47125 34314 12811
is_linear=0
shrinkage=0.05


Tree=48
num_leaves=15
num_cat=0
split_feature=19 19 17 19 20 19 19 4 14 20 10 19 19 17
split_gain=0.0218027 0.0456729 0.0761044 0.048958 0.0454403 0.0272303 0.168615 0.0852049 0.0951511 0.0767415 0.137749 0.135704 0.0595784 0.0601242
threshold=-0.037379997386896562 -0.032174949540690993 -0.0017101350987022144 -0.028811006006034808 -0.0077157718708815151 -0.011357258456344608 -0.010193857073352129 0.0043271851097829344 -0.077267281531425744 -0.0012439304014662531 2.5000000000000004 -0.010635875752570077 -0.015750767264155471 -0.0040815118423253019
decision_type=2 2 2 2 2 2 2 2 2 2 2 2 2 2
left_child=-1 2 -2 4 -3 7 9 12 -9 -7 -11 -12 -5 -14
right_child=1 3 -4 5 -6 6 -8 8 -10 10 11 -13 13 -15
leaf_value=-0.00017019280569363621 0.00074678891502308689 0.00015186440481154307 4.5180799626907031e-05 -4.7515201934077039e-05 -0.00040167722868452517 -9.307801940081962e-05 1.7113785659245546e-06 0.00065905830944103716 0.00011103892615050267 -0.00018091429853726846 -0.00024383666542723468 -0.0013034821248520028 -0.00010663924764371761 0.00011917954715515234
leaf_weight=1876 540 505 1354 18986 1389 5348 352996 1076 2996 2605 552 668 3623 15795
leaf_count=1876 540 505 1354 18986 1389 5348 352996 1076 2996 2605 552 668 3623 15795
internal_value=-1.73737e-07 6.07604e-07 0.000245505 -5.33937e-07 -0.000254083 6.53463e-07 -3.78854e-06 3.85272e-05 0.000255976 -0.000215414 -0.000386392 -0.000824628 1.54649e-05 7.70431e-05
internal_weight=410309 408433 1894 406539 1894 404645 362169 42476 4072 9173 3825 1220 38404 19418
internal_count=410309 408433 1894 406539 1894 404645 362169 42476 4072 9173 3825 1220 38404 19418
is_linear=0
shrinkage=0.05


Tree=49
num_leaves=15
num_cat=0
split_feature=11 13 12 22 22 22 22 13 22 18 9 13 14 11
split_gain=0.0219387 0.0400707 0.0605788 0.0545497 0.0670343 0.044876 0.0406323 0.0293819 0.027548 0.0412352 0.0376766 0.0282941 0.0259306 0.0594043
threshold=0.52745525037557928 1.5810084401723763 -0.050543316940780396 0.0016829495925761997 0.0073409108528471609 -0.023533481021522692 -0.019282831398915953 1.4937198340962914 0.024007854234069041 -0.2158808113882015 0.68589743589743601 1.3496550505998457 0.00156561202292016 -0.20794419077289256
decision_type=2 2 2 2 2 2 2 2 2 2 2 2 2 2
left_child=8 2 -2 -3 -5 -4 -7 -8 -1 10 11 -10 -11 -14
right_child=1 3 5 4 -6 6 7 -9 9 12 -12 -13 13 -15
leaf_value=3.3749031242995314e-07 0.00043559307714053313 -3.8393253634989052e-05 -0.00033133762139480499 -0.00088000905652816156 -0.00011888803553507153 0.00034357878257645365 -3.9100501509834808e-05 0.00032146876010860241 -0.00044117947864338489 0.00023074141162601012 0.00020218594196041393 2.0686507981158844e-05 -0.00017597084956772277 0.00011790164793107218
leaf_weight=362469 703 1700 1213 554 605 744 25120 577 943 2888 564 511 2115 9181
leaf_count=362469 703 1700 1213 554 605 744 25120 577 943 2888 564 511 2115 9181
internal_value=-1.32473e-07 -4.04207e-05 -2.24295e-05 -0.000218797 -0.000483148 -3.40883e-05 -2.04398e-05 -3.09921e-05 3.18881e-06 6.69742e-05 -0.000144451 -0.000278957 9.70624e-05 6.28679e-05
internal_weight=409887 31216 28357 2859 1159 27654 26441 25697 378671 16202 2018 1454 14184 11296
internal_count=409887 31216 28357 2859 1159 27654 26441 25697 378671 16202 2018 1454 14184 11296
is_linear=0
shrinkage=0.05


Tree=50
num_leaves=15
num_cat=0
split_feature=19 22 22 19 22 22 10 21 14 19 19 19 22 22
split_gain=0.0213603 0.0981603 0.0963378 0.0734503 0.0929769 0.225006 0.0694107 0.0621866 0.0558022 0.0491837 0.0480634 0.253334 0.11246 0.0836116
threshold=-0.0030796110586879251 -0.012187269333477855 -0.00062522156579813959 -0.0026802437670980779 -0.0071310231853185515 -0.007531087482836373 1.5000000000000002 -0.31782671475944274 -0.082294382993790868 0.008147066950645045 -0.0041530809849009689 -0.0044230765082904347 -0.0072710932400419917 -0.0066875411980450985
decision_type=2 2 2 2 2 2 2 2 2 2 2 2 2 2
left_child=2 6 7 -3 5 -5 -2 -1 9 -6 11 13 -12 -9
right_child=1 3 -4 4 8 -7 -8 10 -10 -11 12 -13 -14 -15
leaf_value=0.00012478957351296597 -6.0436799770004023e-05 -0.00014801188558700632 0.00022595460644984517 6.4711869193615709e-06 -0.00055577115978984828 0.0010096142231070437 -0.00072524792799886616 -2.2156196271934045e-05 -2.2545991416596254e-06 4.4713856223625946e-05 0.0002792410746908297 -0.00059520677471751099 -2.9822520619088083e-05 0.0001087564383630344
leaf_weight=10420 765 8763 5279 1999 854 775 806 85287 266726 567 4809 1841 7584 14231
leaf_count=10420 765 8763 5279 1999 854 775 806 85287 266726 567 4809 1841 7584 14231
internal_value=-2.74669e-08 -7.76336e-06 1.67801e-05 -5.54882e-06 -9.40294e-07 0.000286992 -0.000401762 7.88554e-06 -3.92003e-06 -0.000316306 -2.8242e-06 -1.41891e-05 9.01199e-05 -3.43488e-06
internal_weight=410706 281255 129451 279684 270921 2774 1571 124172 268147 1421 113752 101359 12393 99518
internal_count=410706 281255 129451 279684 270921 2774 1571 124172 268147 1421 113752 101359 12393 99518
is_linear=0
shrinkage=0.05


Tree=51
num_leaves=15
num_cat=0
split_feature=20 22 22 17 18 11 11 10 22 22 22 4 10 20
split_gain=0.0192826 0.0468576 0.0611732 0.0451635 0.0448152 0.044504 0.044189 0.0392993 0.0372374 0.0357749 0.0770105 0.0911643 0.0528888 0.0459727
threshold=0.0010211609885489861 -0.025747580640957498 -0.022469593315682154 -0.0032090409051852005 -0.11592101189898839 0.082620374009967537 -0.022701648103154858 1.0000000180025095e-35 -0.029506454416010127 -0.023533481021522692 -0.015435192171988575 0.0040535461373563059 1.5000000000000002 0.0075256260621551227
decision_type=2 2 2 2 2 2 2 2 2 2 2 2 2 2
left_child=1 4 6 -2 7 -5 -3 -1 -6 12 11 13 -7 -11
right_child=3 2 -4 5 8 9 -8 -9 -10 10 -12 -13 -14 -15
leaf_value=0.00046024253111676496 0.00037328032190445641 2.4011782384821969e-05 -1.2105606626233414e-05 -1.0863787342189907e-05 -0.00011708498179787596 3.1834964180369145e-05 -0.00035475128015819199 0.00012413672320719368 0.0002584242975765824 1.4624556171075724e-05 2.9945284386547747e-05 0.00081186797733418339 -0.0003800587804946888 0.00029656459316835539
leaf_weight=1176 854 1170 207672 113234 2698 2089 2251 3336 873 2963 67160 575 1242 2823
leaf_count=1176 854 1170 207672 113234 2698 2089 2251 3336 873 2963 67160 575 1242 2823
internal_value=-9.1739e-07 -1.10367e-05 -1.55608e-05 1.06983e-05 0.0001071 9.06742e-06 -0.000225243 0.000211821 -2.52378e-05 3.84339e-05 4.56957e-05 0.000211959 -0.000121812 0.000152211
internal_weight=410116 219176 211093 190940 8083 190086 3421 4512 3571 76852 73521 6361 3331 5786
internal_count=410116 219176 211093 190940 8083 190086 3421 4512 3571 76852 73521 6361 3331 5786
is_linear=0
shrinkage=0.05


Tree=52
num_leaves=15
num_cat=0
split_feature=22 22 19 14 19 22 13 19 19 22 9 10 11 14
split_gain=0.022209 0.114773 0.138508 0.0515819 0.14334 0.0559597 0.0488439 0.0475411 0.0585597 0.083566 0.0398334 0.0360069 0.0337717 0.0621308
threshold=0.0014908918336350443 0.0014044104034969254 -0.0009122099377015801 -0.063250778585040954 0.0068680969600070094 0.0071253456274125168 0.79820989453688851 -0.0030056003922866999 -0.0018086602704558972 0.00370891341657742 0.42948717948717957 1.5000000000000002 0.41254077446040494 -0.004767713993017785
decision_type=2 2 2 2 2 2 2 2 2 2 2 2 2 2
left_child=1 -1 -3 4 5 -2 -6 11 9 10 -9 -5 -10 -14
right_child=3 2 -4 7 6 -7 -8 8 12 -11 -12 -13 13 -15
leaf_value=7.935264069464313e-06 -0.00033031553009983715 -1.5818498078634448e-05 0.00092797027174565307 -1.4687571579962724e-05 0.00047257664324905601 -0.00096612758115537621 -0.0001585827028918826 -0.00091065344131890491 -1.2388617572358447e-06 2.323204472621471e-05 -0.00029530523149572303 0.00039747646063469766 -0.0003787137932580978 -4.4583276598923646e-05
leaf_weight=212432 1017 807 749 917 652 525 577 503 167729 1179 553 1254 1495 19883
leaf_count=212432 1017 807 749 917 652 525 577 503 167729 1179 553 1254 1495 19883
internal_value=-7.13016e-08 1.10702e-05 0.00043879 -1.22178e-05 -0.000226375 -0.000547274 0.000176367 -9.14998e-06 -1.17903e-05 -0.000266169 -0.000588996 0.000223458 -8.78252e-06 -6.79662e-05
internal_weight=410272 213988 1556 196284 2771 1542 1229 193513 191342 2235 1056 2171 189107 21378
internal_count=410272 213988 1556 196284 2771 1542 1229 193513 191342 2235 1056 2171 189107 21378
is_linear=0
shrinkage=0.05


Tree=53
num_leaves=15
num_cat=0
split_feature=11 22 22 13 19 19 14 13 11 17 22 22 19 12
split_gain=0.0209237 0.0442165 0.119983 0.0917982 0.0386313 0.043051 0.0368856 0.0415078 0.0354468 0.0339217 0.0384662 0.0669909 0.0570422 0.0335822
threshold=0.39451390593217833 0.0016829495925761997 0.0023498122824647809 0.94259439711625448 0.00043889160898258345 0.00015577717618397993 -0.004767713993017785 0.8620934319977368 1.0083073804259575 -0.014664681291025437 -0.023533481021522692 -0.024607092819337036 -0.017347061898223933 0.0049923704740674211
decision_type=2 2 2 2 2 2 2 2 2 2 2 2 2 2
left_child=-1 4 3 -3 5 9 7 -4 13 -2 11 -11 -12 -6
right_child=1 2 6 -5 8 -7 -8 -9 -10 10 12 -13 -14 -15
leaf_value=4.0459852160603439e-06 0.00035387562805180378 -0.00016740391480604059 -0.00062219220427845714 -0.00097946576795085341 0.00018713531213360114 -0.00041262204787161441 -3.4731731186478006e-05 -9.145236718818622e-05 0.00051362367633351236 -2.9673360425027459e-05 0.00053432437283367482 -0.00055274796002798444 -1.4605328886174986e-06 -0.00012448985499795672
leaf_weight=353319 650 788 577 623 2829 655 21753 1017 567 2124 507 859 22471 1244
leaf_count=353319 650 788 577 623 2829 655 21753 1017 567 2124 507 859 22471 1244
internal_value=-4.77554e-07 -2.86829e-05 -7.88218e-05 -0.000526394 1.02244e-05 -1.24733e-05 -5.17509e-05 -0.000283841 0.000143577 -2.60899e-06 -1.15478e-05 -0.000180435 1.03841e-05 9.19497e-05
internal_weight=409983 56664 24758 1411 31906 27266 23347 1594 4640 26611 25961 2983 22978 4073
internal_count=409983 56664 24758 1411 31906 27266 23347 1594 4640 26611 25961 2983 22978 4073
is_linear=0
shrinkage=0.05


Tree=54
num_leaves=15
num_cat=0
split_feature=18 19 17 13 19 19 19 10 19 5 13 18 5 19
split_gain=0.0171766 0.0925719 0.0493912 0.0969107 0.0355447 0.0471096 0.0413055 0.0233908 0.0599519 0.0784122 0.0586485 0.0427122 0.0411171 0.0379027
threshold=0.32664331328827995 -0.020707881803070146 0.010531169028910605 1.3258309960940868 0.010483984956173533 0.015996845199533486 0.024861445470631519 1.5000000000000002 -0.019340890612886571 0.006145005137996447 1.9632071346092974 -0.22962700455223703 0.0036276725816670589 0.0032210678650139717
decision_type=2 2 2 2 2 2 2 2 2 2 2 2 2 2
left_child=2 -2 7 4 -4 -6 -7 8 9 11 -10 -1 -12 -9
right_child=1 -3 3 -5 5 6 -8 13 10 -11 12 -13 -14 -15
leaf_value=0.00047941039540537684 -0.00049963491358338949 -1.9585603702614063e-05 0.00014490379591712178 0.00063824384378665874 -0.00051429909759004831 0.00022672331939289342 -0.00030327325586924794 -2.498498716905402e-05 1.341936884765554e-05 0.00076177369128659989 -0.00012066493255242261 5.8154365466433144e-05 -0.00063751302551528198 1.7408207926983289e-05
leaf_weight=698 1046 24606 4566 833 523 1003 579 144673 141661 519 1373 4327 534 82958
leaf_count=698 1046 24606 4566 833 523 1003 579 144673 141661 519 1373 4327 534 82958
internal_value=4.33795e-07 -3.91791e-05 3.07841e-06 0.000130088 6.6549e-05 -0.0001034 3.26795e-05 5.48286e-07 1.59414e-05 0.000177263 9.71067e-06 0.000116753 -0.000265652 -9.53517e-06
internal_weight=409899 25652 384247 7504 6671 2105 1582 376743 149112 5544 143568 5025 1907 227631
internal_count=409899 25652 384247 7504 6671 2105 1582 376743 149112 5544 143568 5025 1907 227631
is_linear=0
shrinkage=0.05


Tree=55
num_leaves=15
num_cat=0
split_feature=22 19 19 5 19 19 19 22 20 19 19 14 5 11
split_gain=0.0179344 0.0879415 0.148993 0.0759356 0.0457242 0.068319 0.0917216 0.0354245 0.0335919 0.0597251 0.134192 0.0581815 0.0709149 0.0563687
threshold=0.0016829495925761997 0.0045682879512266581 0.0047360242463574407 0.0074262101172617497 -0.0030056003922866999 -0.0018086602704558972 -0.0023147654889518194 0.00033836584490387628 0.0019148848520804675 -0.015750767264155471 -0.015338948896160219 -0.068894690065176609 0.0064235267672531123 0.060609919390003798
decision_type=2 2 2 2 2 2 2 2 2 2 2 2 2 2
left_child=1 8 -3 4 -2 6 -6 -4 11 -10 -11 12 13 -1
right_child=3 2 7 -5 5 -7 -8 -9 9 10 -12 -13 -14 -15
leaf_value=0.00017456497348280637 0.00022507486307330482 0.00088441488760975906 0.00034837798870350007 -0.00049761595745450009 -5.5713805039114513e-05 -8.3925182021034815e-06 -0.00072389848587287129 -2.9228794806670036e-05 -7.1827074081962992e-05 0.0006945750217799651 3.8730150676516481e-05 -1.8185513068759552e-05 0.00058277002832008546 -0.00026478299047797598
leaf_weight=3142 2060 744 909 798 1508 187312 778 1956 12638 787 76366 119087 816 950
leaf_count=3142 2060 744 909 798 1508 187312 778 1956 12638 787 76366 119087 816 950
internal_value=-7.44571e-08 9.76658e-06 0.000254491 -1.11907e-05 -9.16282e-06 -1.1709e-05 -0.000283336 9.06571e-05 5.63413e-06 2.89247e-05 4.5429e-05 -1.12318e-05 0.00015746 7.2526e-05
internal_weight=409851 217395 3609 192456 191658 189598 2286 2865 213786 89791 77153 123995 4908 4092
internal_count=409851 217395 3609 192456 191658 189598 2286 2865 213786 89791 77153 123995 4908 4092
is_linear=0
shrinkage=0.05


Tree=56
num_leaves=15
num_cat=0
split_feature=22 22 21 22 10 22 11 19 19 19 22 18 11 10
split_gain=0.0219137 0.0605082 0.047775 0.0457369 0.0389905 0.0368584 0.0285008 0.0284213 0.0530115 0.0737029 0.194931 0.0518502 0.0459277 0.0446561
threshold=0.030750262930672626 0.033548887810287871 0.0020982807362436018 0.035940183515538189 2.5000000000000004 0.034711730432517525 0.12875014424573944 0.017869301610982328 0.015996845199533486 0.015360004859405698 0.021836335811010302 -0.09474511484586004 0.13524279393309308 1.0000000180025095e-35
decision_type=2 2 2 2 2 2 2 2 2 2 2 2 2 2
left_child=7 2 -2 5 -5 -3 -4 8 9 -1 -11 -12 -9 -14
right_child=1 3 6 4 -6 -7 -8 12 -10 10 11 -13 13 -15
leaf_value=9.3091527595664482e-07 0.00070711183041885473 2.3261856163755217e-05 1.2587620719286221e-05 -0.00018849856362131476 0.00022225913718707004 -0.0003796742469939253 0.00042292074648133743 5.5166207467478703e-06 0.00016677475858305917 -0.00075054573933523456 -0.00037337243815330792 0.00021648815202948994 -0.00045685565439278463 -0.0001060696975435201
leaf_weight=383400 543 1132 1092 774 2270 1137 690 6478 4763 1177 501 1444 1244 3348
leaf_count=383400 543 1132 1092 774 2270 1137 690 6478 4763 1177 501 1444 1244 3348
internal_value=3.61039e-07 8.42539e-05 0.000296933 -8.85388e-06 0.000117788 -0.000178728 0.000171619 -1.23173e-06 1.00356e-06 -1.03962e-06 -0.000242956 6.4436e-05 -8.0234e-05 -0.000201178
internal_weight=409993 7638 2325 5313 3044 2269 1782 402355 391285 386522 3122 1945 11070 4592
internal_count=409993 7638 2325 5313 3044 2269 1782 402355 391285 386522 3122 1945 11070 4592
is_linear=0
shrinkage=0.05


Tree=57
num_leaves=15
num_cat=0
split_feature=22 22 22 21 22 5 19 22 17 19 20 19 20 19
split_gain=0.0182283 0.055205 0.0451895 0.0416869 0.0333283 0.0313505 0.0255614 0.0504342 0.0446026 0.0417406 0.117812 0.0597125 0.170425 0.0494201
threshold=0.030750262930672626 0.033548887810287871 0.035940183515538189 0.0020982807362436018 0.034711730432517525 0.0034583839719049369 0.017869301610982328 0.022426848011473436 -0.0046475985227188423 0.014578077773026667 0.010659152853191302 0.014453471215686855 0.0031564623784960948 0.01668489713081556
decision_type=2 2 2 2 2 2 2 2 2 2 2 2 2 2
left_child=6 3 4 -2 -3 -6 7 9 -9 11 13 -1 -13 -11
right_child=1 2 -4 -5 5 -7 -8 8 -10 10 -12 12 -14 -15
leaf_value=3.6628971210892033e-07 0.00067224630126171787 1.3591501070692631e-05 0.00011433761946939673 0.00016559920212558344 -0.00013595074841971997 -0.00066236992125624458 -7.591239460514202e-05 -0.00011271182417520005 0.00022886136583382058 -0.0001170503407021965 -0.00067680131912441124 0.0010307851931922695 -0.00019413383362884684 0.00020716555960780659
leaf_weight=376572 527 1122 3058 1762 638 508 11041 1233 4241 5538 833 519 625 1491
leaf_count=376572 527 1122 3058 1762 638 508 11041 1233 4241 5538 833 519 625 1491
internal_value=5.61696e-07 7.71928e-05 -1.1075e-05 0.000282488 -0.000180148 -0.000369676 -8.89764e-07 1.22862e-06 0.000151917 -9.11066e-07 -0.000114931 1.46251e-06 0.000361992 -4.82576e-05
internal_weight=409708 7615 5326 2289 2268 1146 402093 391052 5474 385578 7862 377716 1144 7029
internal_count=409708 7615 5326 2289 2268 1146 402093 391052 5474 385578 7862 377716 1144 7029
is_linear=0
shrinkage=0.05


Tree=58
num_leaves=15
num_cat=0
split_feature=22 22 22 17 22 11 5 9 19 22 11 19 20 19
split_gain=0.0192893 0.0489607 0.039891 0.0384632 0.0303526 0.0290018 0.027389 0.0227153 0.0224837 0.0476429 0.0444349 0.0404325 0.10581 0.0514824
threshold=0.030750262930672626 0.033548887810287871 0.035940183515538189 -0.0015005647373114159 0.034711730432517525 0.12875014424573944 0.0034583839719049369 0.59615384615384626 0.017869301610982328 0.022426848011473436 0.10635412785947453 0.014578077773026667 0.010890860007130356 0.014453471215686855
decision_type=2 2 2 2 2 2 2 2 2 2 2 2 2 2
left_child=8 3 4 -2 -3 -5 -6 -4 9 11 -10 13 -13 -1
right_child=1 2 7 5 6 -7 -8 -9 10 -11 -12 12 -14 -15
leaf_value=-8.027793879521808e-07 0.00065405455380365381 1.8985064979723474e-05 0.00020305640745334991 -8.5999501293829229e-06 -0.00012667300265995437 0.00039897206086880033 -0.00062277701098343902 -9.5275245016199372e-05 1.7531363704753745e-05 0.00014577440761002805 -0.00018424667108491477 -5.2328140455274267e-05 -0.00065856871180856283 0.000333814109827856
leaf_weight=377093 509 1124 2114 1044 624 749 502 913 6125 5524 4919 6944 802 1152
leaf_count=377093 509 1124 2114 1044 624 749 502 913 6125 5524 4919 6944 802 1152
internal_value=-5.08742e-07 7.85123e-05 -5.43512e-06 0.000270868 -0.000164846 0.000161785 -0.000348205 0.000113072 -1.99667e-06 -1.19577e-08 -7.23492e-05 -2.09871e-06 -0.000115174 2.17225e-07
internal_weight=410138 7579 5277 2302 2250 1793 1126 3027 402559 391515 11044 385991 7746 378245
internal_count=410138 7579 5277 2302 2250 1793 1126 3027 402559 391515 11044 385991 7746 378245
is_linear=0
shrinkage=0.05


Tree=59
num_leaves=15
num_cat=0
split_feature=22 22 18 14 8 19 18 22 19 19 10 22 22 22
split_gain=0.0191467 0.0458305 0.0288463 0.0382636 0.024531 0.0242739 0.0289901 0.0261172 0.0948698 0.300534 0.22274 0.191234 0.168345 0.0810574
threshold=-0.047596385518319843 -0.040136251687286566 0.15271235244720499 -0.025722959939014575 0.58602820904727937 -0.028811006006034808 0.030470023388673332 -0.014847204805669976 -0.010193857073352129 -0.011357258456344608 2.5000000000000004 -0.010354081001407609 -0.01417345423498245 -0.0084369770417030959
decision_type=2 2 2 2 2 2 2 2 2 2 2 2 2 2
left_child=4 2 3 -2 -1 6 -3 -7 9 13 11 -11 -10 -9
right_child=1 5 -4 -5 -6 7 -8 8 12 10 -12 -13 -14 -15
leaf_value=-8.9275186265301622e-06 0.00010931471068923 -1.558743201455638e-05 -4.6808121971919716e-05 0.00064613999608497113 -0.00037423944319442924 3.6152396834829939e-05 -0.0003804103533463393 -2.0588030783938949e-05 -0.0004126254408834765 9.0446240973607219e-05 -0.00095027105578918071 -0.00073301967060054863 3.9048679190557075e-06 0.00041454352713124156
leaf_weight=1127 674 1343 587 654 775 46335 915 5675 2442 1923 1536 1112 343601 1318
leaf_count=1127 674 1343 587 654 775 46335 915 5675 2442 1923 1536 1112 343601 1318
internal_value=3.31597e-07 1.0694e-06 0.000245034 0.000373972 -0.000157898 -8.13517e-08 -0.000163526 8.32692e-07 -3.74376e-06 -0.000144615 -0.000459842 -0.000211407 9.6426e-07 6.14706e-05
internal_weight=410017 408115 1915 1328 1902 406200 2258 403942 357607 11564 4571 3035 346043 6993
internal_count=410017 408115 1915 1328 1902 406200 2258 403942 357607 11564 4571 3035 346043 6993
is_linear=0
shrinkage=0.05


Tree=60
num_leaves=15
num_cat=0
split_feature=10 22 22 19 22 9 20 11 21 3 22 19 20 22
split_gain=0.0186135 0.0521749 0.118263 0.067108 0.117205 0.0618575 0.0604777 0.069431 0.0633001 0.0572309 0.0484762 0.115333 0.0590932 0.105862
threshold=2.5000000000000004 0.0086050787755626041 0.0082597950280174377 -0.0030796110586879251 -0.0020910923978917913 0.26282051282051283 0.020811142035873535 -0.48261038430822295 -0.29746448208348264 -0.014351121568979162 0.0093029604391741145 0.0058919193584626725 0.0053843822451851162 0.027784614156541102
decision_type=2 2 2 2 2 2 2 2 2 2 2 2 2 2
left_child=10 2 3 4 6 -6 8 -8 -2 -5 -1 -12 -13 -14
right_child=1 -3 -4 9 5 -7 7 -9 -10 -11 11 12 13 -15
leaf_value=2.1139975245606049e-05 0.00014049956697966652 3.603467519214128e-05 -0.00052854598053456408 -0.00028404145883973949 0.0007444288090081144 0.00019669973055227183 0.00079733013182127553 1.5267422386670678e-05 -2.8360725098539242e-05 -4.8866395316999624e-05 -0.00026273497470853891 1.9487048317696169e-05 -0.0001804262174766813 0.00022194952804408145
leaf_weight=189751 6300 41294 1172 2697 690 2034 504 648 46561 62887 4932 39358 9350 1980
leaf_count=189751 6300 41294 1172 2697 690 2034 504 648 46561 62887 4932 39358 9350 1980
internal_value=3.78883e-07 -1.26186e-05 -2.88875e-05 -2.40959e-05 1.57214e-05 0.000335664 -4.19966e-07 0.000357815 -8.2336e-06 -5.85416e-05 9.10776e-06 -3.19405e-05 -9.47923e-06 -0.000110095
internal_weight=410158 164787 123493 122321 56737 2724 54013 1152 52861 65584 245371 55620 50688 11330
internal_count=410158 164787 123493 122321 56737 2724 54013 1152 52861 65584 245371 55620 50688 11330
is_linear=0
shrinkage=0.05


Tree=61
num_leaves=15
num_cat=0
split_feature=18 22 17 13 22 11 22 22 22 14 22 12 13 21
split_gain=0.0160489 0.0774757 0.0479088 0.0898975 0.026497 0.0559007 0.0247579 0.0378999 0.028905 0.0378821 0.0242206 0.0205534 0.0365949 0.0287868
threshold=0.31962647753075052 -0.029506454416010127 0.010531169028910605 1.3258309960940868 0.011147594864600376 -0.078365988154616581 -0.020099449415480638 -0.024607092819337036 -0.014847204805669976 -0.019566231152192578 -0.010354081001407609 -0.048469418041584882 0.8412889831634307 0.0020982807362436018
decision_type=2 2 2 2 2 2 2 2 2 2 2 2 2 2
left_child=2 -2 11 4 -4 -6 7 -3 9 -8 -10 12 -1 -14
right_child=1 6 3 -5 5 -7 8 -9 10 -11 -12 -13 13 -15
leaf_value=0.00024761729172716586 -0.00052633928495317663 7.0144745999988723e-05 0.00015376587807375513 0.00063922579166002485 -0.00038022725938496459 0.00011012931544567475 0.00045436673951596918 -0.00029828936102182553 -0.00018314875593458701 -3.7142098106261509e-05 -3.3730911107407135e-06 -2.0744384957236439e-06 0.00010816691464033302 -5.8063140801493745e-05
leaf_weight=2209 785 1123 3768 774 871 1742 762 1842 2067 806 19925 362893 5119 5300
leaf_count=2209 785 1123 3768 774 871 1742 762 1842 2067 806 19925 362893 5119 5300
internal_value=-9.28501e-08 -3.71229e-05 2.54992e-06 0.000130707 6.89346e-05 -5.34058e-05 -2.26254e-05 -0.000158768 -5.486e-06 0.000201854 -2.02775e-05 1.0773e-07 6.28123e-05 2.36105e-05
internal_weight=409986 27310 382676 7155 6381 2613 26525 2965 23560 1568 21992 375521 12628 10419
internal_count=409986 27310 382676 7155 6381 2613 26525 2965 23560 1568 21992 375521 12628 10419
is_linear=0
shrinkage=0.05


Tree=62
num_leaves=15
num_cat=0
split_feature=22 5 19 19 11 22 13 19 14 22 13 12 8 22
split_gain=0.0186067 0.0826163 0.0800491 0.133807 0.0386295 0.100281 0.0733348 0.0377878 0.0330447 0.0674722 0.0682493 0.0633067 0.0534881 0.0480605
threshold=0.0016829495925761997 0.0074262101172617497 0.0045682879512266581 0.0047360242463574407 0.41254077446040494 0.0023498122824647809 0.94259439711625448 -0.0030056003922866999 -0.065645517769088488 -0.029506454416010127 1.3991018217087772 -0.080217533380277525 0.61313868613138611 -0.025747580640957498
decision_type=2 2 2 2 2 2 2 2 2 2 2 2 2 2
left_child=2 4 8 -4 7 6 -6 -2 9 12 13 -12 -1 -11
right_child=1 -3 3 -5 5 -7 -8 -9 -10 10 11 -13 -14 -15
leaf_value=3.6838611669843148e-05 0.00024566756237491913 -0.00052484884107866089 0.00083574256451674237 8.73285048264764e-05 -0.00016669292674642816 -4.2839605101771933e-05 -0.00089561337138685233 -2.6653565246540651e-06 2.3239370255117043e-06 0.00048613425929210834 7.2437782181548397e-05 0.00068022097683700792 -0.00045048628758237132 3.6974048558701875e-05
leaf_weight=1599 1545 777 755 2845 808 20958 602 167672 203866 667 715 1069 868 5494
leaf_count=1599 1545 777 755 2845 808 20958 602 167672 203866 667 715 1069 868 5494
internal_value=6.84939e-07 -1.06477e-05 1.06904e-05 0.000244476 -8.55956e-06 -7.03109e-05 -0.00047832 -3.96567e-07 6.76154e-06 9.36408e-05 0.000164562 0.000436808 -0.000134737 8.56719e-05
internal_weight=410240 192362 217878 3600 191585 22368 1410 169217 214278 10412 7945 1784 2467 6161
internal_count=410240 192362 217878 3600 191585 22368 1410 169217 214278 10412 7945 1784 2467 6161
is_linear=0
shrinkage=0.05


Tree=63
num_leaves=15
num_cat=0
split_feature=18 19 17 19 10 5 12 7 5 10 14 20 19 19
split_gain=0.0156618 0.0712545 0.0357323 0.0442561 0.0763803 0.0701458 0.0225748 0.0306797 0.0322582 0.0385918 0.0235193 0.0202533 0.0294817 0.0438579
threshold=0.32664331328827995 -0.020707881803070146 0.010531169028910605 -0.00098138163580391269 1.5000000000000002 0.0036986352870528017 -0.048469418041584882 0.12855469565412106 0.006145005137996447 2.5000000000000004 -0.032174946760634641 -0.0060458426126138711 0.011625407696339353 0.014578077773026667
decision_type=2 2 2 2 2 2 2 2 2 2 2 2 2 2
left_child=2 -2 6 4 -4 -6 7 8 -1 -10 -9 -8 -13 -14
right_child=1 -3 3 -5 5 -7 11 10 9 -11 -12 12 13 -15
leaf_value=7.1690482845349288e-05 -0.00044322049297743668 -2.0314960709618259e-05 -0.00010902985730883918 5.5965026995221046e-06 0.00021885883402045087 0.00081814415453626338 -2.3604945595325924e-05 -0.00017755213124754729 0.00060006176200268799 7.4936197181351788e-05 0.00012237812188539666 -8.4619756461919368e-07 0.00012813275782600257 4.7651776632380227e-06
leaf_weight=8343 1037 24628 1015 4303 1499 724 80762 1927 682 718 988 252763 11523 19219
leaf_count=8343 1037 24628 1015 4303 1499 724 80762 1927 682 718 988 252763 11523 19219
internal_value=3.97111e-07 -3.74192e-05 2.92162e-06 0.000110681 0.000250284 0.000414318 7.65435e-07 6.64048e-05 0.000108981 0.000330993 -7.58877e-05 -1.51566e-06 4.77697e-06 5.10096e-05
internal_weight=410131 25665 384466 7541 3238 2223 376925 12658 9743 1400 2915 364267 283505 30742
internal_count=410131 25665 384466 7541 3238 2223 376925 12658 9743 1400 2915 364267 283505 30742
is_linear=0
shrinkage=0.05


Tree=64
num_leaves=15
num_cat=0
split_feature=11 14 13 13 19 19 22 22 21 22 18 22 19 22
split_gain=0.0198895 0.0258724 0.0438984 0.041892 0.0205265 0.0200349 0.0169618 0.0447437 0.0367302 0.0311863 0.0268837 0.0265562 0.0259076 0.0439158
threshold=-1.1375198010472147 -0.068894690065176609 1.2287652354751739 0.91693312097005386 0.0010239299884714506 -0.0048815816298747863 0.030750262930672626 0.033548887810287871 0.0020982807362436018 0.035940183515538189 -0.09474511484586004 0.034711730432517525 0.017869301610982328 0.022426848011473436
decision_type=2 2 2 2 2 2 2 2 2 2 2 2 2 2
left_child=1 2 3 -1 5 -3 12 8 -8 11 -11 -9 13 -2
right_child=6 4 -4 -5 -6 -7 7 9 -10 10 -12 -13 -14 -15
leaf_value=0.00016987398594973146 -6.3140654406954302e-07 -0.00032379976847822262 0.00045100818113330625 -0.00043270208946479156 -0.00032613652409467096 2.8931599062968365e-05 0.00062785012870084588 1.0876031679690054e-05 0.00015013102722709863 0.00040986926614334953 2.7500006937737004e-05 -0.00034008323906808567 -7.6392553076155563e-05 0.00014156840401391326
leaf_weight=625 381135 569 503 534 1396 1370 524 1176 1727 562 2506 994 11008 5507
leaf_count=625 381135 569 503 534 1396 1370 524 1176 1727 562 2506 994 11008 5507
internal_value=-5.78084e-07 -9.97118e-05 6.14273e-05 -0.000107892 -0.00018001 -7.46911e-05 6.44879e-07 7.51889e-05 0.000261566 -4.94041e-06 9.76536e-05 -0.000149969 -7.59205e-07 1.39433e-06
internal_weight=410136 4997 1662 1159 3335 1939 405139 7489 2251 5238 3068 2170 397650 386642
internal_count=410136 4997 1662 1159 3335 1939 405139 7489 2251 5238 3068 2170 397650 386642
is_linear=0
shrinkage=0.05


Tree=65
num_leaves=15
num_cat=0
split_feature=10 13 14 5 13 14 13 14 12 5 11 11 11 12
split_gain=0.01687 0.0365 0.0746043 0.0517568 0.057347 0.0594951 0.0395515 0.0377947 0.0655736 0.0435666 0.0427592 0.0519652 0.0364001 0.0414499
threshold=2.5000000000000004 0.94259439711625448 -0.054584572885677966 0.0032841767524572252 1.3258309960940868 -0.065645517769088488 0.87841653374848161 -0.04496440756224334 0.0047589560582822496 0.0053911461399841322 0.33368450603976801 -0.24893490798704559 -0.69315592758838906 -0.038760097083665616
decision_type=2 2 2 2 2 2 2 2 2 2 2 2 2 2
left_child=-1 2 6 -3 7 -6 -2 12 -9 10 11 -10 -5 -14
right_child=1 3 -4 4 5 -7 -8 8 9 -11 -12 -13 13 -15
leaf_value=8.24405912545762e-06 0.00031202689056249877 -1.6136085833575005e-05 -1.2964425807392945e-06 -2.2832965230081434e-05 0.00039069031579135565 -6.1706854527573209e-05 -0.00014391376298399195 7.6491177200708561e-06 -0.00042224530244855494 -0.00068089932007118961 -0.00051225528627855553 7.9554174506672002e-05 -0.00028797948581583873 -0.00078741719879987294
leaf_weight=245075 2857 50761 94039 564 836 5516 570 3732 800 595 867 1449 1056 686
leaf_count=245075 2857 50761 94039 564 836 5516 570 3732 800 595 867 1449 1056 686
internal_value=-6.70295e-08 -1.2462e-05 7.05552e-06 -4.09127e-05 -0.000119019 -2.11379e-06 0.000236172 -0.000195181 -0.00014035 -0.000289148 -0.000214149 -9.90511e-05 -0.00037202 -0.000484997
internal_weight=409403 164328 97466 66862 16101 6352 3427 9749 7443 3711 3116 2249 2306 1742
internal_count=409403 164328 97466 66862 16101 6352 3427 9749 7443 3711 3116 2249 2306 1742
is_linear=0
shrinkage=0.05


Tree=66
num_leaves=15
num_cat=0
split_feature=19 22 17 19 5 14 19 17 19 22 11 22 19 19
split_gain=0.0163622 0.0390299 0.0535296 0.024834 0.0266094 0.0258291 0.0246058 0.0323869 0.0234323 0.0537611 0.0919864 0.0815693 0.0623266 0.0796784
threshold=-0.037379997386896562 -0.040136251687286566 -0.0017101350987022144 -0.028811006006034808 0.0051172428532807327 -0.058475270224890623 -0.025671841720712293 0.0041658118327080338 -0.020707881803070146 -0.024607092819337036 -0.45162330976360388 -0.023533481021522692 -0.019340890612886571 -0.015750767264155471
decision_type=2 2 2 2 2 2 2 2 2 2 2 2 2 2
left_child=-1 2 -2 4 5 -3 7 -5 -8 10 -10 -11 -13 -14
right_child=1 3 -4 6 -6 -7 8 -9 9 11 -12 12 13 -15
leaf_value=-0.00014704127461171983 0.00066032238517391042 -0.0005393451469057921 6.3877506783718464e-05 0.00030819819983939989 0.00014122258781029204 -0.00012750343239853197 -0.00012895108159082392 -0.00016045735524436141 0.00046203327410733301 -0.00024596419650411679 3.7242047014730515e-05 0.00043676225290099159 -0.00016402341855093058 2.2095627117312134e-06
leaf_weight=1896 516 561 1382 1359 540 1183 3536 505 1662 3400 5455 814 7347 379763
leaf_count=1896 516 561 1382 1359 540 1183 3536 505 1662 3400 5455 814 7347 379763
internal_value=-5.37093e-07 1.44041e-07 0.000226292 -9.13404e-07 -0.000165284 -0.000260215 1.66337e-08 0.000181211 -8.24027e-07 3.13369e-07 0.000136493 -2.16366e-06 -2.62176e-08 -9.45805e-07
internal_weight=409919 408023 1898 406125 2284 1744 403841 1864 401977 398441 7117 391324 387924 387110
internal_count=409919 408023 1898 406125 2284 1744 403841 1864 401977 398441 7117 391324 387924 387110
is_linear=0
shrinkage=0.05


Tree=67
num_leaves=15
num_cat=0
split_feature=11 14 13 13 19 14 13 19 4 10 19 14 12 21
split_gain=0.015129 0.0291887 0.0424354 0.0429554 0.0196332 0.0193807 0.015609 0.0660423 0.0752163 0.0666661 0.0764711 0.0644296 0.0523743 0.0379303
threshold=-1.1375198010472147 -0.068894690065176609 1.2287652354751739 0.91693312097005386 0.0010239299884714506 -0.047904824685893126 1.2657445772100477 -0.006586067676855766 0.0039743307144292682 2.5000000000000004 -0.015750767264155471 -0.058475270224890623 -0.05615145605568133 0.2389593450372747
decision_type=2 2 2 2 2 2 2 2 2 2 2 2 2 2
left_child=1 2 3 -1 5 -3 -2 8 13 10 -10 12 -9 -8
right_child=6 4 -4 -5 -6 -7 7 11 9 -11 -12 -13 -14 -15
leaf_value=0.00018016582501840118 5.1373668398355258e-06 -0.00027992924228777073 0.00046211641559506774 -0.00042387152903487074 -0.00031805651348490276 4.8416853160893704e-05 5.3305527106702272e-05 -7.9032665155799592e-05 0.0002110939425772992 4.3401903073034755e-05 0.00097563187373945278 -4.7738171157365925e-05 -0.0006602408382804123 -0.00013922857625135279
leaf_weight=679 349629 704 512 518 1365 1239 12354 757 734 1252 590 35822 794 3225
leaf_count=679 349629 704 512 518 1365 1239 12354 757 734 1252 590 35822 794 3225
internal_value=1.57589e-07 -8.61278e-05 8.16311e-05 -8.13661e-05 -0.000172795 -7.06344e-05 1.22626e-06 -2.33995e-05 5.48344e-05 0.000305058 0.000552266 -6.14043e-05 -0.000376803 1.34428e-05
internal_weight=410174 5017 1709 1197 3308 1943 405157 55528 18155 2576 1324 37373 1551 15579
internal_count=410174 5017 1709 1197 3308 1943 405157 55528 18155 2576 1324 37373 1551 15579
is_linear=0
shrinkage=0.05


Tree=68
num_leaves=15
num_cat=0
split_feature=22 19 19 21 20 9 10 22 11 22 19 17 13 22
split_gain=0.0165063 0.0398089 0.0404538 0.0313046 0.030137 0.0243307 0.0235315 0.023002 0.0821792 0.069376 0.0845965 0.0650387 0.063232 0.0403195
threshold=-0.047596385518319843 -0.032174949540690993 -0.028811006006034808 -0.068596194582046896 -0.0077157718708815151 0.48076923076923078 2.5000000000000004 -0.024607092819337036 -0.64256544673911176 -0.022469593315682154 -0.019340890612886571 -0.00035582388210803057 0.93333333333333646 -0.014847204805669976
decision_type=2 2 2 2 2 2 2 2 2 2 2 2 2 2
left_child=6 3 4 -2 -3 -5 -1 8 -4 10 -9 -10 -12 -11
right_child=1 2 7 5 -6 -7 -8 9 11 13 12 -13 -14 -15
leaf_value=6.8335249244267832e-05 0.00054222571941130453 9.5882988000032889e-05 0.0005178755869190483 0.00031170614264177993 -0.00035181683032744978 -0.00011879871289497916 -0.0002917178848484162 0.00021413944321936802 0.00016544772953979778 5.8085468960418598e-05 -0.0005100592719443248 -7.3735520815648893e-05 -0.00012619676936214563 -3.667470892912913e-06
leaf_weight=756 562 515 935 655 1387 656 1133 1122 5046 28539 1716 6505 2862 357972
leaf_count=756 562 515 935 655 1387 656 1133 1122 5046 28539 1716 6505 2862 357972
internal_value=-2.38547e-07 4.43573e-07 -6.16119e-07 0.000230364 -0.000230608 9.63632e-05 -0.00014766 4.65365e-07 6.72718e-05 -1.66158e-06 -0.00017481 3.07558e-05 -0.000270162 8.92349e-07
internal_weight=410361 408472 406599 1873 1902 1311 1889 404697 12486 392211 5700 11551 4578 386511
internal_count=410361 408472 406599 1873 1902 1311 1889 404697 12486 392211 5700 11551 4578 386511
is_linear=0
shrinkage=0.05


Tree=69
num_leaves=15
num_cat=0
split_feature=22 22 17 5 14 5 22 22 22 10 10 12 17 10
split_gain=0.0158116 0.104865 0.123053 0.059709 0.0390974 0.0305246 0.0396452 0.0597811 0.0858446 0.223853 0.05385 0.0446031 0.0414475 0.0724813
threshold=0.0014908918336350443 0.0014044104034969254 0.00076219227737794892 0.0074262101172617497 -0.0061216638721330865 0.0041894829508246651 -0.0084369770417030959 -0.0072710932400419917 -0.007531087482836373 2.5000000000000004 1.0000000180025095e-35 0.023105624516841176 0.0016630876788668039 3.5000000000000004
decision_type=2 2 2 2 2 2 2 2 2 2 2 2 2 2
left_child=1 5 -3 -2 -4 6 -1 8 12 -10 -9 -12 -8 -14
right_child=3 2 4 -5 -6 -7 7 10 9 -11 11 -13 13 -15
leaf_value=-2.7094542656124719e-05 -8.316463569962095e-06 0.0010533560472794079 -0.00019770954071507386 -0.00044947825476350322 0.00041224667897232417 6.2184610541205306e-05 -1.4365174968590227e-05 8.3352072784363928e-05 0.0010262995554555334 -0.00016860548813022843 -1.7551226602377137e-05 0.00014693336990093114 0.00040948095800515837 -0.00017616459813412611
leaf_weight=78519 195625 511 524 769 525 22126 4828 19474 853 724 79115 4347 1777 751
leaf_count=78519 195625 511 524 769 525 22126 4828 19474 853 724 79115 4347 1777 751
internal_value=1.99384e-07 9.59877e-06 0.000417913 -1.00462e-05 0.000107661 6.5995e-06 1.39369e-07 1.92545e-05 0.000143321 0.00047796 8.4864e-06 -8.98262e-06 7.15253e-05 0.000235501
internal_weight=410468 214074 1560 196394 1049 212514 190388 111869 8933 1577 102936 83462 7356 2528
internal_count=410468 214074 1560 196394 1049 212514 190388 111869 8933 1577 102936 83462 7356 2528
is_linear=0
shrinkage=0.05


Tree=70
num_leaves=15
num_cat=0
split_feature=14 13 20 22 20 22 10 10 22 8 13 13 10 13
split_gain=0.0144259 0.0626528 0.0220606 0.0640857 0.0194451 0.0377818 0.0295244 0.0240225 0.018731 0.0183507 0.0179306 0.016998 0.0235092 0.0317435
threshold=0.052929873191470918 1.0653852440413338 0.0042095480399406702 -0.0022791154993747616 -0.00030473318284535139 0.0073409108528471609 2.5000000000000004 1.0000000180025095e-35 -0.0087054012988811973 0.30753745053130849 0.98982610880385813 1.7306976072852798 2.5000000000000004 1.3496550505998457
decision_type=2 2 2 2 2 2 2 2 2 2 2 2 2 2
left_child=-1 2 8 -4 5 6 -3 -6 -2 -10 -5 12 -9 -14
right_child=1 4 3 10 7 -7 -8 11 9 -11 -12 -13 13 -15
leaf_value=-2.3326479629164207e-06 -0.00014419586965453736 -0.00012035254970513179 0.00055851452407135443 4.5469229424080294e-05 -0.00024429815847757844 -8.1942665288075843e-06 -0.00050261614956925965 0.0002228655892900936 0.00017645217687488281 2.9535556725620097e-05 0.00034041191087293339 -0.00017097099894449049 -0.00017746653946182014 0.00017297015859393932
leaf_weight=384878 980 1122 961 2895 829 2726 919 1791 3448 5540 626 770 1373 1219
leaf_count=384878 980 1122 961 2895 829 2726 919 1791 3448 5540 626 770 1373 1219
internal_value=6.6987e-08 3.67166e-05 0.000104712 0.000196834 -5.46916e-05 -0.000130014 -0.000292636 5.34407e-06 6.32745e-05 8.59095e-05 9.7989e-05 4.55454e-05 8.36131e-05 -1.26554e-05
internal_weight=410077 25199 14450 4482 10749 4767 2041 5982 9968 8988 3521 5153 4383 2592
internal_count=410077 25199 14450 4482 10749 4767 2041 5982 9968 8988 3521 5153 4383 2592
is_linear=0
shrinkage=0.05


Tree=71
num_leaves=15
num_cat=0
split_feature=11 6 10 22 22 21 22 10 11 22 22 22 14 14
split_gain=0.0159134 0.0245227 0.0187007 0.0168799 0.0379081 0.0324587 0.0304813 0.0311648 0.0224264 0.0202275 0.019538 0.0972061 0.108556 0.089333
threshold=-1.1375198010472147 2.5555026923441591 3.5000000000000004 0.030750262930672626 0.033548887810287871 0.0020982807362436018 0.035940183515538189 2.5000000000000004 0.12875014424573944 0.034711730432517525 0.0014908918336350443 0.0014044104034969254 0.0020530128049134348 -0.063250778585040954
decision_type=2 2 2 2 2 2 2 2 2 2 2 2 2 2
left_child=1 2 -1 10 5 -5 9 -8 -7 -6 11 -2 -13 -12
right_child=3 -3 -4 4 6 8 7 -9 -10 -11 13 12 -14 -15
leaf_value=-0.0001072177110366117 7.0314159300549675e-06 0.00010176478937149617 -0.00042711263686830256 0.00058860240857481745 -8.5782271440592454e-07 -5.0411166649575117e-06 -0.00016410213493862265 0.00019744873482551968 0.00036364047408178049 -0.00031330705087688661 -0.00035967570793630382 0.00010434481952163171 0.00098453317595484347 -8.7996027261927944e-06
leaf_weight=3245 209293 1268 531 530 1109 1039 811 2241 683 971 1831 1034 529 184940
leaf_count=3245 209293 1268 531 530 1109 1039 811 2241 683 971 1831 1034 529 184940
internal_value=-1.73235e-07 -8.84268e-05 -0.000152304 9.26089e-07 7.58264e-05 0.000246798 7.68068e-07 0.000101352 0.000141316 -0.000146798 -4.65009e-07 9.96615e-06 0.000402685 -1.22413e-05
internal_weight=410055 5044 3776 405011 7384 2252 5132 3052 1722 2080 397627 210856 1563 186771
internal_count=410055 5044 3776 405011 7384 2252 5132 3052 1722 2080 397627 210856 1563 186771
is_linear=0
shrinkage=0.05


Tree=72
num_leaves=15
num_cat=0
split_feature=14 19 11 11 11 11 12 19 19 20 19 14 19 19
split_gain=0.0147343 0.0452511 0.0270878 0.0445213 0.0346675 0.0278557 0.0224306 0.0198074 0.048731 0.0253756 0.0272967 0.0268447 0.0234967 0.0206854
threshold=0.052929873191470918 -0.014104876731511116 0.50494705821397667 0.48667386917971905 -0.24027364507739477 0.64443955821602816 0.033147727115753874 0.015996845199533486 0.012513900338163688 0.0042865056579609604 0.0032210678650139717 0.086964094139310846 0.00091289866929344942 0.0085310527010515908
decision_type=2 2 2 2 2 2 2 2 2 2 2 2 2 2
left_child=-1 -2 3 4 -3 6 -4 8 9 10 11 -6 -11 -14
right_child=1 2 5 -5 7 -7 -8 -9 -10 12 -12 -13 13 -15
leaf_value=-1.7770003483067236e-06 0.00049701965459375758 -0.00013673003120548286 -6.9393494949289823e-05 0.00049682104203180853 -1.7731967033701739e-05 1.5870157439630795e-07 -0.000439019548309591 0.00019076440190692192 -0.00040514147542420638 0.00034188908413328232 9.9106176912886639e-05 -0.00037505171008420167 -5.3557197328885371e-05 0.00026381684025672205
leaf_weight=385219 524 2197 942 571 2316 6038 727 2999 567 1371 4159 679 1254 868
leaf_count=385219 524 2197 942 571 2316 6038 727 2999 567 1371 4159 679 1254 868
internal_value=6.46663e-07 3.76769e-05 2.79076e-05 6.31903e-05 4.80724e-05 -4.98295e-05 -0.000230565 7.66462e-05 4.61128e-05 7.01799e-05 1.6235e-05 -9.88385e-05 0.000180628 7.63272e-05
internal_weight=410431 25212 24688 16981 16410 7707 1669 14213 11214 10647 7154 2995 3493 2122
internal_count=410431 25212 24688 16981 16410 7707 1669 14213 11214 10647 7154 2995 3493 2122
is_linear=0
shrinkage=0.05


Tree=73
num_leaves=15
num_cat=0
split_feature=18 22 20 22 11 22 22 22 10 11 4 5 5 14
split_gain=0.0149181 0.0632653 0.0279699 0.0692025 0.0918966 0.0481199 0.106494 0.120166 0.0495671 0.0473088 0.046428 0.0395544 0.0353001 0.0305275
threshold=0.31962647753075052 -0.029506454416010127 0.0086550038635480071 0.0080243894576255154 -0.14728292058119707 -0.026534696288983469 -0.018016745319459068 -0.020099449415480638 1.5000000000000002 0.49324309266412864 0.0024933102575332173 0.0029736992033313381 0.0032082288257284709 0.020042353293924123
decision_type=2 2 2 2 2 2 2 2 2 2 2 2 2 2
left_child=2 -2 -1 5 11 -4 7 8 -7 13 -9 -5 -10 -6
right_child=1 -3 3 4 9 6 -8 10 12 -11 -12 -13 -14 -15
leaf_value=-1.440623917940713e-06 -0.00047407240082091056 -2.219912118697925e-05 -0.00013928243729516992 -0.00015654442062147675 -5.9127599209647807e-05 -0.00015882744627199129 6.9640295698710679e-05 0.00050797663745543104 8.9407729251825274e-05 -0.00030433500389318708 0.0011253545335016613 -0.00052404230413113418 0.00066256590435985062 0.00015651318364358653
leaf_weight=347860 797 26411 2033 2210 2573 828 18767 749 580 910 516 1095 500 4529
leaf_count=347860 797 26411 2033 2210 2573 828 18767 749 580 910 516 1095 500 4529
internal_value=3.21777e-07 -3.54527e-05 2.86226e-06 4.52754e-05 -5.66274e-05 9.33813e-05 0.000114946 0.000382802 0.000132123 3.48884e-05 0.000760498 -0.000278424 0.000355126 7.83909e-05
internal_weight=410358 27208 383150 35290 11317 23973 21940 3173 1908 8012 1265 3305 1080 7102
internal_count=410358 27208 383150 35290 11317 23973 21940 3173 1908 8012 1265 3305 1080 7102
is_linear=0
shrinkage=0.05


Tree=74
num_leaves=15
num_cat=0
split_feature=7 19 17 12 13 5 10 13 14 19 10 5 19 21
split_gain=0.0143533 0.0595398 0.0356522 0.0296533 0.0244651 0.0240275 0.0345003 0.029189 0.02305 0.0890179 0.0245677 0.0416532 0.0542319 0.0716003
threshold=0.16800685047998704 -0.020707881803070146 0.010531169028910605 -0.048469418041584882 1.3390948455133977 0.006145005137996447 2.5000000000000004 0.82932804107529734 -0.082294382993790868 -0.0062834923244681753 2.5000000000000004 0.0031835617214774569 -0.0030056003922866999 -0.31782671475944274
decision_type=2 2 2 2 2 2 2 2 2 2 2 2 2 2
left_child=2 -2 3 5 -4 7 -7 -1 9 -5 -10 -12 13 -13
right_child=1 -3 4 8 -6 6 -8 -9 10 -11 11 12 -14 -15
leaf_value=0.00025092017486814358 -0.00026163889944112782 -1.1146122401021281e-05 9.5505878354051359e-05 0.00019214415487610811 0.00043011326952546372 0.00050843505680028193 3.6873580321550069e-05 1.345739592626379e-05 1.2361816457962001e-05 -0.00045784728898859542 -2.6456742329262606e-06 0.00043448679740790358 -0.00013309985987798543 -2.7798977601356004e-05
leaf_weight=1556 2441 83034 4347 960 624 754 798 7665 185942 1165 98639 963 14923 6387
leaf_count=1556 2441 83034 4347 960 624 754 798 7665 185942 1165 98639 963 14923 6387
internal_value=-7.28303e-08 -1.83027e-05 4.72575e-06 2.65982e-06 0.000137587 8.42006e-05 0.00026615 5.3551e-05 -1.83482e-07 -0.000164252 9.53242e-07 -1.65912e-05 -7.83477e-05 3.28208e-05
internal_weight=410198 85475 324723 319752 4971 10773 1552 9221 308979 2125 306854 120912 22273 7350
internal_count=410198 85475 324723 319752 4971 10773 1552 9221 308979 2125 306854 120912 22273 7350
is_linear=0
shrinkage=0.05


Tree=75
num_leaves=15
num_cat=0
split_feature=18 19 20 22 22 11 10 22 22 19 5 22 5 22
split_gain=0.0147467 0.0579822 0.0401492 0.0571645 0.186065 0.035622 0.0335783 0.0353664 0.05978 0.0481712 0.0424789 0.0318662 0.0306131 0.0284569
threshold=0.22869298693388479 -0.020707881803070146 0.0087917725108099826 -0.01747090866620293 -0.020099449415480638 -0.64256544673911176 3.5000000000000004 0.0080243894576255154 0.027784614156541102 0.0026439530182617026 0.0031606288415728773 0.018218092413134105 0.0026658808392875759 -0.024607092819337036
decision_type=2 2 2 2 2 2 2 2 2 2 2 2 2 2
left_child=2 -2 -1 4 5 -4 7 9 10 -5 -9 -12 -6 -3
right_child=1 13 3 6 12 -7 -8 8 -10 -11 11 -13 -14 -15
leaf_value=-8.1250495625405899e-07 -0.00029585073223800076 0.00020420487473943625 0.00037937655037174932 -7.5776192267777763e-06 0.00052427257545836824 -6.8663959298166541e-05 0.00015354787828241441 -9.5031745750510382e-05 0.00022689013944085409 0.00026050251752216626 -0.00017678089697582413 -0.000711943151382321 0.0010623340482948356 -2.0234947576378023e-05
leaf_weight=329797 1891 1449 559 6931 512 2134 4420 3415 1109 2209 545 569 554 54326
leaf_count=329797 1891 1449 559 6931 512 2134 4420 3415 1109 2209 545 569 554 54326
internal_value=-1.93974e-07 -2.36349e-05 3.63806e-06 6.75716e-05 0.000245851 2.44444e-05 3.26531e-05 -3.51362e-06 -0.000101988 5.72347e-05 -0.000182552 -0.00045052 0.000804637 -1.44006e-05
internal_weight=410420 57666 352754 22957 3759 2693 19198 14778 5638 9140 4529 1114 1066 55775
internal_count=410420 57666 352754 22957 3759 2693 19198 14778 5638 9140 4529 1114 1066 55775
is_linear=0
shrinkage=0.05


Tree=76
num_leaves=15
num_cat=0
split_feature=16 13 12 11 12 19 11 11 11 12 22 22 19 19
split_gain=0.0139907 0.0241441 0.0224854 0.0335285 0.0322394 0.0240928 0.0231361 0.0341937 0.0229995 0.0191043 0.017979 0.0770165 0.128824 0.0987485
threshold=0.81250000000000011 0.35469189182646699 0.059511364278604602 -0.41898029581963409 0.072593329313946478 0.022949393546184641 0.17898905315034844 -0.0076466250743296065 0.4334068288995489 0.051283632231542427 -0.014847204805669976 -0.0097023778574893398 -0.00082124896432889105 -0.0041530809849009689
decision_type=2 2 2 2 2 2 2 2 2 2 2 2 2 2
left_child=2 -2 10 -4 -5 6 7 -6 -8 -3 -1 12 13 -12
right_child=1 9 3 4 5 -7 8 -9 -10 -11 11 -13 -14 -15
leaf_value=3.5197806083370282e-05 0.00027369410905739235 -1.3325210227271637e-05 -0.00017977626070935513 0.00030997792484096734 0.00016322521381610954 -0.00016795200787358847 0.00053407492085977889 -0.00032445751123057063 8.0729213638247927e-05 -0.00012902761105545465 -0.00010816859535733706 7.4862867835467257e-06 -0.00082659231340215212 0.00019597076613365146
leaf_weight=38607 717 106797 936 1912 1158 899 554 520 565 3690 20427 229847 573 3069
leaf_count=38607 717 106797 936 1912 1158 899 554 520 565 3690 20427 229847 573 3069
internal_value=-1.70839e-07 -1.53126e-05 5.45944e-06 9.71154e-05 0.000143354 5.70958e-05 0.000129464 1.19927e-05 0.00030545 -1.71905e-05 3.40869e-06 -1.42485e-06 -8.65186e-05 -6.84359e-05
internal_weight=410271 111204 299067 6544 5608 3696 2797 1678 1119 110487 292523 253916 24069 23496
internal_count=410271 111204 299067 6544 5608 3696 2797 1678 1119 110487 292523 253916 24069 23496
is_linear=0
shrinkage=0.05


Tree=77
num_leaves=15
num_cat=0
split_feature=19 19 18 19 20 22 11 22 19 11 17 22 20 19
split_gain=0.0146011 0.0357604 0.0695449 0.0351688 0.0265561 0.0228172 0.075904 0.0660392 0.0784862 0.0540962 0.0531179 0.0371776 0.0346972 0.0327212
threshold=-0.037379997386896562 -0.032174949540690993 -0.0022576308078804956 -0.028811006006034808 -0.0077157718708815151 -0.024607092819337036 -0.6683000586672263 -0.022469593315682154 -0.019340890612886571 -0.017454673751945884 -0.00035582388210803057 -0.024060311187700963 0.006814387823272928 -0.011619743008824955
decision_type=2 2 2 2 2 2 2 2 2 2 2 2 2 2
left_child=-1 2 -2 4 -3 6 -5 8 -7 12 -8 -11 -10 -9
right_child=1 3 -4 5 -6 7 10 13 9 11 -12 -13 -14 -15
leaf_value=-0.00013760367669132461 0.00059325092645315521 9.4664705785073479e-05 -2.8863160399030078e-05 0.00051431447114137102 -0.00032559963032481587 0.00020044056296543715 0.00015373131210904599 5.9114643508816333e-05 8.6389102890219743e-05 -0.00067791608622092816 -6.0669974030463149e-05 -0.00027919040120735278 -0.00039346212025251196 -2.5150697932698586e-06
leaf_weight=1914 745 512 1129 881 1409 1133 5144 22894 1284 863 6587 1817 532 363155
leaf_count=1914 745 512 1129 881 1409 1133 5144 22894 1284 863 6587 1817 532 363155
internal_value=1.36974e-07 7.8334e-07 0.00021864 -2.22247e-07 -0.000213597 7.92135e-07 6.69848e-05 -1.33943e-06 -0.000171349 -0.000265064 3.33493e-05 -0.000407791 -5.43232e-05 1.13992e-06
internal_weight=409999 408085 1874 406211 1921 404290 12612 391678 5629 4496 11731 2680 1816 386049
internal_count=409999 408085 1874 406211 1921 404290 12612 391678 5629 4496 11731 2680 1816 386049
is_linear=0
shrinkage=0.05


Tree=78
num_leaves=15
num_cat=0
split_feature=22 19 19 19 22 17 19 19 22 22 10 22 22 13
split_gain=0.0138495 0.11512 0.0796028 0.217503 0.0767125 0.102533 0.0747548 0.260637 0.112339 0.0623992 0.233223 0.0571731 0.104141 0.0958023
threshold=-0.0097023778574893398 -0.00082124896432889105 -0.0041530809849009689 -0.0047378682830713217 -0.011470086718440129 -0.0026485011584069236 -0.011357258456344608 -0.010193857073352129 -0.004723452200412869 -0.012759641799182929 3.5000000000000004 -0.0042958986194108753 -0.0044655575481649659 0.76098955617359054
decision_type=2 2 2 2 2 2 2 2 2 2 2 2 2 2
left_child=1 2 3 9 -4 -6 -2 -8 -9 -1 -11 12 -10 -14
right_child=6 -3 4 -5 5 -7 7 8 11 10 -12 -13 13 -15
leaf_value=8.1431462758457178e-06 0.00037474877740892201 -0.00062423057726067798 -1.886864153796023e-05 -0.00070077895500811772 0.00101862827837085 0.00021560129745584993 -0.00064639141706965037 8.734908625838022e-05 -1.7135614426315122e-05 -0.0001846040129191119 0.00032542225390382702 -2.2865665836261092e-06 -0.0001667166218223393 -0.0009630256434350541
leaf_weight=61904 1352 777 2281 1172 505 1858 1540 37029 3287 13750 2677 280127 862 672
leaf_count=61904 1352 777 2281 1172 505 1858 1540 37029 3287 13750 2677 280127 862 672
internal_value=-8.31602e-07 -1.88096e-05 -1.32118e-05 -2.49663e-05 0.000187981 0.000387576 3.86806e-06 2.31697e-06 5.42171e-06 -1.48459e-05 -0.000101474 -5.22503e-06 -0.00017593 -0.000515956
internal_weight=409793 84924 84147 79503 4644 2363 324869 323517 321977 78331 16427 284948 4821 1534
internal_count=409793 84924 84147 79503 4644 2363 324869 323517 321977 78331 16427 284948 4821 1534
is_linear=0
shrinkage=0.05


Tree=79
num_leaves=15
num_cat=0
split_feature=18 14 9 20 11 13 18 12 14 13 4 11 12 14
split_gain=0.0127869 0.0279178 0.0257551 0.0233878 0.0220581 0.0191835 0.0190308 0.0185162 0.0201585 0.0273329 0.0251524 0.0235172 0.0353401 0.045254
threshold=-0.3560753207078326 -0.027925461567671336 0.41666666666666669 -0.0060458426126138711 2.4642446011185961 0.37462773455825144 -0.67031864403847574 -0.05615145605568133 0.04514388719206653 0.7184177414863453 0.0019854955523693086 -0.045547728071418325 -0.022519433956932563 -0.065645517769088488
decision_type=2 2 2 2 2 2 2 2 2 2 2 2 2 2
left_child=1 2 -1 5 -5 -2 -3 -7 10 -10 -9 12 -12 -14
right_child=3 6 -4 4 -6 7 -8 8 9 -11 11 -13 13 -15
leaf_value=0.00036302349689716065 0.00020326710742677958 -0.00010757638391177812 7.8222136140380691e-05 4.3613268917483929e-06 -0.0002138797559031666 0.0001277352165336381 3.1187712072700911e-05 -1.904860181789445e-05 0.00024599484000554578 -1.618981440894336e-05 0.00014773787142502957 -0.00014047521727592269 -0.00046371978889455512 -4.7358635332280393e-05
leaf_weight=1093 872 2871 2896 320496 1161 1747 17688 34634 1411 3358 2104 10713 706 8489
leaf_count=1093 872 2871 2896 320496 1161 1747 17688 34634 1411 3358 2104 10713 706 8489
internal_value=3.06409e-07 3.52958e-05 0.00015633 -1.92064e-06 3.57294e-06 -2.95157e-05 1.18055e-05 -3.27326e-05 -3.72993e-05 6.14178e-05 -4.56112e-05 -8.74024e-05 -3.7074e-05 -7.93742e-05
internal_weight=410239 24548 3989 385691 321657 64034 20559 63162 61415 4769 56646 22012 11299 9195
internal_count=410239 24548 3989 385691 321657 64034 20559 63162 61415 4769 56646 22012 11299 9195
is_linear=0
shrinkage=0.05


end of trees

feature_importances:
qqq_prior_ret=296
spy_prior_ret=214
gap=92
prior_range_atr=78
dow=77
dist_ma5=76
qqq_from_open=73
rv_36=57
spy_from_open=37
spy_vwap_dist=31
prior_ret=29
qqq_vwap_dist=26
rv_12=14
tod=9
session_pos=5
vwap_dist=3
ret_12=1
rvol=1
xs_rank_vwap=1

parameters:
[boosting: gbdt]
[objective: regression]
[metric: l2]
[tree_learner: serial]
[device_type: cpu]
[data_sample_strategy: bagging]
[data: ]
[valid: ]
[num_iterations: 80]
[learning_rate: 0.05]
[num_leaves: 15]
[num_threads: 4]
[seed: 21]
[deterministic: 0]
[force_col_wise: 1]
[force_row_wise: 0]
[histogram_pool_size: -1]
[max_depth: -1]
[min_data_in_leaf: 500]
[min_sum_hessian_in_leaf: 0.001]
[bagging_fraction: 0.8]
[pos_bagging_fraction: 1]
[neg_bagging_fraction: 1]
[bagging_freq: 1]
[bagging_seed: 21]
[bagging_by_query: 0]
[feature_fraction: 0.8]
[feature_fraction_bynode: 1]
[feature_fraction_seed: 21]
[extra_trees: 0]
[extra_seed: 28722]
[early_stopping_round: 0]
[early_stopping_min_delta: 0]
[first_metric_only: 0]
[max_delta_step: 0]
[lambda_l1: 0]
[lambda_l2: 1]
[linear_lambda: 0]
[min_gain_to_split: 0]
[drop_rate: 0.1]
[max_drop: 50]
[skip_drop: 0.5]
[xgboost_dart_mode: 0]
[uniform_drop: 0]
[drop_seed: 3169]
[top_rate: 0.2]
[other_rate: 0.1]
[min_data_per_group: 100]
[max_cat_threshold: 32]
[cat_l2: 10]
[cat_smooth: 10]
[max_cat_to_onehot: 4]
[top_k: 20]
[monotone_constraints: ]
[monotone_constraints_method: basic]
[monotone_penalty: 0]
[feature_contri: ]
[forcedsplits_filename: ]
[refit_decay_rate: 0.9]
[cegb_tradeoff: 1]
[cegb_penalty_split: 0]
[cegb_penalty_feature_lazy: ]
[cegb_penalty_feature_coupled: ]
[path_smooth: 0]
[interaction_constraints: ]
[verbosity: -1]
[saved_feature_importance_type: 0]
[use_quantized_grad: 0]
[num_grad_quant_bins: 4]
[quant_train_renew_leaf: 0]
[stochastic_rounding: 1]
[linear_tree: 0]
[max_bin: 255]
[max_bin_by_feature: ]
[min_data_in_bin: 3]
[bin_construct_sample_cnt: 200000]
[data_random_seed: 107]
[is_enable_sparse: 1]
[enable_bundle: 1]
[use_missing: 1]
[zero_as_missing: 0]
[feature_pre_filter: 1]
[pre_partition: 0]
[two_round: 0]
[header: 0]
[label_column: ]
[weight_column: ]
[group_column: ]
[ignore_column: ]
[categorical_feature: ]
[forcedbins_filename: ]
[precise_float_parser: 0]
[parser_config_file: ]
[objective_seed: 28853]
[num_class: 1]
[is_unbalance: 0]
[scale_pos_weight: 1]
[sigmoid: 1]
[boost_from_average: 1]
[reg_sqrt: 0]
[alpha: 0.9]
[fair_c: 1]
[poisson_max_delta_step: 0.7]
[tweedie_variance_power: 1.5]
[lambdarank_truncation_level: 30]
[lambdarank_norm: 1]
[label_gain: ]
[lambdarank_position_bias_regularization: 0]
[eval_at: ]
[multi_error_top_k: 1]
[auc_mu_weights: ]
[num_machines: 1]
[local_listen_port: 12400]
[time_out: 120]
[machine_list_filename: ]
[machines: ]
[gpu_platform_id: -1]
[gpu_device_id: -1]
[gpu_device_id_list: ]
[gpu_use_dp: 0]
[num_gpu: 1]

end of parameters

pandas_categorical:null
